*Action(SiteID=UK|Country=GB|Currency=GBP|Version=1193),*Category,*Title,*Description,*ConditionID,PicURL,*Quantity,*Format,*StartPrice,*Duration,*Location,PostalCode,CustomLabel,Product:EAN,C:Brand,C:Colour,C:Material,C:Type,ShippingProfileName,ReturnProfileName,PaymentProfileName
Add,FILL-candles-and-lanterns,"Set Of Three Wooden Lanterns With Traditional Cross Section","<p>A set of three wooden lanterns in grey with a cross-section cut design, in graduated heights up to 84cm. The set weighs 9kg and takes pillar, tealight or LED candles.</p><ul><li>Dimensions: 31 x 31 x 84 cm</li><li>Material: Wood</li><li>Colour: Grey</li></ul><p>Free UK delivery. Sold by Kaiku.</p>",1000,"https://cdn.sanity.io/images/huh1e45n/production/7c937941aa6b32fba29c77d32d90ad6c00f44299-1800x1800.jpg|https://cdn.sanity.io/images/huh1e45n/production/f8250eb9da4941364243a2dacf6a687c2ff6f495-1800x1800.jpg|https://cdn.sanity.io/images/huh1e45n/production/463db32f5c9eb4c0a26513b9a81ec1c09437af62-1500x1500.jpg",5,FixedPrice,154.00,GTC,Bourne End,SL8 5NF,"KK-CAND-THREE-GRY-001",5050140745991,"Kaiku","Grey","Wood","Candles And Lanterns",FILL-shipping-policy-name,FILL-return-policy-name,FILL-payment-policy-name
Add,FILL-candles-and-lanterns,"Set Of Three Wooden Lanterns With Archway Design","<p>A set of three wooden lanterns in grey with arched cut openings, in graduated heights up to 104cm. The set weighs 11.5kg and takes pillar or tealight candles.</p><ul><li>Dimensions: 31 x 31 x 104 cm</li><li>Material: Wood</li><li>Colour: Grey</li></ul><p>Free UK delivery. Sold by Kaiku.</p>",1000,"https://cdn.sanity.io/images/huh1e45n/production/2da729742cc7692ef3e86d63f9e014d485e1f705-1600x1600.jpg|https://cdn.sanity.io/images/huh1e45n/production/a24ebc426d3546cc8fd84f4a5dafbf31f7260e57-1600x1600.jpg|https://cdn.sanity.io/images/huh1e45n/production/4270bf08cb87366c057af02cd4a05d1c670f105c-1600x1600.jpg|https://cdn.sanity.io/images/huh1e45n/production/24c1208b468c57faadce7abd5cb0ca0452097379-1600x1600.jpg|https://cdn.sanity.io/images/huh1e45n/production/92b0cacd0cb3d871b0d8e03ca7b095552d595de0-1600x1600.jpg|https://cdn.sanity.io/images/huh1e45n/production/173b8996ca2f51b17919741127aa7ba098dc6a27-1600x1600.jpg",5,FixedPrice,185.00,GTC,Bourne End,SL8 5NF,"KK-CAND-THREE-GRY-002",5050140746196,"Kaiku","Grey","Wood","Candles And Lanterns",FILL-shipping-policy-name,FILL-return-policy-name,FILL-payment-policy-name
Add,FILL-vases,"Medium Conran Vase","<p>A ceramic vase in blue, 22 x 22cm at the base and 38cm tall, weighing 3.85kg. For indoor use with fresh or dried flowers.</p><ul><li>Dimensions: 22 x 22 x 38 cm</li><li>Material: Ceramic</li><li>Colour: Blue</li></ul><p>Free UK delivery. Sold by Kaiku.</p>",1000,"https://cdn.sanity.io/images/huh1e45n/production/07095e03a45b4357effb08b90a7212b585be2804-1800x1800.jpg|https://cdn.sanity.io/images/huh1e45n/production/dca69bcd9ef45c664af66b9b38b4c8ccaab7578d-1800x1800.jpg|https://cdn.sanity.io/images/huh1e45n/production/41f13b60ffe7dd71c22be01dc6a6e7b73722c028-1800x1800.jpg",1,FixedPrice,65.00,GTC,Bourne End,SL8 5NF,"KK-VASE-CONRAN-BLU-001",5050140818299,"Kaiku","Blue","Ceramic","Vases",FILL-shipping-policy-name,FILL-return-policy-name,FILL-payment-policy-name
Add,FILL-vases,"Aged Stone Ceramic Vase","<p>A ceramic vase with an aged stone-effect finish in a neutral tone, 29 x 29cm at the base and 30cm tall, weighing 7kg.</p><ul><li>Dimensions: 29 x 29 x 30 cm</li><li>Material: Ceramic</li></ul><p>Free UK delivery. Sold by Kaiku.</p>",1000,"https://cdn.sanity.io/images/huh1e45n/production/ca0ccaff2d38f64bee2c1d1175466953e4c42cd7-1800x1800.jpg|https://cdn.sanity.io/images/huh1e45n/production/e2ff6d4549435f81ea8fa9cd5fdaf5dc82e5f043-1800x1800.jpg|https://cdn.sanity.io/images/huh1e45n/production/8fa8f349557140e4e9fe077cfd0e829033f8441f-1800x1800.jpg|https://cdn.sanity.io/images/huh1e45n/production/df1ecc79a34fde7f2de39e7ad44fafa9fb8e5a9d-1800x1800.jpg|https://cdn.sanity.io/images/huh1e45n/production/b962946937e5861a09a85cab9105bb6659fd62e6-1800x1800.jpg|https://cdn.sanity.io/images/huh1e45n/production/17c6a02daf37fe9844be823daf4468e185730c64-1800x1800.jpg",5,FixedPrice,74.00,GTC,Bourne End,SL8 5NF,"KK-VASE-AGED-001",5050140941799,"Kaiku","","Ceramic","Vases",FILL-shipping-policy-name,FILL-return-policy-name,FILL-payment-policy-name
Add,FILL-vases,"Aged Stone Tall Ceramic Vase","<p>A tall ceramic vase with an aged stone-effect finish, 28 x 28cm at the base and 45cm tall, weighing 7.5kg. For indoor use with fresh or dried flowers.</p><ul><li>Dimensions: 28 x 28 x 45 cm</li><li>Material: Ceramic</li></ul><p>Free UK delivery. Sold by Kaiku.</p>",1000,"https://cdn.sanity.io/images/huh1e45n/production/427a7e56f0f20b7377a4377719634343b5f51d36-1500x1500.jpg|https://cdn.sanity.io/images/huh1e45n/production/da07728ea3fbe0b1388da8392927be1127cda61f-1800x1800.jpg|https://cdn.sanity.io/images/huh1e45n/production/bd0bfa2c543cbf039e4802cb8b999c029ba99bef-1800x1800.jpg|https://cdn.sanity.io/images/huh1e45n/production/595aa9d939d71c7dcd2cf22992ae61b3f5da25da-1800x1800.jpg|https://cdn.sanity.io/images/huh1e45n/production/65172da0fbaecaee8965ef8260ed7adfcf95655a-1800x1800.jpg",5,FixedPrice,92.00,GTC,Bourne End,SL8 5NF,"KK-VASE-AGED-002",5050140941898,"Kaiku","","Ceramic","Vases",FILL-shipping-policy-name,FILL-return-policy-name,FILL-payment-policy-name
Add,FILL-candles-and-lanterns,"Large Conical Ceramic Lattice Hurricane Lantern","<p>A ceramic hurricane lantern in bright white with a cut lattice pattern, 17 x 17cm at the base and 22cm tall, weighing 1.4kg.</p><ul><li>Dimensions: 17 x 17 x 22 cm</li><li>Material: Ceramic</li></ul><p>Free UK delivery. Sold by Kaiku.</p>",1000,"https://cdn.sanity.io/images/huh1e45n/production/bf036ad95ea708c15a63d87e534e5267cb8698b5-1800x1800.jpg|https://cdn.sanity.io/images/huh1e45n/production/17319d21bdc93026209c8739710fd88708d00bb6-1800x1800.jpg|https://cdn.sanity.io/images/huh1e45n/production/5cdf4220c3c2ca99d8d4c8d00493ceda196adcea-1800x1800.jpg",5,FixedPrice,42.00,GTC,Bourne End,SL8 5NF,"KK-CAND-CONICAL-001",5050140942895,"Kaiku","","Ceramic","Candles And Lanterns",FILL-shipping-policy-name,FILL-return-policy-name,FILL-payment-policy-name
Add,FILL-candles-and-lanterns,"Round Ceramic Lattice Hurricane Lantern","<p>A ceramic hurricane lantern with a cut lattice pattern, 17 x 17cm at the base and 11cm tall, weighing 0.65kg.</p><ul><li>Dimensions: 17 x 17 x 11 cm</li><li>Material: Ceramic</li></ul><p>Free UK delivery. Sold by Kaiku.</p>",1000,"https://cdn.sanity.io/images/huh1e45n/production/184e6670dd3e68047b5a4cf9dbae863c1a11c8d0-1500x1500.jpg|https://cdn.sanity.io/images/huh1e45n/production/552a61f2c45d2c3729bfc03e45577d15c8e8598b-1800x1800.jpg|https://cdn.sanity.io/images/huh1e45n/production/2be49dc93366c54018d769e2814d245f215561a0-1800x1800.jpg|https://cdn.sanity.io/images/huh1e45n/production/1df627427771fd5d38ef9a4ab509c921305b3437-1800x1800.jpg",1,FixedPrice,27.00,GTC,Bourne End,SL8 5NF,"KK-CAND-ROUND-001",5050140942994,"Kaiku","","Ceramic","Candles And Lanterns",FILL-shipping-policy-name,FILL-return-policy-name,FILL-payment-policy-name
Add,FILL-vases,"Downton Large Antique White Vase","<p>A large ceramic vase in an antique white finish, 39 x 39cm at the base and 41cm tall, weighing 7.95kg.</p><ul><li>Dimensions: 39 x 39 x 41 cm</li><li>Material: Ceramic</li><li>Colour: White</li></ul><p>Free UK delivery. Sold by Kaiku.</p>",1000,"https://cdn.sanity.io/images/huh1e45n/production/22dbc4ed948f206ffdcc28fa3d2d601e561130d8-1800x1800.jpg|https://cdn.sanity.io/images/huh1e45n/production/bbbb4680484d17dffffc4eddfb7785b4b094fd79-1500x1500.jpg|https://cdn.sanity.io/images/huh1e45n/production/b748b35318595084e5fce5b1581bd960dd1a3ebc-1800x1800.jpg",5,FixedPrice,118.00,GTC,Bourne End,SL8 5NF,"KK-VASE-DOWNTON-001",5050140950197,"Kaiku","White","Ceramic","Vases",FILL-shipping-policy-name,FILL-return-policy-name,FILL-payment-policy-name
Add,FILL-vases,"Garda Glazed Gisela Vase","<p>A ceramic vase in white with a glossy glaze, 18 x 18cm at the base and 51cm tall, weighing 2.5kg.</p><ul><li>Dimensions: 18 x 18 x 51 cm</li><li>Material: Ceramic</li><li>Colour: White</li></ul><p>Free UK delivery. Sold by Kaiku.</p>",1000,"https://cdn.sanity.io/images/huh1e45n/production/a127f7f1c08cf17723e6dd03e5606a4748ba75f5-1600x1600.jpg|https://cdn.sanity.io/images/huh1e45n/production/b8f4e69a560709d4ef6ab20d16b0736465ee0530-1600x1600.jpg|https://cdn.sanity.io/images/huh1e45n/production/510e1670b177d89dbe7c8a5b52e3c6d41028cb28-1600x1600.jpg",5,FixedPrice,65.00,GTC,Bourne End,SL8 5NF,"KK-VASE-GARDA-WHT-001",5050140078280,"Kaiku","White","Ceramic","Vases",FILL-shipping-policy-name,FILL-return-policy-name,FILL-payment-policy-name
Add,FILL-wall-art,"Tristan Mirror And Wood 4X6 Frame","<p>A mirror in a brown wood frame, 24cm wide, 29cm tall and 2cm deep, weighing 0.83kg. The smaller of the two Tristan sizes.</p><ul><li>Dimensions: 2 x 24 x 29 cm</li><li>Material: Mirrored glass, Wood</li><li>Colour: Brown</li></ul><p>Free UK delivery. Sold by Kaiku.</p>",1000,"https://cdn.sanity.io/images/huh1e45n/production/abe154dd219b84a3334f0ca2456f136c9b0bd50c-1500x1500.jpg|https://cdn.sanity.io/images/huh1e45n/production/31ba6e79769781fbe13b25bd716a9ce2180c3f63-1500x1500.jpg",1,FixedPrice,31.00,GTC,Bourne End,SL8 5NF,"KK-MIR-TRISTAN-BRN-001",5050140083680,"Kaiku","Brown","Mirrored glass","Wall Art",FILL-shipping-policy-name,FILL-return-policy-name,FILL-payment-policy-name
Add,FILL-wall-art,"Tristan Mirror And Wood 5X7 Frame","<p>A mirror in a brown wood frame, 26cm wide, 31cm tall and 2cm deep, weighing 1.05kg. The larger of the two Tristan sizes.</p><ul><li>Dimensions: 2 x 26 x 31 cm</li><li>Material: Mirrored glass, Wood</li><li>Colour: Brown</li></ul><p>Free UK delivery. Sold by Kaiku.</p>",1000,"https://cdn.sanity.io/images/huh1e45n/production/a6d81d2e0f575635193d5cc68fdc23504d45bb03-1500x1500.jpg|https://cdn.sanity.io/images/huh1e45n/production/d3c01327568a265aa55740f2593c6258341e3858-1500x1500.jpg|https://cdn.sanity.io/images/huh1e45n/production/b9de8c40da8f16d9452908d016bc08461f7a21b1-1600x1600.jpg",1,FixedPrice,35.00,GTC,Bourne End,SL8 5NF,"KK-MIR-TRISTAN-BRN-002",5050140083789,"Kaiku","Brown","Mirrored glass","Wall Art",FILL-shipping-policy-name,FILL-return-policy-name,FILL-payment-policy-name
Add,FILL-candles-and-lanterns,"Large Frosted Eucalyptus Candle Wreath","<p>A candle wreath of artificial frosted eucalyptus foliage, 33cm across and 8cm deep, weighing 0.13kg. Sits around a standard-sized candle.</p><ul><li>Dimensions: 8 x 33 x 33 cm</li><li>Material: Plastic</li></ul><p>Free UK delivery. Sold by Kaiku.</p>",1000,"https://cdn.sanity.io/images/huh1e45n/production/71e60ff08c887d7ecd9ae9209d9f00c357532f16-1800x1800.jpg|https://cdn.sanity.io/images/huh1e45n/production/3e3148054374e4370041ee84d1d359b1ee4ad20d-1800x1800.jpg|https://cdn.sanity.io/images/huh1e45n/production/ae7f044a35fc47fa6e469f186673759463651fa0-1800x1790.jpg|https://cdn.sanity.io/images/huh1e45n/production/7c39a9b19dce1b862f08e17ef31d2fdb83232821-1800x1739.jpg|https://cdn.sanity.io/images/huh1e45n/production/c426a80f5a29c049c838edf750333255ba5aeb51-1800x1800.jpg",1,FixedPrice,24.00,GTC,Bourne End,SL8 5NF,"KK-CAND-FROSTED-001",5050140118689,"Kaiku","","Plastic","Candles And Lanterns",FILL-shipping-policy-name,FILL-return-policy-name,FILL-payment-policy-name
Add,FILL-candles-and-lanterns,"Luxe Collection Natural Glow S/ 2 Ivory LED Dinner Candles","<p>A pair of flameless LED dinner candles in ivory, 2 x 2cm and 25cm tall, 0.3kg for the set. Battery powered, with a flickering-light effect.</p><ul><li>Dimensions: 2 x 2 x 25 cm</li><li>Material: Plastic</li><li>Colour: White</li></ul><p>Free UK delivery. Sold by Kaiku.</p>",1000,"https://cdn.sanity.io/images/huh1e45n/production/45b34e00b26b29846064e2080454c2aeb76ff808-1800x1800.jpg|https://cdn.sanity.io/images/huh1e45n/production/29d022b60fa40a24e2f3592192d3684734a2d734-1800x1800.jpg|https://cdn.sanity.io/images/huh1e45n/production/16d05fc3194f3ca2ee26b767759a11c39a6359af-1800x1800.jpg",1,FixedPrice,27.00,GTC,Bourne End,SL8 5NF,"KK-CAND-LUXE-WHT-001",5050140124789,"Kaiku","White","Plastic","Candles And Lanterns",FILL-shipping-policy-name,FILL-return-policy-name,FILL-payment-policy-name
Add,FILL-vases,"Large Hammered Silver Astral Vase","<p>A ceramic vase with a hammered silver finish, 40 x 40 x 57cm and 10kg.</p><ul><li>Dimensions: 40 x 40 x 57 cm</li><li>Material: Ceramic</li><li>Colour: Silver</li></ul><p>Free UK delivery. Sold by Kaiku.</p>",1000,"https://cdn.sanity.io/images/huh1e45n/production/407adf4b6f06ce2bfb84c87723f576a89d97427d-1800x1800.jpg|https://cdn.sanity.io/images/huh1e45n/production/8ad4b208e3495f5ff92bca78d4eab4cd091d0326-1800x1800.jpg",5,FixedPrice,207.00,GTC,Bourne End,SL8 5NF,"KK-VASE-HAMMERED-001",5050140171783,"Kaiku","Silver","Ceramic","Vases",FILL-shipping-policy-name,FILL-return-policy-name,FILL-payment-policy-name
Add,FILL-vases,"Hammered Silver Astral Vase","<p>A ceramic vase with a hammered silver finish, the smaller Astral size, 39 x 39 x 38cm and 7kg.</p><ul><li>Dimensions: 39 x 39 x 38 cm</li><li>Material: Ceramic</li><li>Colour: Silver</li></ul><p>Free UK delivery. Sold by Kaiku.</p>",1000,"https://cdn.sanity.io/images/huh1e45n/production/26ca43ebe57ba782b8d06aac4edf10c2ba98b78c-1800x1800.jpg|https://cdn.sanity.io/images/huh1e45n/production/9e28adb2fa396b22b13de67c7869cb0ae894acd0-1800x1800.jpg|https://cdn.sanity.io/images/huh1e45n/production/d736a798760fe3bc2a0f3938487a595855709100-1600x1600.jpg|https://cdn.sanity.io/images/huh1e45n/production/d5e93c57cdc238ab77a014b2180b3fba987ad92c-1600x1600.jpg",5,FixedPrice,145.00,GTC,Bourne End,SL8 5NF,"KK-VASE-HAMMERED-002",5050140171882,"Kaiku","Silver","Ceramic","Vases",FILL-shipping-policy-name,FILL-return-policy-name,FILL-payment-policy-name
Add,FILL-vases,"Garda Grey Glazed Gisela Vase","<p>A tall ceramic vase in grey with a glazed finish, 17 x 17 x 57cm and 3.2kg.</p><ul><li>Dimensions: 17 x 17 x 57 cm</li><li>Material: Ceramic</li><li>Colour: Grey</li></ul><p>Free UK delivery. Sold by Kaiku.</p>",1000,"https://cdn.sanity.io/images/huh1e45n/production/d0f806aef5ba927c9f71afca7856783e5d4f39e3-1600x1600.jpg|https://cdn.sanity.io/images/huh1e45n/production/48d48f32c6e73b23f5a7c89d1e81ba1995bfb1f2-1600x1600.jpg|https://cdn.sanity.io/images/huh1e45n/production/bc0da39537eb7c2b255256cf540cf695a45c092f-1600x1600.jpg|https://cdn.sanity.io/images/huh1e45n/production/84ebd975245c265e9fdc997a4e28c1a17d7e6cda-1600x1600.jpg",5,FixedPrice,65.00,GTC,Bourne End,SL8 5NF,"KK-VASE-GARDA-GRY-001",5050140176184,"Kaiku","Grey","Ceramic","Vases",FILL-shipping-policy-name,FILL-return-policy-name,FILL-payment-policy-name
Add,FILL-vases,"Garda Emerald Glazed Liv Vase","<p>A ceramic vase in green with an emerald glazed finish, 18 x 18 x 28cm and 1.5kg.</p><ul><li>Dimensions: 18 x 18 x 28 cm</li><li>Material: Ceramic</li><li>Colour: Green</li></ul><p>Free UK delivery. Sold by Kaiku.</p>",1000,"https://cdn.sanity.io/images/huh1e45n/production/ab38647537b4784bc2858481306d37bd126584f8-1800x1800.jpg|https://cdn.sanity.io/images/huh1e45n/production/14f140a56b13869636e6cfda1dcf16bfa95d48e9-1800x1800.jpg|https://cdn.sanity.io/images/huh1e45n/production/5cdf4220c3c2ca99d8d4c8d00493ceda196adcea-1800x1800.jpg",5,FixedPrice,40.00,GTC,Bourne End,SL8 5NF,"KK-VASE-GARDA-GRN-001",5050140176689,"Kaiku","Green","Ceramic","Vases",FILL-shipping-policy-name,FILL-return-policy-name,FILL-payment-policy-name
Add,FILL-vases,"Garda Grey Glazed Chive Vase","<p>A cube-shaped ceramic vase in grey with a glazed finish, 23 x 23 x 23cm and 1.6kg.</p><ul><li>Dimensions: 23 x 23 x 23 cm</li><li>Material: Ceramic</li><li>Colour: Grey</li></ul><p>Free UK delivery. Sold by Kaiku.</p>",1000,"https://cdn.sanity.io/images/huh1e45n/production/755d37c8f9f6a993b64afb8fa7c50f8be50c453c-1800x1800.jpg|https://cdn.sanity.io/images/huh1e45n/production/2d45bf7b12bce4f7f96fc4073e83b356ca78ce04-1800x1800.jpg",5,FixedPrice,54.00,GTC,Bourne End,SL8 5NF,"KK-VASE-GARDA-GRY-002",5050140176788,"Kaiku","Grey","Ceramic","Vases",FILL-shipping-policy-name,FILL-return-policy-name,FILL-payment-policy-name
Add,FILL-vases,"Garda Grey Glazed Juniper Vase","<p>A ceramic vase in grey with a glazed finish, 37 x 37 x 37cm and 13kg.</p><ul><li>Dimensions: 37 x 37 x 37 cm</li><li>Material: Ceramic</li><li>Colour: Grey</li></ul><p>Free UK delivery. Sold by Kaiku.</p>",1000,"https://cdn.sanity.io/images/huh1e45n/production/381d671171fd13b0b856378ffd29c16976ba18d4-1800x1800.jpg",5,FixedPrice,149.00,GTC,Bourne End,SL8 5NF,"KK-VASE-GARDA-GRY-003",5050140177280,"Kaiku","Grey","Ceramic","Vases",FILL-shipping-policy-name,FILL-return-policy-name,FILL-payment-policy-name
Add,FILL-vases,"Garda Grey Glazed Tiber Vase","<p>A ceramic vase in grey with a glazed finish, 29 x 29 x 28cm and 7kg.</p><ul><li>Dimensions: 29 x 29 x 28 cm</li><li>Material: Ceramic</li><li>Colour: Grey</li></ul><p>Free UK delivery. Sold by Kaiku.</p>",1000,"https://cdn.sanity.io/images/huh1e45n/production/e5ed6977b3869c81a0b453778ff9c2255f64847f-1800x1800.jpg|https://cdn.sanity.io/images/huh1e45n/production/fb73161c477a878fb72e0fee5212cde7021b0a1d-1800x1800.jpg",5,FixedPrice,83.00,GTC,Bourne End,SL8 5NF,"KK-VASE-GARDA-GRY-004",5050140177587,"Kaiku","Grey","Ceramic","Vases",FILL-shipping-policy-name,FILL-return-policy-name,FILL-payment-policy-name
Add,FILL-candles-and-lanterns,"Sona Large Hurricane Lantern With Lid","<p>A ceramic and glass hurricane lantern with a lid, in white, 21 x 21 x 50cm and 2.7kg.</p><ul><li>Dimensions: 21 x 21 x 50 cm</li><li>Material: Ceramic, Glass</li><li>Colour: White</li></ul><p>Free UK delivery. Sold by Kaiku.</p>",1000,"https://cdn.sanity.io/images/huh1e45n/production/b20146136be09417222d7832a8976d2f67698a40-1600x1600.jpg|https://cdn.sanity.io/images/huh1e45n/production/d99258deee893832458d319b29ad1ec898cfb69e-1600x1600.jpg|https://cdn.sanity.io/images/huh1e45n/production/02826691a0262c7cf48a58ff1baf3a43c07bdc81-1600x1600.jpg|https://cdn.sanity.io/images/huh1e45n/production/cacbf6c22b64d52a88d9f9e2a3a97470ca5245fa-1600x1600.jpg|https://cdn.sanity.io/images/huh1e45n/production/95e998c0c8c24fbd4e058e4f489e9cb1d2e9f362-1600x1600.jpg",5,FixedPrice,62.00,GTC,Bourne End,SL8 5NF,"KK-CAND-SONA-WHT-001",5050140447987,"Kaiku","White","Ceramic","Candles And Lanterns",FILL-shipping-policy-name,FILL-return-policy-name,FILL-payment-policy-name
Add,FILL-candles-and-lanterns,"Rhea Large Lighthouse Tealight Holder","<p>A ceramic lighthouse-shaped tealight holder in white, 11 x 11 x 28cm and 0.8kg.</p><ul><li>Dimensions: 11 x 11 x 28 cm</li><li>Material: Ceramic</li><li>Colour: White</li></ul><p>Free UK delivery. Sold by Kaiku.</p>",1000,"https://cdn.sanity.io/images/huh1e45n/production/4fb02cfccd6564066eeaccab17cd75da851833fe-1600x1600.jpg|https://cdn.sanity.io/images/huh1e45n/production/7b63ada72c7ef514f0ce4c3846701e0512e99c32-1600x1600.jpg|https://cdn.sanity.io/images/huh1e45n/production/03d85f4fcc8c7710b20cd97d301b3fb1f2f5d894-1600x1600.jpg|https://cdn.sanity.io/images/huh1e45n/production/3e60e4b8584aaa0a43f4a5244cf03eb28b3451fe-1600x1600.jpg",1,FixedPrice,33.00,GTC,Bourne End,SL8 5NF,"KK-CAND-RHEA-WHT-001",5050140448083,"Kaiku","White","Ceramic","Candles And Lanterns",FILL-shipping-policy-name,FILL-return-policy-name,FILL-payment-policy-name
Add,FILL-coffee-tables,"Abberley Coffee Table in Brown","<p>A brown coffee table in solid oak and oak veneer with a tempered glass top and an open shelf underneath. 110 x 50 x 40cm (W x D x H) and 25kg, with the legs to attach on arrival.</p><ul><li>Dimensions: 110 x 50 x 40 cm</li><li>Material: Glass, Oak</li><li>Colour: Brown, White, Natural, Neutral, Oak</li></ul><p>Free UK delivery. Sold by Kaiku.</p>",1000,"https://cdn.sanity.io/images/huh1e45n/production/dde3085d9c3175534c83732ec8b9e837e6784276-1200x1200.jpg|https://cdn.sanity.io/images/huh1e45n/production/dc069c437b4b8dc703f7739682b4fa4861aa37b0-1200x1200.jpg|https://cdn.sanity.io/images/huh1e45n/production/0301e42e9c127e53e2b7dfb80d0db1526293de73-1200x1200.jpg|https://cdn.sanity.io/images/huh1e45n/production/00d20c631f3490b809a0c0db8f102cd2e9242bfa-1254x1254.png|https://cdn.sanity.io/images/huh1e45n/production/1abe4d062da5eeed4432628e851eef5d9d3700e3-1200x1200.jpg",1,FixedPrice,567.00,GTC,Bourne End,SL8 5NF,"KK-CT-ABB-BRN-001",,"Kaiku","Brown","Glass","Coffee Tables",FILL-shipping-policy-name,FILL-return-policy-name,FILL-payment-policy-name
Add,FILL-coffee-tables,"Bentley Coffee Table in Oak","<p>A square coffee table in grey aged oak and oak veneer on a crossed-leg metal base, with three removable trays set into the top. 120 x 120 x 45cm and 22kg.</p><ul><li>Dimensions: 120 x 120 x 45 cm</li><li>Material: Oak, Metal</li><li>Colour: Oak, Natural</li></ul><p>Free UK delivery. Sold by Kaiku.</p>",1000,"https://cdn.sanity.io/images/huh1e45n/production/db68f2e386cf8de1305784aaf9ec3c5bcfa427f2-1200x1200.jpg|https://cdn.sanity.io/images/huh1e45n/production/d9480e49be5a2a61cc0df76b73cc65ff66bfc62d-1200x1200.jpg|https://cdn.sanity.io/images/huh1e45n/production/1d738150a260049b114ef287efd5d3f6e18a662d-1200x1200.jpg|https://cdn.sanity.io/images/huh1e45n/production/b5fd0c0f8fdf7afaa4951d23432dace5125c36aa-2000x2000.jpg",1,FixedPrice,1018.00,GTC,Bourne End,SL8 5NF,"KK-CT-BEN-OAK-001",,"Kaiku","Oak","Oak","Coffee Tables",FILL-shipping-policy-name,FILL-return-policy-name,FILL-payment-policy-name
Add,FILL-coffee-tables,"Crofton White Marble Coffee Table","<p>A round coffee table with a white marble-effect recycled glass top on a gold-painted steel frame. 100cm across, 37cm tall and 16kg, delivered fully assembled.</p><ul><li>Dimensions: 100 x 100 x 37 cm</li><li>Material: Steel, Glass, Metal</li><li>Colour: White, Gold, Natural</li></ul><p>Free UK delivery. Sold by Kaiku.</p>",1000,"https://cdn.sanity.io/images/huh1e45n/production/6f84a76ce078cb532b50ddc4dd5f00f251202412-617x617.png|https://cdn.sanity.io/images/huh1e45n/production/263a9bbdff8e02aa025e42da8233ffdbc75d4379-1200x1200.jpg|https://cdn.sanity.io/images/huh1e45n/production/263a9bbdff8e02aa025e42da8233ffdbc75d4379-1200x1200.jpg|https://cdn.sanity.io/images/huh1e45n/production/a8c06138d950750c5ca1040f64844f2a54eb9fca-1200x1200.jpg",1,FixedPrice,453.00,GTC,Bourne End,SL8 5NF,"KK-CT-CRO-WHT-001",,"Kaiku","White","Steel","Coffee Tables",FILL-shipping-policy-name,FILL-return-policy-name,FILL-payment-policy-name
Add,FILL-coffee-tables,"Elmley Coffee Table in Ivory","<p>A rectangular coffee table with a clear glass top, an ivory faux shagreen base and an antique-style brass surround. 120 x 80 x 35.5cm and 19kg.</p><ul><li>Dimensions: 120 x 80 x 35.5 cm</li><li>Material: Faux shagreen, Metal</li><li>Colour: Ivory, Grey</li></ul><p>Free UK delivery. Sold by Kaiku.</p>",1000,"https://cdn.sanity.io/images/huh1e45n/production/43ee390ef78759e93d4ac17d90e35d3027733c01-1200x1200.jpg|https://cdn.sanity.io/images/huh1e45n/production/23aaeb70e0a579ee82ccb9245693cd9a485dec4e-1200x1200.jpg|https://cdn.sanity.io/images/huh1e45n/production/f40223a06df2e6368de6c5c72fbf24a1b036f0dc-1200x1200.jpg|https://cdn.sanity.io/images/huh1e45n/production/24095a0b399f0d49bafaa630eeea616af0d62a7a-1200x1200.jpg|https://cdn.sanity.io/images/huh1e45n/production/7849df6165cb9e432bf4714db250a17a5f4c8488-1200x1200.jpg",1,FixedPrice,911.00,GTC,Bourne End,SL8 5NF,"KK-CT-ELM-IVY-001",,"Kaiku","Ivory","Faux shagreen","Coffee Tables",FILL-shipping-policy-name,FILL-return-policy-name,FILL-payment-policy-name
Add,FILL-coffee-tables,"Overbury Coffee Table in Chocolate Brown","<p>A rectangular coffee table with a chocolate brown wood-veneer top, a brushed gold seam across it and a geometric gold-painted steel base. 110 x 80 x 38cm and 25kg.</p><ul><li>Dimensions: 110 x 80 x 38 cm</li><li>Material: MDF, Wood, Steel</li><li>Colour: Brown, Gold, Natural</li></ul><p>Free UK delivery. Sold by Kaiku.</p>",1000,"https://cdn.sanity.io/images/huh1e45n/production/7cc6ea34b065b7e71fd71099c09bb95525d8a401-1200x800.jpg|https://cdn.sanity.io/images/huh1e45n/production/17cfaac8cacd218e428ea55da8ee9ff11b0608bf-1200x800.jpg|https://cdn.sanity.io/images/huh1e45n/production/541bc075b2564409dfae7f8871f6bd4a692cbcda-1200x800.jpg|https://cdn.sanity.io/images/huh1e45n/production/828788273ac842783634fd2048910d4dcb7b0a24-1200x1200.jpg",1,FixedPrice,396.00,GTC,Bourne End,SL8 5NF,"KK-CT-OVB-BRN-001",,"Kaiku","Brown","MDF","Coffee Tables",FILL-shipping-policy-name,FILL-return-policy-name,FILL-payment-policy-name
Add,FILL-coffee-tables,"Pershore Rectangular Aged Oak Coffee Table","<p>A rectangular coffee table in aged oak with a raised edge, set on blackened crossed metal legs. 110 x 80 x 40cm and 21kg.</p><ul><li>Dimensions: 110 x 80 x 40 cm</li><li>Material: Oak, Linen, Bouclé</li><li>Colour: Oak, Natural</li></ul><p>Free UK delivery. Sold by Kaiku.</p>",1000,"https://cdn.sanity.io/images/huh1e45n/production/1e51fab8f8f5efd807cfd28facf2f63031a3a8e1-1200x1200.jpg|https://cdn.sanity.io/images/huh1e45n/production/a7ebc9239178012797b515bcdb0739ca8d770942-1200x1200.jpg|https://cdn.sanity.io/images/huh1e45n/production/8542a07136f212e4c060a9d7cb57ef25c395ce69-1200x1200.jpg|https://cdn.sanity.io/images/huh1e45n/production/e1fbc5b2408e0af01050d268d32aeeebe18d6af6-1448x1086.png|https://cdn.sanity.io/images/huh1e45n/production/6ab1b19851f6d791de41164e5eebb9375ed000e9-1200x1200.jpg",1,FixedPrice,377.00,GTC,Bourne End,SL8 5NF,"KK-CT-PER-OAK-001",,"Kaiku","Oak","Oak","Coffee Tables",FILL-shipping-policy-name,FILL-return-policy-name,FILL-payment-policy-name
Add,FILL-coffee-tables,"Witley Coffee Table","<p>A coffee table in grey aged oak with natural rattan detailing and a tempered glass top, with an open shelf underneath. 115 x 58 x 40cm and 17kg.</p><ul><li>Dimensions: 115 x 58 x 40 cm</li><li>Material: Oak, Glass, Rattan</li><li>Colour: Grey, Oak, Natural</li></ul><p>Free UK delivery. Sold by Kaiku.</p>",1000,"https://cdn.sanity.io/images/huh1e45n/production/0ae6ea9dbc68cefeeb71475a9218c207aa889522-1200x1200.jpg|https://cdn.sanity.io/images/huh1e45n/production/4a9f4cfd4d597125f6f39965c6cacef85ec08b28-1200x1200.jpg|https://cdn.sanity.io/images/huh1e45n/production/c199326bb7e53fc102d055e6f5cb78504b044d94-1448x1086.png|https://cdn.sanity.io/images/huh1e45n/production/96b5d5aa900871264002a21193d055ecdd5ed672-1200x1200.jpg",1,FixedPrice,669.00,GTC,Bourne End,SL8 5NF,"KK-CT-WIT-OAK-001",,"Kaiku","Grey","Oak","Coffee Tables",FILL-shipping-policy-name,FILL-return-policy-name,FILL-payment-policy-name
Add,FILL-lighting,"7.2m Plug In LED Warm White Cluster Micro Lights","<p>Create a warm, inviting atmosphere with the 7.2m Plug In LED Warm White Cluster Micro Lights. Featuring 400 individual warm white micro LEDs arranged on delicate silver wire, these versatile decorative lights are designed to add subtle ambience and depth to interiors. Perfect for styling shelves, fireplaces, mirrors, furniture displays and decorative arrangements, the flexible cluster design allows you to create lighting effects throughout the home. Unlike traditional seasonal lighting, these micro lights can be styled throughout the year to enhance everyday interiors with a soft, atmospheric glow.</p><ul><li>Dimensions: 6 x 6 x 720 cm</li><li>Material: Metal</li><li>Colour: White</li></ul><p>Free UK delivery. Sold by Kaiku.</p>",1000,"https://cdn.sanity.io/images/huh1e45n/production/491f6b98fac536202efc260887005bcaad954a5e-1500x1500.jpg|https://cdn.sanity.io/images/huh1e45n/production/9cbff17213aaf2be15b80806b830ed902cfb3b89-1500x1500.jpg",1,FixedPrice,32.00,GTC,Bourne End,SL8 5NF,"KK-LT-PLUG-WHT-001",5050140367483,"Kaiku","White","Metal","Lighting",FILL-shipping-policy-name,FILL-return-policy-name,FILL-payment-policy-name
Add,FILL-console-tables,"Abberley One Drawer Black Console Table","<p>A black console table with one drawer, made from solid oak and oak veneer. 120cm wide but only 30cm deep, 85cm high and 15kg.</p><ul><li>Dimensions: 120 x 30 x 85 cm</li><li>Material: Oak, Painted wood</li><li>Colour: Black, Oak, White</li></ul><p>Free UK delivery. Sold by Kaiku.</p>",1000,"https://cdn.sanity.io/images/huh1e45n/production/1d8f7b121b228454ab11e6885ac25d17ede74a8e-2000x2000.jpg|https://cdn.sanity.io/images/huh1e45n/production/7010e77a448bc69e97bd2200c699a3ac650efeab-2000x2000.jpg|https://cdn.sanity.io/images/huh1e45n/production/d196675a9e3f905d162adde74c93856743f9a753-2000x2000.jpg|https://cdn.sanity.io/images/huh1e45n/production/e22121b8cc12efe1934fcd0481ba1b436837309f-1200x1200.jpg|https://cdn.sanity.io/images/huh1e45n/production/5ad843f8239ac97538bdf960ea005e86d1634ca2-2000x2000.jpg",1,FixedPrice,620.00,GTC,Bourne End,SL8 5NF,"KK-CONT-ABBERLEY-BLK-001",,"Kaiku","Black","Oak","Console Tables",FILL-shipping-policy-name,FILL-return-policy-name,FILL-payment-policy-name
Add,FILL-bedside-tables,"Abberley White Bedside Table","<p>A white bedside table with two drawers, made from solid oak and oak veneer with the grain still visible through the paint. 45 x 40 x 60cm and 16kg.</p><ul><li>Dimensions: 45 x 40 x 60 cm</li><li>Material: Oak, Painted wood, Metal</li><li>Colour: White, Brown, Oak, Natural, Gold</li></ul><p>Free UK delivery. Sold by Kaiku.</p>",1000,"https://cdn.sanity.io/images/huh1e45n/production/910c0b422d009336002d5a28da2bfe76f00e3410-2000x2000.jpg|https://cdn.sanity.io/images/huh1e45n/production/910c0b422d009336002d5a28da2bfe76f00e3410-2000x2000.jpg|https://cdn.sanity.io/images/huh1e45n/production/132a56c86c447f986621d3961d0edf15a7767878-2000x2000.jpg|https://cdn.sanity.io/images/huh1e45n/production/4b3d8024691240d2f2988cae51fd877d556de67e-2000x2000.jpg|https://cdn.sanity.io/images/huh1e45n/production/8af29e3cd35b49f642fa19524155d2f752f3d043-1200x1200.jpg|https://cdn.sanity.io/images/huh1e45n/production/95a4d13f954dd19391a769528da6475154d2ae21-2000x2000.jpg",1,FixedPrice,406.00,GTC,Bourne End,SL8 5NF,"KK-BT-ABB-WHT-002",,"Kaiku","White","Oak","Bedside Tables",FILL-shipping-policy-name,FILL-return-policy-name,FILL-payment-policy-name
Add,FILL-living-room-storage,"Abberley Black Oak Sideboard","<p>A black-stained oak sideboard with four ribbed doors and removable internal shelves, made from solid oak and oak veneer. 160 x 45 x 80cm and 58kg.</p><ul><li>Dimensions: 160 x 45 x 80 cm</li><li>Material: Oak, Painted wood, Walnut, Marble, Linen</li><li>Colour: Black, Oak, Natural, Walnut</li></ul><p>Free UK delivery. Sold by Kaiku.</p>",1000,"https://cdn.sanity.io/images/huh1e45n/production/ecefb8da7e758357cfb12cee416f8c949c7cd922-2000x2000.jpg|https://cdn.sanity.io/images/huh1e45n/production/3b24759f1e2a6f5afaa5f0ce102004d1e9255c54-2000x1333.jpg|https://cdn.sanity.io/images/huh1e45n/production/54e0f38851e2f6736b290da629d8b089a2d482ec-2000x1333.jpg|https://cdn.sanity.io/images/huh1e45n/production/540ad4188c611ced4117ede6b1286339c3459ea6-2000x1333.jpg|https://cdn.sanity.io/images/huh1e45n/production/05b3e2e7393c9d3fc07fb0dd6e129f97e118ac9f-2000x1333.jpg",1,FixedPrice,1186.00,GTC,Bourne End,SL8 5NF,"KK-SB-ABB-BLK-001",,"Kaiku","Black","Oak","Living Room Storage",FILL-shipping-policy-name,FILL-return-policy-name,FILL-payment-policy-name
Add,FILL-living-room-storage,"Abberley White Chest of Drawers","<p>A white chest of three drawers in solid oak and oak veneer, with curved fronts and gold-coloured handles. 90 x 45 x 85cm and 44kg, delivered assembled.</p><ul><li>Dimensions: 90 x 45 x 85 cm</li><li>Material: Oak, Painted wood, Metal</li><li>Colour: White, Black, Brown, Oak, Gold, Natural</li></ul><p>Free UK delivery. Sold by Kaiku.</p>",1000,"https://cdn.sanity.io/images/huh1e45n/production/693cae3b2f88e514e6e83676647b931f95079ce5-2000x2000.jpg|https://cdn.sanity.io/images/huh1e45n/production/a18bd326bfa8129ab2de385cac5d6a1d45e0bc20-2000x2000.jpg|https://cdn.sanity.io/images/huh1e45n/production/24a850a30a8265be43dc74fcfedbf88af9fde6ce-2000x2000.jpg|https://cdn.sanity.io/images/huh1e45n/production/2704d38acf5ec14ed275c917729a6f54f15454ba-1200x1200.jpg|https://cdn.sanity.io/images/huh1e45n/production/1e14744b2cd45886e29da54ae0b6c9cd1f0c79a7-1200x1200.jpg|https://cdn.sanity.io/images/huh1e45n/production/a04b9c9f6ac09ff95cb0119a32fcecfdbfd89ec4-2000x2000.jpg",1,FixedPrice,788.00,GTC,Bourne End,SL8 5NF,"KK-COD-ABB-WHT-001",,"Kaiku","White","Oak","Living Room Storage",FILL-shipping-policy-name,FILL-return-policy-name,FILL-payment-policy-name
Add,FILL-desks,"Abberley White Desk","<p>A white-stained solid oak desk with two drawers, 120 x 50 x 76cm and 15kg. The legs are supplied separately and attach on arrival.</p><ul><li>Dimensions: 120 x 50 x 76 cm</li><li>Material: Oak, Painted wood, Metal</li><li>Colour: White, Oak, Natural, Gold</li></ul><p>Free UK delivery. Sold by Kaiku.</p>",1000,"https://cdn.sanity.io/images/huh1e45n/production/9769afeaf8ee396ab22488fde13e2d22ac82da37-2000x2000.jpg|https://cdn.sanity.io/images/huh1e45n/production/9769afeaf8ee396ab22488fde13e2d22ac82da37-2000x2000.jpg|https://cdn.sanity.io/images/huh1e45n/production/3152b0df41d8c7032dac40aa7e790a4d6287fca7-2000x2000.jpg|https://cdn.sanity.io/images/huh1e45n/production/c92a64472889990081a3a690951578009038120a-2000x2000.jpg|https://cdn.sanity.io/images/huh1e45n/production/3666702cb687a2665d02b9962d31d1db867d3e2a-2000x2000.jpg",1,FixedPrice,773.00,GTC,Bourne End,SL8 5NF,"KK-DSK-ABB-WHT-001",,"Kaiku","White","Oak","Desks",FILL-shipping-policy-name,FILL-return-policy-name,FILL-payment-policy-name
Add,FILL-side-tables,"Abberley White End Table","<p>A white painted end table in solid oak and oak veneer, with two open shelves. 40 x 40 x 60cm and 13kg.</p><ul><li>Dimensions: 40 x 40 x 60 cm</li><li>Material: Oak, Painted wood, Linen</li><li>Colour: White, Oak, Black, Brown, Natural</li></ul><p>Free UK delivery. Sold by Kaiku.</p>",1000,"https://cdn.sanity.io/images/huh1e45n/production/3c0ae8102dfd8115988498193f31b4b03533736f-2000x2000.jpg|https://cdn.sanity.io/images/huh1e45n/production/a7be29ecd5ecb21c89124f099c5f9384ea3bf2fc-2000x2000.jpg|https://cdn.sanity.io/images/huh1e45n/production/c5c289d92e365c5a0e968ff895fe33ef101f6cb9-2000x2000.jpg|https://cdn.sanity.io/images/huh1e45n/production/b4c08a118a54a8dbaeb028f4603ee4ac88908f9e-1200x1200.jpg|https://cdn.sanity.io/images/huh1e45n/production/9bad9aea0460046ba66e872c9b78f3af0b98debc-1200x1200.jpg",1,FixedPrice,338.00,GTC,Bourne End,SL8 5NF,"KK-ET-ABB-WHT-001",,"Kaiku","White","Oak","Side Tables",FILL-shipping-policy-name,FILL-return-policy-name,FILL-payment-policy-name
Add,FILL-kitchen-furniture,"Adjustable Tractor Seat","<p>A height-adjustable tractor-style stool in gloss black metal, with a dished pressed-and-pierced pan seat, twisted-bar footrest and four scrolled cast spokes. 37 x 37 x 86cm, 15.6kg.</p><ul><li>Dimensions: 37 x 37 x 86 cm</li><li>Material: Metal</li><li>Colour: Black</li></ul><p>Free UK delivery. Sold by Kaiku.</p>",1000,"https://cdn.sanity.io/images/huh1e45n/production/fdc62a631177034f112ee9d83cadca6088612291-1600x1600.jpg|https://cdn.sanity.io/images/huh1e45n/production/1c2fa6a50c182ac6e486794801ce01325ad13fc7-1600x1600.jpg|https://cdn.sanity.io/images/huh1e45n/production/5c276e318888619acd0881d315781054517cf332-1600x1600.jpg|https://cdn.sanity.io/images/huh1e45n/production/41c7f94404a42e86fccc4c6d0f4e133563f49e50-1600x1600.jpg|https://cdn.sanity.io/images/huh1e45n/production/f020ea87b39c723697b62fd60158079e98c7d771-1600x1600.jpg",5,FixedPrice,149.00,GTC,Bourne End,SL8 5NF,"KK-KITF-ADJUSTABLE-BLK-001",5050140992593,"Kaiku","Black","Metal","Kitchen Furniture",FILL-shipping-policy-name,FILL-return-policy-name,FILL-payment-policy-name
Add,FILL-living-room-storage,"Alton White Chest of Drawers","<p>A white chest of three drawers in birch and MDF, with tapered legs and brass-style handles. 90 x 45 x 75cm and 22kg, delivered fully assembled.</p><ul><li>Dimensions: 90 x 45 x 75 cm</li><li>Material: Birch, MDF, Painted wood</li><li>Colour: White, Grey</li></ul><p>Free UK delivery. Sold by Kaiku.</p>",1000,"https://cdn.sanity.io/images/huh1e45n/production/4d07fe5a8a84612b3f2ff3230022b854b130863c-2000x2000.jpg|https://cdn.sanity.io/images/huh1e45n/production/32e056e6d32f636217e86478c50209b5a0313d0b-2000x2000.jpg|https://cdn.sanity.io/images/huh1e45n/production/e36b67eeac993f31e8c12d76864e5aa13e0274c4-2000x2000.jpg|https://cdn.sanity.io/images/huh1e45n/production/0589b9258ae77474071f5bb95abacad4eefe3758-2000x2000.jpg|https://cdn.sanity.io/images/huh1e45n/production/0e437de6aa86084e9ec7f2a69887ff06a5bf74f2-1200x1200.jpg",1,FixedPrice,559.00,GTC,Bourne End,SL8 5NF,"KK-COD-ALT-WHT-001",,"Kaiku","White","Birch","Living Room Storage",FILL-shipping-policy-name,FILL-return-policy-name,FILL-payment-policy-name
Add,FILL-console-tables,"Alton White Console Table","<p>A white console table with three drawers, made from birch and MDF with tapered legs and brass-style handles. 100 x 45 x 76cm and 20kg.</p><ul><li>Dimensions: 100 x 45 x 76 cm</li><li>Material: Birch, MDF, Painted wood, Linen</li><li>Colour: White, Grey</li></ul><p>Free UK delivery. Sold by Kaiku.</p>",1000,"https://cdn.sanity.io/images/huh1e45n/production/7b8ecf8bc5a777c2e99e5cf4c2d928ad7532c980-2000x2000.jpg|https://cdn.sanity.io/images/huh1e45n/production/aa0bbd0ca29231a6a773eba80bca503edefeb500-2000x2000.jpg|https://cdn.sanity.io/images/huh1e45n/production/e861e8329f813669150e5d2a0068b55cc0629212-2000x2000.jpg|https://cdn.sanity.io/images/huh1e45n/production/6f435bdf5e0517225507a9afb1f10af9b9a22cd1-2000x2000.jpg|https://cdn.sanity.io/images/huh1e45n/production/f422b22936c2bd88edba6e19414201f3eee040ad-1200x1200.jpg",1,FixedPrice,429.00,GTC,Bourne End,SL8 5NF,"KK-CON-ALT-WHT-001",,"Kaiku","White","Birch","Console Tables",FILL-shipping-policy-name,FILL-return-policy-name,FILL-payment-policy-name
Add,FILL-garden-furniture,"Amalfi Collection Outdoor Bistro Table With Wood Top","<p>An outdoor bistro table with a wood top, 70 x 70cm and 72cm tall, weighing 8kg. A square two-seater footprint, light enough for one person to carry out and put away.</p><ul><li>Dimensions: 70 x 70 x 72 cm</li><li>Material: Metal, Wood</li><li>Colour: Neutral</li></ul><p>Free UK delivery. Sold by Kaiku.</p>",1000,"https://cdn.sanity.io/images/huh1e45n/production/cfe25c2e9e90c18b4457387c5734c527f8d3436f-1600x1600.jpg|https://cdn.sanity.io/images/huh1e45n/production/ac79d9e61fad4dcf1f54331eca07942625d10758-1600x1600.jpg|https://cdn.sanity.io/images/huh1e45n/production/05471356c2f3fd9bfd8841f9c253ee15edb6ba62-1600x1600.jpg|https://cdn.sanity.io/images/huh1e45n/production/5061c6caf3150a432d32fd27fd1c329389eb1b6f-1600x1600.jpg|https://cdn.sanity.io/images/huh1e45n/production/266f2e54ee7487a4f408c63e15ed39b538714e8a-1600x1600.jpg",1,FixedPrice,313.00,GTC,Bourne End,SL8 5NF,"KK-GARF-AMALFI-NTL-002",5050140390580,"Kaiku","Neutral","Metal","Garden Furniture",FILL-shipping-policy-name,FILL-return-policy-name,FILL-payment-policy-name
Add,FILL-lighting,"Antique Gold Hare Table Lamp With Green Velvet Shade","<p>A table lamp with a handcrafted resin hare-shaped base in an antique gold finish, paired with a deep green velvet shade and gold interior, measuring 25 × 25 × 50cm and weighing 1.1kg.</p><ul><li>Dimensions: 25 x 25 x 50 cm</li><li>Material: Resin</li><li>Colour: Gold</li></ul><p>Free UK delivery. Sold by Kaiku.</p>",1000,"https://cdn.sanity.io/images/huh1e45n/production/a6e68593cd69a1555b0f7383d201dc3c4501aaef-1500x1500.jpg|https://cdn.sanity.io/images/huh1e45n/production/03b5b8c4243c0f34a8da9be391de96ae6b7bd0cf-1500x1500.jpg|https://cdn.sanity.io/images/huh1e45n/production/b05df5137deb1fe987f6597e7b3babf66b9af9d8-1800x1800.jpg|https://cdn.sanity.io/images/huh1e45n/production/9eee814e159f38411a746875eb13b9e543222264-1800x1800.jpg|https://cdn.sanity.io/images/huh1e45n/production/cf7474584d33698ca883ed5dc44a2ca838ef11f5-1800x1800.jpg",5,FixedPrice,92.00,GTC,Bourne End,SL8 5NF,"KK-LT-ANTIQUE-GLD-001",5050140069684,"Kaiku","Gold","Resin","Lighting",FILL-shipping-policy-name,FILL-return-policy-name,FILL-payment-policy-name
Add,FILL-lighting,"Antique Gold Marching Hares Lamp With Green Velvet Shade","<p>A table lamp with a sculpted marching-hares base in resin with an antique gold finish, under a green velvet shade. 28 x 28 x 48cm, 1.1kg. Takes an E27 bulb, not included. Indoor use only.</p><ul><li>Dimensions: 28 x 28 x 48 cm</li><li>Material: Resin</li><li>Colour: Gold</li></ul><p>Free UK delivery. Sold by Kaiku.</p>",1000,"https://cdn.sanity.io/images/huh1e45n/production/75c4513fd5f7d8e76bdb2b43498271b678e3b93f-1600x1600.jpg|https://cdn.sanity.io/images/huh1e45n/production/02791e25adca671ebf3213edd514c95949fd0bbf-1600x1600.jpg|https://cdn.sanity.io/images/huh1e45n/production/3e2362f445a1174f7e0fb2e1d69dc725b5fc10ca-1600x1600.jpg",5,FixedPrice,74.00,GTC,Bourne End,SL8 5NF,"KK-LT-ANTIQUE-GLD-002",5050140069585,"Kaiku","Gold","Resin","Lighting",FILL-shipping-policy-name,FILL-return-policy-name,FILL-payment-policy-name
Add,FILL-sofas,"Avia Mist Armchair","<p>A fabric armchair in a muted mist tone with a clean silhouette. 97 x 86 x 72cm, 17.5kg. Arrives assembled. Indoor use only.</p><ul><li>Dimensions: 97 x 86 x 72 cm</li><li>Material: Fabric, Wood</li><li>Colour: Grey</li></ul><p>Free UK delivery. Sold by Kaiku.</p>",1000,"https://cdn.sanity.io/images/huh1e45n/production/61cccf46ec81efd4be7855fa9f00ea61c61dfce9-1600x1600.jpg|https://cdn.sanity.io/images/huh1e45n/production/dcb73439179f4c9d7a51c81a9d4337794c4c5ff1-1600x1600.jpg|https://cdn.sanity.io/images/huh1e45n/production/1e5ead9231192360d7c1a726b3d740be10e78a25-1600x1600.jpg|https://cdn.sanity.io/images/huh1e45n/production/9b5bf602a8638e0d4b9fc008b2af41c85dec049a-1600x1600.jpg|https://cdn.sanity.io/images/huh1e45n/production/372938b69b78e2cd9e9e3eb785dcef0621e1665d-1600x1600.jpg",5,FixedPrice,424.00,GTC,Bourne End,SL8 5NF,"KK-SOFA-AVIA-GRY-001",5050140448984,"Kaiku","Grey","Fabric","Sofas",FILL-shipping-policy-name,FILL-return-policy-name,FILL-payment-policy-name
Add,FILL-garden-furniture,"Axis Putty Grey Carver Dining Chair","<p>A carver dining chair in putty grey, moulded from weather-resistant plastic with integrated armrests. 54 x 51 x 79cm and 4.2kg, and it can be used indoors or out.</p><ul><li>Dimensions: 54 x 51 x 79 cm</li><li>Colour: Grey</li></ul><p>Free UK delivery. Sold by Kaiku.</p>",1000,"https://cdn.sanity.io/images/huh1e45n/production/55aef3be3787f298a0f519f8c200cea3207800d3-1600x1600.jpg|https://cdn.sanity.io/images/huh1e45n/production/ebf3f09c3359cf33e57a3b36fb99da1743a8e72f-1600x1600.jpg|https://cdn.sanity.io/images/huh1e45n/production/da914d1ef80262c0574cd5a2f02e9e583fbeeffc-1600x1600.jpg|https://cdn.sanity.io/images/huh1e45n/production/f02f4d38e353c0c29a471c815bedeca44913752f-1600x1600.jpg",1,FixedPrice,67.00,GTC,Bourne End,SL8 5NF,"KK-DC-AXIS-PGY-001",,"Kaiku","Grey","","Garden Furniture",FILL-shipping-policy-name,FILL-return-policy-name,FILL-payment-policy-name
Add,FILL-shelving,"Axis Shelf Unit With Glass Shelves","<p>A shelving unit with a slim black metal frame and clear glass shelves, 80 x 12 x 110cm and 7.2kg. Assembly required.</p><ul><li>Dimensions: 12 x 80 x 110 cm</li><li>Material: Glass, Metal</li><li>Colour: Black</li></ul><p>Free UK delivery. Sold by Kaiku.</p>",1000,"https://cdn.sanity.io/images/huh1e45n/production/9fcf39f1a6da65bbbbcd4bfc487a0314a38f3cc6-1600x1600.jpg|https://cdn.sanity.io/images/huh1e45n/production/fac8da7e1e173af61acaa2ff22cdf1d05fd5aa46-1600x1600.jpg|https://cdn.sanity.io/images/huh1e45n/production/b53da90356a434e35d20fd56bcb9e29afa9808d6-1600x1600.jpg|https://cdn.sanity.io/images/huh1e45n/production/3216e500bba642f33834efd3608e846c26c2a606-1600x1600.jpg|https://cdn.sanity.io/images/huh1e45n/production/77d4375a415f790b8a1502942b31d5ee26b2b967-1600x1600.jpg",1,FixedPrice,145.00,GTC,Bourne End,SL8 5NF,"KK-SHLV-AXIS-BLK-001",5050140439982,"Kaiku","Black","Glass","Shelving",FILL-shipping-policy-name,FILL-return-policy-name,FILL-payment-policy-name
Add,FILL-lighting,"Bamboo Gesso Table Lamp","<p>A table lamp with a white gesso base sculpted into a bamboo form, paired with a fabric shade. 33 x 33 x 63cm and 10kg.</p><ul><li>Dimensions: 33 x 33 x 63 cm</li><li>Material: Gesso, Fabric</li><li>Colour: White, Neutral</li></ul><p>Free UK delivery. Sold by Kaiku.</p>",1000,"https://cdn.sanity.io/images/huh1e45n/production/8234dc32bf34f6fee3c83176ae91f0db81cdda98-2000x2000.jpg|https://cdn.sanity.io/images/huh1e45n/production/224c8d42fb28747c712223d897a1f59eb110ba82-2000x2000.jpg|https://cdn.sanity.io/images/huh1e45n/production/67e5954d91fe7160a0bf4f657ded4530b351ec9d-2000x2000.jpg|https://cdn.sanity.io/images/huh1e45n/production/8b81a3809729f8a9b57f485bb2fcd88f79263840-2000x2000.jpg|https://cdn.sanity.io/images/huh1e45n/production/4869a07db2129bd65cf22a9739b80b02458ff9ca-2000x1545.jpg|https://cdn.sanity.io/images/huh1e45n/production/19e75f748bbb0ea999c9782a89ea4714213a90a1-2000x2000.jpg|https://cdn.sanity.io/images/huh1e45n/production/609a3288101b687ccf24ca711d76609960a36b79-1500x2000.jpg",1,FixedPrice,224.00,GTC,Bourne End,SL8 5NF,"KK-LMP-BAM-GES-001",,"Kaiku","White","Gesso","Lighting",FILL-shipping-policy-name,FILL-return-policy-name,FILL-payment-policy-name
Add,FILL-console-tables,"Bentley Grey Aged Oak Console Table","<p>A grey aged oak console table with a crossed-leg base and a removable tray on top. 150 x 40 x 80cm and 22kg.</p><ul><li>Dimensions: 150 x 40 x 80 cm</li><li>Material: Oak, Linen</li><li>Colour: Grey, Natural</li></ul><p>Free UK delivery. Sold by Kaiku.</p>",1000,"https://cdn.sanity.io/images/huh1e45n/production/be4ad9ccebbe4c328f9626f6555bc701b0f461b8-2000x2000.jpg|https://cdn.sanity.io/images/huh1e45n/production/a5f0e56ba74c5c606d0b2cdf80da3490eac7b55b-2000x2000.jpg|https://cdn.sanity.io/images/huh1e45n/production/fc79140ad7b0cf232e16caa33435028bf7b4138c-2000x2000.jpg|https://cdn.sanity.io/images/huh1e45n/production/ed06f8819eff4436576d98636b3af54a955c1a6c-2000x2000.jpg",1,FixedPrice,727.00,GTC,Bourne End,SL8 5NF,"KK-CON-BEN-GAO-001",,"Kaiku","Grey","Oak","Console Tables",FILL-shipping-policy-name,FILL-return-policy-name,FILL-payment-policy-name
Add,FILL-bedside-tables,"Berkeley Black 1 Drawer Bedside Table","<p>A high-gloss black bedside table with one drawer, on tapered gold metal legs. MDF construction, 45 x 45 x 60cm and 26kg.</p><ul><li>Dimensions: 45 x 45 x 60 cm</li><li>Material: High gloss, MDF, Metal, Glass, Velvet</li><li>Colour: Black, Gold</li></ul><p>Free UK delivery. Sold by Kaiku.</p>",1000,"https://cdn.sanity.io/images/huh1e45n/production/1cb918eb0c133588ad726d56fc6b8df1173cc832-2000x2000.jpg|https://cdn.sanity.io/images/huh1e45n/production/9330951493f7111f6c77809152acc42bc1a7cc41-2000x2000.jpg|https://cdn.sanity.io/images/huh1e45n/production/3e4d719a51c897895a65470b7a117f43454d3642-2000x2000.jpg|https://cdn.sanity.io/images/huh1e45n/production/eac239f729ca3d0ecc6b8c0489a3cc9d72934f93-2000x2000.jpg|https://cdn.sanity.io/images/huh1e45n/production/3c273c9bf735bbde69cbc873c66cac69305caf1c-2000x2000.jpg|https://cdn.sanity.io/images/huh1e45n/production/babcdc9e689782a965c004c9602ad1eec4ec1740-2000x2000.jpg|https://cdn.sanity.io/images/huh1e45n/production/01322e806e8c7c24d68cbd200ca14a82b5b73aeb-2000x2000.jpg|https://cdn.sanity.io/images/huh1e45n/production/d8b5c4cc78379e24e9c3a42620dbfd0577a571a2-2000x2000.jpg|https://cdn.sanity.io/images/huh1e45n/production/8bc7227c10c840a0556abbd309ae96d14b60d5ae-1000x1000.jpg",1,FixedPrice,364.00,GTC,Bourne End,SL8 5NF,"KK-BT-BER-BLK-001",,"Kaiku","Black","High gloss","Bedside Tables",FILL-shipping-policy-name,FILL-return-policy-name,FILL-payment-policy-name
Add,FILL-console-tables,"Berkeley White Console Table","<p>A white console table in a 50% gloss lacquer, with one drawer, a gold bar handle and tapered gold metal legs. 120 x 35 x 80cm and 38kg.</p><ul><li>Dimensions: 120 x 35 x 80 cm</li><li>Material: High gloss, Metal, Bouclé, Linen</li><li>Colour: White, Black, Gold</li></ul><p>Free UK delivery. Sold by Kaiku.</p>",1000,"https://cdn.sanity.io/images/huh1e45n/production/d5e2b2097104d2f24bfe8866e9cbf1fb54737d15-2000x2000.jpg|https://cdn.sanity.io/images/huh1e45n/production/0b1e2bd7117e9a26a2f7acbea08c0a26e452cd5f-2000x2000.jpg|https://cdn.sanity.io/images/huh1e45n/production/832bfbd415c356d75ee08fd10e6d51ec14a5f661-2000x2000.jpg|https://cdn.sanity.io/images/huh1e45n/production/e39832b53a2eae0e538fc43f3d8c0beee9b0edf2-2000x2000.jpg|https://cdn.sanity.io/images/huh1e45n/production/2b940e689ca0690ab2e81cc6e9701c993e21faa4-2000x2000.jpg|https://cdn.sanity.io/images/huh1e45n/production/44fe7730a5b4f08700548535585b324b8188b7dd-2000x2000.jpg|https://cdn.sanity.io/images/huh1e45n/production/dfc6be4407ef6616c1caecf3522668ea9f070796-2000x2000.jpg|https://cdn.sanity.io/images/huh1e45n/production/b4d0d35b6a54ed54ab5a8d90b0b01d28ca3a91e1-1200x1200.jpg|https://cdn.sanity.io/images/huh1e45n/production/68797556db43792b4a8bc44c1f054f2ee40acbd3-2000x2000.jpg",1,FixedPrice,651.00,GTC,Bourne End,SL8 5NF,"KK-CON-BER-WHT-001",,"Kaiku","White","High gloss","Console Tables",FILL-shipping-policy-name,FILL-return-policy-name,FILL-payment-policy-name
Add,FILL-planters,"Blue Agapanthus Plant In Pot","<p>An artificial blue agapanthus supplied in its own pot, weighing 0.82kg. Made for indoor use, or a shaded spot outdoors.</p><ul><li>Material: Plastic</li><li>Colour: Blue</li></ul><p>Free UK delivery. Sold by Kaiku.</p>",1000,"https://cdn.sanity.io/images/huh1e45n/production/5ac7eda49a2e59862b5dc73db6b106dacfe6efb1-1500x1500.jpg|https://cdn.sanity.io/images/huh1e45n/production/262f5d53a0fe1303f506069741b1fd3f2bc53edc-1500x1500.jpg|https://cdn.sanity.io/images/huh1e45n/production/0c47b32b94f082734bbd477b07d588d857422f51-1500x1500.jpg|https://cdn.sanity.io/images/huh1e45n/production/7ac43a4f906db28f4dc4e41c6b1e41454d893d71-1500x1500.jpg",1,FixedPrice,27.00,GTC,Bourne End,SL8 5NF,"KK-PLNT-BLUE-BLU-001",5050140371886,"Kaiku","Blue","Plastic","Planters",FILL-shipping-policy-name,FILL-return-policy-name,FILL-payment-policy-name
Add,FILL-living-room-storage,"Broadway Oak Chest of Drawers","<p>An oak chest of three drawers in a smoky grey finish, with ribbon-front drawers and a black rear panel. 120 x 50 x 85cm and 53kg, delivered fully assembled.</p><ul><li>Dimensions: 120 x 50 x 85 cm</li><li>Material: Oak, Linen</li><li>Colour: Oak, Grey, Brown</li></ul><p>Free UK delivery. Sold by Kaiku.</p>",1000,"https://cdn.sanity.io/images/huh1e45n/production/e31f6dea9ef258bbce880769e2f94d4ba1d91e5a-2000x1333.jpg|https://cdn.sanity.io/images/huh1e45n/production/7fb855e00f5551af7019f7f4111502dd8a5b1df1-2000x1333.jpg|https://cdn.sanity.io/images/huh1e45n/production/9fb9c7f675ef70c9c079d3f0c47c3a1f4cd93f86-1333x2000.jpg|https://cdn.sanity.io/images/huh1e45n/production/9be04a29b4799e0bf68c229e719cdde447e0e923-2000x1333.jpg|https://cdn.sanity.io/images/huh1e45n/production/7b085df6007f493f16ae9df4a321df75a348ed5c-1333x2000.jpg",1,FixedPrice,1079.00,GTC,Bourne End,SL8 5NF,"KK-COD-BRO-OAK-001",,"Kaiku","Oak","Oak","Living Room Storage",FILL-shipping-policy-name,FILL-return-policy-name,FILL-payment-policy-name
Add,FILL-bedside-tables,"Broadway Oak Bedside Table","<p>A solid oak bedside table with one drawer and a geometric panelled drawer front, in a natural oak finish. 55 x 45 x 55cm and 16kg.</p><ul><li>Dimensions: 55 x 45 x 55 cm</li><li>Material: Oak, Marble</li><li>Colour: Oak, Brown, Natural</li></ul><p>Free UK delivery. Sold by Kaiku.</p>",1000,"https://cdn.sanity.io/images/huh1e45n/production/6f465636659f9ef3f0c7e6f1c57cd5abe01126e1-2000x1333.jpg|https://cdn.sanity.io/images/huh1e45n/production/6ab1b03018c5ddb5cd90f8ee05bd0c07c3ee0ca7-2000x1333.jpg|https://cdn.sanity.io/images/huh1e45n/production/2176bc898ed30187ed76aaf32ea39035f8f9ed4d-2000x1333.jpg|https://cdn.sanity.io/images/huh1e45n/production/42a7192be47620d9a47879b649d99d46b58456ca-2000x1335.jpg|https://cdn.sanity.io/images/huh1e45n/production/12b884b23f0deae201ca384a7dbbc2e79dd5c681-1333x2000.jpg",1,FixedPrice,506.00,GTC,Bourne End,SL8 5NF,"KK-BT-BRO-OAK-001",,"Kaiku","Oak","Oak","Bedside Tables",FILL-shipping-policy-name,FILL-return-policy-name,FILL-payment-policy-name
Add,FILL-sofas,"Candover Neutral Upholstered Sofa","<p>A three-seater sofa in neutral fabric with button-tufted back cushions, cylindrical bolster cushions and solid wooden legs. 210.5 x 98 x 84.5cm and 57.5kg, with a 46cm seat height.</p><ul><li>Dimensions: 210.5 x 98 x 84.5 cm</li><li>Material: Fabric, Wood</li><li>Colour: Neutral</li></ul><p>Free UK delivery. Sold by Kaiku.</p>",1000,"https://cdn.sanity.io/images/huh1e45n/production/e40702e7353a76b7eff2e32309491f56eadb89df-2000x2000.jpg|https://cdn.sanity.io/images/huh1e45n/production/46b3af2dfccf9dbde4b4cdd6b464c8eba69bf2cf-2000x1334.jpg|https://cdn.sanity.io/images/huh1e45n/production/8cbaaf18079620c341224553423a3acb65e9770c-1334x2000.jpg|https://cdn.sanity.io/images/huh1e45n/production/172facf6e175eab85ebbaf6acad1083924ccc19f-1334x2000.jpg|https://cdn.sanity.io/images/huh1e45n/production/47b47d6f3e9a3a176f6f2eccdd433f95ea0f9c38-2000x1334.jpg|https://cdn.sanity.io/images/huh1e45n/production/7c0613d33c791105049bc4dffe72fe9f7930ce11-2000x1334.jpg",1,FixedPrice,1171.00,GTC,Bourne End,SL8 5NF,"KK-SOF-CAN-NEU-001",,"Kaiku","Neutral","Fabric","Sofas",FILL-shipping-policy-name,FILL-return-policy-name,FILL-payment-policy-name
Add,FILL-garden-furniture,"Capri Collection Outdoor Dining Chair","<p>An outdoor dining chair with a metal frame and fabric upholstery in a neutral tone, 60 x 48 x 103cm and 13.2kg.</p><ul><li>Material: Fabric, Metal</li><li>Colour: Neutral</li></ul><p>Free UK delivery. Sold by Kaiku.</p>",1000,"https://cdn.sanity.io/images/huh1e45n/production/a29075e1c5e5d8bae9e06fe32047225e7537066d-1600x1600.jpg|https://cdn.sanity.io/images/huh1e45n/production/917ca74edafd342322b3740674b67f3cbc8d7588-1600x1600.jpg|https://cdn.sanity.io/images/huh1e45n/production/0551268d4df992802c7bfc3807689f741390ed37-1600x1600.jpg|https://cdn.sanity.io/images/huh1e45n/production/305a93d6890ad283d9cc95094b0265a5f0ff1f54-1600x1600.jpg|https://cdn.sanity.io/images/huh1e45n/production/a2a451d14498e6d4d608f92437601d584ebe3161-1600x1600.jpg",5,FixedPrice,300.00,GTC,Bourne End,SL8 5NF,"KK-GARF-CAPRI-NTL-001",5050140295182,"Kaiku","Neutral","Fabric","Garden Furniture",FILL-shipping-policy-name,FILL-return-policy-name,FILL-payment-policy-name
Add,FILL-garden-furniture,"Capri Collection Outdoor Foot Stool","<p>An outdoor footstool in beige, woven from 5mm half-round HDPE wicker on an aluminium frame, with an Olefin cushion and acacia wood feet. 81 x 56 x 24cm and 7.7kg.</p><ul><li>Dimensions: 56 x 81 x 24 cm</li></ul><p>Free UK delivery. Sold by Kaiku.</p>",1000,"https://cdn.sanity.io/images/huh1e45n/production/291ed4b0bc0686c33dab58aa77449d3eb6754c53-1600x1599.jpg|https://cdn.sanity.io/images/huh1e45n/production/5462810e57db9142506bf8ca86b006cc4d923d88-1600x1600.jpg|https://cdn.sanity.io/images/huh1e45n/production/64c259d190c8c32e4b02b230fba37b3a13059033-1600x1600.jpg|https://cdn.sanity.io/images/huh1e45n/production/487e180b348fa2bbeb4c832b344056c5298e3f38-1600x1600.jpg|https://cdn.sanity.io/images/huh1e45n/production/2fc1ea8974019dc3fbaee2dfa0690db7bcfdc715-1600x1600.jpg",1,FixedPrice,331.00,GTC,Bourne End,SL8 5NF,"KK-GARF-CAPRI-001",5050140295489,"Kaiku","","","Garden Furniture",FILL-shipping-policy-name,FILL-return-policy-name,FILL-payment-policy-name
Add,FILL-bedside-tables,"Charlton Ribbed Walnut 2 Drawer Bedside Table","<p>A walnut-finished bedside table with two soft-close drawers and horizontal ribbed fronts, in oak, oak veneer and MDF. 45 x 40 x 60cm and 29kg.</p><ul><li>Dimensions: 45 x 40 x 60 cm</li><li>Material: Walnut, Oak, MDF, Marble, Metal</li><li>Colour: Walnut, Brown, Oak, Natural</li></ul><p>Free UK delivery. Sold by Kaiku.</p>",1000,"https://cdn.sanity.io/images/huh1e45n/production/6e9a87c124399c456b1070af93c5cae482590d19-2000x2000.jpg|https://cdn.sanity.io/images/huh1e45n/production/041f4c49614e6c34eb46b4a1a092590aa237d945-2000x2000.jpg|https://cdn.sanity.io/images/huh1e45n/production/217f07ae5d8b48beb4626b39c2d56521677d5c4c-2000x2000.jpg|https://cdn.sanity.io/images/huh1e45n/production/948a329cd783169ce1d7dd89a3a669242c9f49a3-2000x2000.jpg|https://cdn.sanity.io/images/huh1e45n/production/442c1f30fdc459d5bcfea98f85bd003bd6f3b946-2000x2000.jpg|https://cdn.sanity.io/images/huh1e45n/production/096b43bf17547a8297774c212d926b4c2c9126df-2000x2000.jpg|https://cdn.sanity.io/images/huh1e45n/production/8ca354e6901e3708c80d899c90f8ffc27b6d1183-2000x2000.jpg",1,FixedPrice,452.00,GTC,Bourne End,SL8 5NF,"KK-BT-CHA-WAL-001",,"Kaiku","Walnut","Walnut","Bedside Tables",FILL-shipping-policy-name,FILL-return-policy-name,FILL-payment-policy-name
Add,FILL-desks,"Charlton Ribbed Walnut Desk","<p>A ribbed walnut desk with two soft-close drawers and two cupboards with internal shelving, in oak, oak veneer and MDF. 120 x 50 x 76cm and 71kg, delivered fully assembled.</p><ul><li>Dimensions: 120 x 50 x 76 cm</li><li>Material: Walnut, Oak, MDF, Marble, Metal</li><li>Colour: Walnut, Brown, Oak, Natural</li></ul><p>Free UK delivery. Sold by Kaiku.</p>",1000,"https://cdn.sanity.io/images/huh1e45n/production/f992a587e11bd4551a92c84c31f512de8979b030-2000x2000.jpg|https://cdn.sanity.io/images/huh1e45n/production/78c0e3ec25d791b4d66af66d08bcc6101408486c-2000x2000.jpg|https://cdn.sanity.io/images/huh1e45n/production/cda1f4ddb9b0f708c6620868532bb4e8a4eaf474-2000x2000.jpg|https://cdn.sanity.io/images/huh1e45n/production/8ad099d422bfbbf3e2213eaac3c0da5d7d2ce387-2000x2000.jpg|https://cdn.sanity.io/images/huh1e45n/production/cb97570fe7294c28fcdf3170aa6fd74ee9e0ee09-2000x2000.jpg|https://cdn.sanity.io/images/huh1e45n/production/3ecd3075356ce552f0ff914135a09966c034c17d-2000x2000.jpg|https://cdn.sanity.io/images/huh1e45n/production/bcdf2733e92ceb3bda26eea9c573768d834ae7c2-2000x2000.jpg|https://cdn.sanity.io/images/huh1e45n/production/ce153d5113abe2774d722b64438d5f4f8aec3f23-2000x2000.jpg",1,FixedPrice,903.00,GTC,Bourne End,SL8 5NF,"KK-DSK-CHA-WAL-001",,"Kaiku","Walnut","Walnut","Desks",FILL-shipping-policy-name,FILL-return-policy-name,FILL-payment-policy-name
Add,FILL-living-room-storage,"Charlton Ribbed Walnut Chest of Drawers","<p>A walnut chest of six handle-free drawers with horizontal ribbed fronts and a soft-close push-to-open action, in oak, oak veneer and MDF. 110 x 45 x 85cm and 88kg.</p><ul><li>Dimensions: 110 x 45 x 85 cm</li><li>Material: Walnut, Oak, MDF, Marble, Metal</li><li>Colour: Walnut, Brown, Oak, Natural</li></ul><p>Free UK delivery. Sold by Kaiku.</p>",1000,"https://cdn.sanity.io/images/huh1e45n/production/720d408377932664a37233051a4a50762dc5b796-2000x2000.jpg|https://cdn.sanity.io/images/huh1e45n/production/815e38e0f787a86275f0d0474e3de2fc5fbb6c0d-2000x2000.jpg|https://cdn.sanity.io/images/huh1e45n/production/e4d7f9a80bd2a4f7d08932be99e05501dc5e89f3-2000x2000.jpg|https://cdn.sanity.io/images/huh1e45n/production/0ddb21c6287a80039e642a1d429c443e2fe20ad0-2000x2000.jpg|https://cdn.sanity.io/images/huh1e45n/production/d0f857f401661aa2fd073c6a86b6f015d36e8030-2000x2000.jpg|https://cdn.sanity.io/images/huh1e45n/production/d909df2289f4d5043ba01b355ffebe9a5982f48c-2000x2000.jpg|https://cdn.sanity.io/images/huh1e45n/production/db8c1a965db9233f5faca1421bcc2740359e055d-2000x2000.jpg|https://cdn.sanity.io/images/huh1e45n/production/28f26e1d311648d1cc42581f4144e03be0a24705-2000x2000.jpg",1,FixedPrice,1079.00,GTC,Bourne End,SL8 5NF,"KK-COD-CHA-WAL-001",,"Kaiku","Walnut","Walnut","Living Room Storage",FILL-shipping-policy-name,FILL-return-policy-name,FILL-payment-policy-name
Add,FILL-bedside-tables,"Chilworth Grey Bedside Table","<p>A grey bedside table with one drawer and an open lower shelf, made from birch, MDF and painted wood on tapered legs. 35 x 35 x 60cm and 13kg.</p><ul><li>Dimensions: 35 x 35 x 60 cm</li><li>Material: Birch, MDF, Metal, Painted wood</li><li>Colour: Grey, Natural</li></ul><p>Free UK delivery. Sold by Kaiku.</p>",1000,"https://cdn.sanity.io/images/huh1e45n/production/b2c673f5689bc7eac81e848459de2e019226c382-2000x2000.jpg|https://cdn.sanity.io/images/huh1e45n/production/955dc225c248576078aff5aed0b68c4a231e1b4a-2000x2000.jpg|https://cdn.sanity.io/images/huh1e45n/production/0f0bcc3d610d2cf35b59efac52945d1663d2482a-2000x2000.jpg|https://cdn.sanity.io/images/huh1e45n/production/ef8720f3dce7744c9720cccf00106f1efece1348-2000x2000.jpg",1,FixedPrice,180.00,GTC,Bourne End,SL8 5NF,"KK-BT-CHI-GRY-001",,"Kaiku","Grey","Birch","Bedside Tables",FILL-shipping-policy-name,FILL-return-policy-name,FILL-payment-policy-name
Add,FILL-living-room-storage,"Contour Collection 2 Drawer 2 Door Sideboard","<p>A wooden sideboard in a black finish with two drawers and two cupboard doors, 80 x 35 x 80cm and 15kg.</p><ul><li>Dimensions: 35 x 80 x 80 cm</li><li>Material: Wood</li><li>Colour: Black</li></ul><p>Free UK delivery. Sold by Kaiku.</p>",1000,"https://cdn.sanity.io/images/huh1e45n/production/dfe37a380710835437458f736a6f252b1066016b-1600x1600.jpg|https://cdn.sanity.io/images/huh1e45n/production/3204a64094551c0614df069b582d2296304899bb-1600x1600.jpg|https://cdn.sanity.io/images/huh1e45n/production/9d631e99280da4560bb4f18ab8aa13eebe4e3943-1600x1600.jpg|https://cdn.sanity.io/images/huh1e45n/production/b43de33d4b8556f691f1a0a5d6c236e445a0fcc0-1600x1600.jpg|https://cdn.sanity.io/images/huh1e45n/production/58104955c143b19f829502507db16c52e4841d9c-1600x1600.jpg",5,FixedPrice,345.00,GTC,Bourne End,SL8 5NF,"KK-LIVS-CONTOUR-BLK-001",5050140433287,"Kaiku","Black","Wood","Living Room Storage",FILL-shipping-policy-name,FILL-return-policy-name,FILL-payment-policy-name
Add,FILL-living-room-storage,"Contour Collection Pet Feeder Table","<p>A raised pet feeder table in wood with a black finish, 60 x 28 x 33cm and 6.5kg. Arrives pre-assembled.</p><ul><li>Dimensions: 28 x 60 x 33 cm</li><li>Material: Wood</li><li>Colour: Black</li></ul><p>Free UK delivery. Sold by Kaiku.</p>",1000,"https://cdn.sanity.io/images/huh1e45n/production/74e20e06862f835b2e61c7fc712e028aa598395a-1600x1600.jpg|https://cdn.sanity.io/images/huh1e45n/production/ca2fcaae8d86da7b7feb4158e18f9d9ed9445ff6-1600x1600.jpg|https://cdn.sanity.io/images/huh1e45n/production/a24ab3ef72b78bb294b4c0c93e30aa9afb813b25-1600x1600.jpg|https://cdn.sanity.io/images/huh1e45n/production/2b41297a009b711afdd5f35b4b008913d4f3b14f-1600x1600.jpg",2,FixedPrice,127.00,GTC,Bourne End,SL8 5NF,"KK-LIVS-CONTOUR-BLK-002",5050140433683,"Kaiku","Black","Wood","Living Room Storage",FILL-shipping-policy-name,FILL-return-policy-name,FILL-payment-policy-name
Add,FILL-living-room-storage,"Delphine Collection Sliding Glass Dresser Top","<p>The Delphine Collection Sliding Glass Dresser Top not only accentuates your dresser but also revamps your overall décor with its modern design. Designed to harmoniously blend with various styles, the glass top provides a surface that can suit both traditional and contemporary settings. Crafted with high-quality glass, the Delphine Collection Dresser Top is not only but also durable, ensuring a long-lasting addition to your home. Measuring perfectly to fit atop standard dressers, it offers not just aesthetics but a practical solution for clutter management, allowing you to keep essentials within reach while displaying décor items. Whether you're showcasing your favourite photographs, decorative plants, or a soft lamp, this dresser top provides a versatile platform. It proves to be an excellent choice for any room, creating an atmosphere that enhances your living experience.</p><ul><li>Dimensions: 38 x 126 x 120 cm</li><li>Material: Wood</li><li>Colour: Brown</li></ul><p>Free UK delivery. Sold by Kaiku.</p>",1000,"https://cdn.sanity.io/images/huh1e45n/production/4604ff189f5acc9d56d101647c58ea949a05acfa-1600x1599.jpg|https://cdn.sanity.io/images/huh1e45n/production/1c2000dcef4433a5ee3f3e89c1d3c146917cce63-1600x1600.jpg|https://cdn.sanity.io/images/huh1e45n/production/9ff768709240ac1b3309736ddf18351bcab94ceb-1600x1600.jpg|https://cdn.sanity.io/images/huh1e45n/production/597e132be7b4c1db9660666bd8353e9484f57f69-1600x1600.jpg|https://cdn.sanity.io/images/huh1e45n/production/7e021eeb123d816316c1aaeeae09000b70e979dd-1600x1600.jpg",4,FixedPrice,556.00,GTC,Bourne End,SL8 5NF,"KK-LIVS-DELPHINE-BRN-001",5050140465882,"Kaiku","Brown","Wood","Living Room Storage",FILL-shipping-policy-name,FILL-return-policy-name,FILL-payment-policy-name
Add,FILL-living-room-storage,"Easton 2 Drawer Chest of Drawers","<p>An oak chest of two drawers with a sandblasted sunburst finish, gold-style semi-circular handles and a matching metal base. 90 x 45 x 85cm.</p><ul><li>Dimensions: 90 x 45 x 85 cm</li><li>Material: Metal, Oak, Walnut, Marble</li><li>Colour: Oak, Walnut</li></ul><p>Free UK delivery. Sold by Kaiku.</p>",1000,"https://cdn.sanity.io/images/huh1e45n/production/fe6f7538624fb1e05015ff4d06df21a1f9395650-2000x2000.jpg|https://cdn.sanity.io/images/huh1e45n/production/bc77081ede2588fdd515021b2a6658cfbcbc5b37-2000x2000.jpg|https://cdn.sanity.io/images/huh1e45n/production/9212df7b10a55a769e13c368ab9152da9c86f73e-2000x2000.jpg|https://cdn.sanity.io/images/huh1e45n/production/6979fbe29ef0bda1a13bdffb5afe454c28771b4b-2000x2000.jpg",1,FixedPrice,880.00,GTC,Bourne End,SL8 5NF,"KK-COD-EAS-OAK-001",,"Kaiku","Oak","Metal","Living Room Storage",FILL-shipping-policy-name,FILL-return-policy-name,FILL-payment-policy-name
Add,FILL-garden-furniture,"Echo Putty Grey Chair","<p>An outdoor chair in putty grey, moulded from weather-resistant plastic, 55 x 50 x 77cm and 5.5kg. Some assembly required.</p><ul><li>Dimensions: 50 x 55 x 77 cm</li><li>Material: Plastic</li><li>Colour: Grey</li></ul><p>Free UK delivery. Sold by Kaiku.</p>",1000,"https://cdn.sanity.io/images/huh1e45n/production/989c36383c883bbbbe727ab84e19df0805163ee5-1600x1600.jpg|https://cdn.sanity.io/images/huh1e45n/production/1f49ae1804163ab195de32dcdffdb9b749bd2adf-1600x1600.jpg|https://cdn.sanity.io/images/huh1e45n/production/1f49ae1804163ab195de32dcdffdb9b749bd2adf-1600x1600.jpg|https://cdn.sanity.io/images/huh1e45n/production/ea671f2a081903f6cfb2fe08ffd7d6c28f23f7e9-1600x1600.jpg|https://cdn.sanity.io/images/huh1e45n/production/ee03747ae54b9144f190d0e72d7e48b69b406bc7-1600x1600.jpg",5,FixedPrice,83.00,GTC,Bourne End,SL8 5NF,"KK-GARF-ECHO-GRY-001",5050140429884,"Kaiku","Grey","Plastic","Garden Furniture",FILL-shipping-policy-name,FILL-return-policy-name,FILL-payment-policy-name
Add,FILL-side-tables,"Elmley Grey End Table","<p>A grey faux shagreen end table with a clear glass top and an antique-style brass surround. 45 x 45 x 60cm and 12kg.</p><ul><li>Dimensions: 45 x 45 x 60 cm</li><li>Material: Faux shagreen, Glass, Metal, Brass, Walnut, Linen</li><li>Colour: Grey, Brass, Walnut</li></ul><p>Free UK delivery. Sold by Kaiku.</p>",1000,"https://cdn.sanity.io/images/huh1e45n/production/938efbf024a9d683349235c9f9577c5bc11c3fa5-2000x2000.jpg|https://cdn.sanity.io/images/huh1e45n/production/2c4bc579e4c75185feca90fcddc6528143945b0b-2000x2000.jpg|https://cdn.sanity.io/images/huh1e45n/production/3cb9f58a593309747d6428771e43ce0988c871c1-2000x2000.jpg|https://cdn.sanity.io/images/huh1e45n/production/26852853d8da4eeb7e8c7b1a672d7bf559bb2ab9-2000x2000.jpg",1,FixedPrice,529.00,GTC,Bourne End,SL8 5NF,"KK-ET-ELM-GRY-001",,"Kaiku","Grey","Faux shagreen","Side Tables",FILL-shipping-policy-name,FILL-return-policy-name,FILL-payment-policy-name
Add,FILL-console-tables,"Elmley Ivory Console Table","<p>A console table with a clear tempered glass top, an ivory faux shagreen base and an antique brass-style surround. 120 x 40 x 80cm and 24kg, delivered fully assembled.</p><ul><li>Dimensions: 120 x 40 x 80 cm</li><li>Material: Faux shagreen, Glass, Metal, Linen</li><li>Colour: Brass, Ivory, Grey</li></ul><p>Free UK delivery. Sold by Kaiku.</p>",1000,"https://cdn.sanity.io/images/huh1e45n/production/8cd2fd34ba1cae17d4bfcdab276f9e5258bc0e0e-2000x2000.jpg|https://cdn.sanity.io/images/huh1e45n/production/93e4437b9514cffca68b553b2fcb530a75f34436-2000x2000.jpg|https://cdn.sanity.io/images/huh1e45n/production/cb593899f86b9d78dcb3fbcf4e331579fc3e5dcb-2000x2000.jpg|https://cdn.sanity.io/images/huh1e45n/production/2f8e018ab09fa6d80eef9d99adaa62cc873e9061-1200x1200.jpg|https://cdn.sanity.io/images/huh1e45n/production/219cd5ea63c92ed4d424246b801f7323cb32ee9a-2000x2000.jpg",1,FixedPrice,880.00,GTC,Bourne End,SL8 5NF,"KK-CON-ELM-IVY-001",,"Kaiku","Brass","Faux shagreen","Console Tables",FILL-shipping-policy-name,FILL-return-policy-name,FILL-payment-policy-name
Add,FILL-planters,"Eucalyptus Plant In Stone Effect Pot","<p>An artificial eucalyptus with silvery green foliage, supplied in a stone-effect pot. 19 x 19 x 23cm and 0.23kg, with no assembly needed.</p><ul><li>Dimensions: 19 x 19 x 23 cm</li><li>Material: Stone</li></ul><p>Free UK delivery. Sold by Kaiku.</p>",1000,"https://cdn.sanity.io/images/huh1e45n/production/b0a4e3c2e54763da08e766c3ae966e75f5e6577f-1600x1600.jpg|https://cdn.sanity.io/images/huh1e45n/production/ad3f39f5c7e59150f663c5deb205acec16c8bc0b-1600x1600.jpg|https://cdn.sanity.io/images/huh1e45n/production/af422f889f401d2b421686df467d88d159e22324-1600x1600.jpg|https://cdn.sanity.io/images/huh1e45n/production/f7f323715f7f76655192057741b0934879fd9fca-1800x1800.jpg",1,FixedPrice,22.00,GTC,Bourne End,SL8 5NF,"KK-PLNT-EUCALYPTUS-001",5050140209486,"Kaiku","","Stone","Planters",FILL-shipping-policy-name,FILL-return-policy-name,FILL-payment-policy-name
Add,FILL-console-tables,"Five Black Console Table","<p>A black console table in oak and oak veneer with the grain visible through the paint, and no drawers. 140 x 30 x 80cm and 20kg, delivered fully assembled.</p><ul><li>Dimensions: 140 x 30 x 80 cm</li><li>Material: Oak, Painted wood, Walnut, Marble, Metal, Linen</li><li>Colour: Black, Oak, Natural, Walnut</li></ul><p>Free UK delivery. Sold by Kaiku.</p>",1000,"https://cdn.sanity.io/images/huh1e45n/production/64d23dab3ae1ac005177d4aa905d4010e044c2f6-2000x2000.jpg|https://cdn.sanity.io/images/huh1e45n/production/92239ef74db8fc5fad5fe93bd534ece8905691f6-2000x2000.jpg|https://cdn.sanity.io/images/huh1e45n/production/8de117263b900a2f66682c7daf8662c474e52ba1-2000x2000.jpg",1,FixedPrice,498.00,GTC,Bourne End,SL8 5NF,"KK-CON-FIV-BLK-001",,"Kaiku","Black","Oak","Console Tables",FILL-shipping-policy-name,FILL-return-policy-name,FILL-payment-policy-name
Add,FILL-bedside-tables,"Grafton Black Bedside Table","<p>A bedside table with a solid oak drawer front and a faux concrete-effect top on a metal frame. 45 x 40 x 60cm, 16kg.</p><ul><li>Dimensions: 45 x 40 x 60 cm</li><li>Material: Metal, Oak</li><li>Colour: Black, Grey, Oak, Natural</li></ul><p>Free UK delivery. Sold by Kaiku.</p>",1000,"https://cdn.sanity.io/images/huh1e45n/production/9d19f86036e1302e2d5749be08e44cd34c3fb88c-2000x2000.jpg|https://cdn.sanity.io/images/huh1e45n/production/371df10071272881199f192a77846bc87fd88ff3-2000x2000.jpg|https://cdn.sanity.io/images/huh1e45n/production/574f09530dc42bd594b183c812aa5614d56a1c1a-2000x2000.jpg|https://cdn.sanity.io/images/huh1e45n/production/16f6931f2d199b760886e47e9ea038a847b84549-2000x2000.jpg",1,FixedPrice,364.00,GTC,Bourne End,SL8 5NF,"KK-BEDT-GRAFTON-BLK-001",,"Kaiku","Black","Metal","Bedside Tables",FILL-shipping-policy-name,FILL-return-policy-name,FILL-payment-policy-name
Add,FILL-living-room-storage,"Grafton Black Chest of Drawers","<p>A three-drawer chest with solid oak drawer fronts, a faux concrete top and a slate grey metal frame. 90 x 50 x 85cm, 67kg (72kg boxed).</p><ul><li>Dimensions: 90 x 50 x 85 cm</li><li>Material: Metal, Oak, Painted wood, Faux concrete, Linen</li><li>Colour: Black, Grey</li></ul><p>Free UK delivery. Sold by Kaiku.</p>",1000,"https://cdn.sanity.io/images/huh1e45n/production/a725a5f242469f909b3db86e03ca429c52e53ccb-2000x2000.jpg|https://cdn.sanity.io/images/huh1e45n/production/0b127169ac4f0b8ddab8983fac09600be335cfa1-2000x2000.jpg|https://cdn.sanity.io/images/huh1e45n/production/c16a7f2f95c13d3f06af3dc3692dfd61629d047b-2000x2000.jpg|https://cdn.sanity.io/images/huh1e45n/production/8186852327464f2fc6443844f862c65ccea2f7e3-2000x2000.jpg",1,FixedPrice,670.00,GTC,Bourne End,SL8 5NF,"KK-COD-GRA-BLK-001",,"Kaiku","Black","Metal","Living Room Storage",FILL-shipping-policy-name,FILL-return-policy-name,FILL-payment-policy-name
Add,FILL-console-tables,"Grafton Black Console Table","<p>A console table with a concrete-effect top, a solid oak drawer front and a black metal frame, with one drawer. 140 x 35 x 80cm, 15.4kg.</p><ul><li>Dimensions: 140 x 35 x 80 cm</li><li>Material: Metal, Oak, Linen</li><li>Colour: Black, Grey, Natural</li></ul><p>Free UK delivery. Sold by Kaiku.</p>",1000,"https://cdn.sanity.io/images/huh1e45n/production/5a933aedfe31dfa590e6d79272c93df47bfeca51-2000x2000.jpg|https://cdn.sanity.io/images/huh1e45n/production/cf648cd0bafaaa5ddb957c98f2c2ff25b30b2424-2000x2000.jpg|https://cdn.sanity.io/images/huh1e45n/production/54ffb1a327831f5b03a99c57fece860d36548c44-2000x2000.jpg|https://cdn.sanity.io/images/huh1e45n/production/452c736dbe0499b7763ae60404edbb181cae84ab-2000x2000.jpg",1,FixedPrice,606.00,GTC,Bourne End,SL8 5NF,"KK-CON-GRA-BLK-001",,"Kaiku","Black","Metal","Console Tables",FILL-shipping-policy-name,FILL-return-policy-name,FILL-payment-policy-name
Add,FILL-side-tables,"Grafton Black End Table","<p>An end table in solid oak on a black metal frame. 50 x 32 x 60cm, 7kg. Minor assembly may be required.</p><ul><li>Dimensions: 50 x 32 x 60 cm</li><li>Material: Metal, Oak, Linen, Concrete</li><li>Colour: Black, Grey, Natural</li></ul><p>Free UK delivery. Sold by Kaiku.</p>",1000,"https://cdn.sanity.io/images/huh1e45n/production/29075ff4cd689fbf87335887e79285cb421227d4-2000x2000.jpg|https://cdn.sanity.io/images/huh1e45n/production/754183dd2b56f08428364a7b1630a9c7e783ce5b-2000x2000.jpg|https://cdn.sanity.io/images/huh1e45n/production/22e8db2a2d9ee6ddf249586beb586cc6aafa3861-2000x2000.jpg|https://cdn.sanity.io/images/huh1e45n/production/6c3140964474fca4cfee9019665abd14b8cd1ffb-2000x2000.jpg",1,FixedPrice,301.00,GTC,Bourne End,SL8 5NF,"KK-ET-GRA-BLK-001",,"Kaiku","Black","Metal","Side Tables",FILL-shipping-policy-name,FILL-return-policy-name,FILL-payment-policy-name
Add,FILL-side-tables,"Haldon Collection Large 1 Drawer Lamp Table","<p>A wooden lamp table with one drawer in a natural brown finish, 40 x 40 x 90cm and 13kg. For indoor use.</p><ul><li>Dimensions: 40 x 40 x 90 cm</li><li>Material: Wood</li><li>Colour: Brown</li></ul><p>Free UK delivery. Sold by Kaiku.</p>",1000,"https://cdn.sanity.io/images/huh1e45n/production/d87607106686c8e7f025af50561aac4410b7e7fb-1600x1600.jpg|https://cdn.sanity.io/images/huh1e45n/production/744f5a273870960579761892fc8b24ebecc8311f-1600x1600.jpg|https://cdn.sanity.io/images/huh1e45n/production/2a94de09388356edbe32418d4ffed32d0a59cfe4-1600x1600.jpg|https://cdn.sanity.io/images/huh1e45n/production/86a384a0a6c416cca9828225a1720221eb36ef47-1600x1600.jpg|https://cdn.sanity.io/images/huh1e45n/production/e785f432731822830ec68d8f563a060e92a3131b-1600x1600.jpg",5,FixedPrice,212.00,GTC,Bourne End,SL8 5NF,"KK-ST-HALDON-BRN-001",5050140491287,"Kaiku","Brown","Wood","Side Tables",FILL-shipping-policy-name,FILL-return-policy-name,FILL-payment-policy-name
Add,FILL-bedside-tables,"Hampton Grey Bedside Table","<p>A bedside table in grey faux shagreen with one drawer on metal runners, and antique brass-style legs and handle. 56 x 46 x 66cm, 28kg. Minimal assembly.</p><ul><li>Dimensions: 56 x 46 x 66 cm</li><li>Material: Faux shagreen, Metal, Wood, Linen, Bouclé</li><li>Colour: Grey</li></ul><p>Free UK delivery. Sold by Kaiku.</p>",1000,"https://cdn.sanity.io/images/huh1e45n/production/7a6e7f569368a65ea97a0ed47fb6b07af28bc56d-2000x2000.jpg|https://cdn.sanity.io/images/huh1e45n/production/bc439494f6837553ea8eb49c3fdb9b27082d9b93-2000x2000.jpg|https://cdn.sanity.io/images/huh1e45n/production/617cf581713e190f1961ad5062cccf3127c1236c-2000x2000.jpg|https://cdn.sanity.io/images/huh1e45n/production/dcccd386e3b4b2dd5837e56e2d9386b414ff1867-2000x2000.jpg",1,FixedPrice,605.00,GTC,Bourne End,SL8 5NF,"KK-BT-HAM-GRY-001",,"Kaiku","Grey","Faux shagreen","Bedside Tables",FILL-shipping-policy-name,FILL-return-policy-name,FILL-payment-policy-name
Add,FILL-console-tables,"Hampton Brown Shagreen Console Table","<p>A console table in brown faux shagreen with two drawers on metal runners and walnut-effect interiors. 122 x 38 x 81cm, 24kg. Minimal assembly.</p><ul><li>Dimensions: 122 x 38 x 81 cm</li><li>Material: Faux shagreen, Metal, Wood, Linen</li><li>Colour: Brown, Grey, Ivory</li></ul><p>Free UK delivery. Sold by Kaiku.</p>",1000,"https://cdn.sanity.io/images/huh1e45n/production/48f934194c30bde028d7cc497dc48286f9c51e49-2000x2000.jpg|https://cdn.sanity.io/images/huh1e45n/production/0da0ee9bee996d901e084316a107d80d28aab321-2000x2000.jpg|https://cdn.sanity.io/images/huh1e45n/production/ff0d47723d32cdc04360820863bdae2887d48464-2000x2000.jpg|https://cdn.sanity.io/images/huh1e45n/production/3cca0897901eebe631e4c78fd6677bc71881f070-913x913.jpg|https://cdn.sanity.io/images/huh1e45n/production/fc6b3cf7bbf1f29fc470a2366d44f2af7e92a9f7-913x913.jpg|https://cdn.sanity.io/images/huh1e45n/production/2d1c9d56172147afea4a8f09b29b39500e0e5044-2000x2000.jpg",1,FixedPrice,819.00,GTC,Bourne End,SL8 5NF,"KK-CON-HAM-BRN-001",,"Kaiku","Brown","Faux shagreen","Console Tables",FILL-shipping-policy-name,FILL-return-policy-name,FILL-payment-policy-name
Add,FILL-side-tables,"Hampton Ivory Shagreen Nest of Tables","<p>A nest of two tables in ivory faux shagreen on metal frames. 39 x 39 x 54cm, 7kg for the set.</p><ul><li>Dimensions: 39 x 39 x 54 cm</li><li>Material: Faux shagreen, Metal, Bouclé, Linen</li><li>Colour: Ivory, Grey</li></ul><p>Free UK delivery. Sold by Kaiku.</p>",1000,"https://cdn.sanity.io/images/huh1e45n/production/b46172404980b72ebf7d7c6ae049466ea3adfbbc-2000x2000.jpg|https://cdn.sanity.io/images/huh1e45n/production/17342540b54242d75ccf4f331ef9c8bd241d2f74-2000x2000.jpg|https://cdn.sanity.io/images/huh1e45n/production/2e8bba7a4cda1f231e5cb070d3f58d498cb06072-2000x2000.jpg|https://cdn.sanity.io/images/huh1e45n/production/7156c70bf199bddd3f26752a7987fd0a3abded11-1200x1200.jpg|https://cdn.sanity.io/images/huh1e45n/production/3e7507f2dabf38cf27f7181b139a5d167ec92199-2000x2000.jpg",1,FixedPrice,559.00,GTC,Bourne End,SL8 5NF,"KK-NT-HAM-IVY-001",,"Kaiku","Ivory","Faux shagreen","Side Tables",FILL-shipping-policy-name,FILL-return-policy-name,FILL-payment-policy-name
Add,FILL-living-room-storage,"Hampton Ivory Shagreen Chest of Drawers","<p>A three-drawer chest in ivory faux shagreen with metal runners and walnut-style drawer interiors. 90 x 45 x 85cm, 50kg (56kg boxed). Handles attach after delivery.</p><ul><li>Dimensions: 90 x 45 x 85 cm</li><li>Material: Faux shagreen, Metal, Wood, Marble, Linen</li><li>Colour: Ivory, Grey</li></ul><p>Free UK delivery. Sold by Kaiku.</p>",1000,"https://cdn.sanity.io/images/huh1e45n/production/5584a08604cde17d57c814386d77b5c59021cdbe-2000x2000.jpg|https://cdn.sanity.io/images/huh1e45n/production/9be59da394d8a9b78edf7980807613796c222aca-2000x2000.jpg|https://cdn.sanity.io/images/huh1e45n/production/7980a846ec9428976f18dddf5b05d49595e53524-2000x2000.jpg|https://cdn.sanity.io/images/huh1e45n/production/7dfad6716c85e1d3f120ecfdc0da9adc491721a1-2000x2000.jpg|https://cdn.sanity.io/images/huh1e45n/production/290bfe69d0fa554990c55565f7aaab1c062fce9f-1200x1200.jpg",1,FixedPrice,1186.00,GTC,Bourne End,SL8 5NF,"KK-COD-HAM-IVY-001",,"Kaiku","Ivory","Faux shagreen","Living Room Storage",FILL-shipping-policy-name,FILL-return-policy-name,FILL-payment-policy-name
Add,FILL-bathroom-mirrors,"Hampton Ivory Octagonal Wall Mirror","<p>An octagonal wall mirror framed in ivory faux shagreen. 80 x 80cm, 2.5cm deep, weighing 10kg (20kg boxed).</p><ul><li>Dimensions: 80 x 2.5 x 80 cm</li><li>Material: Faux shagreen, Mirrored glass, Walnut, Marble, Linen</li><li>Colour: Ivory, Walnut</li></ul><p>Free UK delivery. Sold by Kaiku.</p>",1000,"https://cdn.sanity.io/images/huh1e45n/production/a9bda8a4f384c36b8188d21fba315e5ab40f7ada-2000x2000.jpg|https://cdn.sanity.io/images/huh1e45n/production/012111b317ad6672c46756e02c2a7dd81c9bd929-2000x2000.jpg|https://cdn.sanity.io/images/huh1e45n/production/c306cbb35c2d1e7976a8a70659cd0bcbd74f2cc0-2000x2000.jpg|https://cdn.sanity.io/images/huh1e45n/production/378c1a4bcab458c193e0ec9e75839368a3dc649c-2000x2000.jpg",1,FixedPrice,636.00,GTC,Bourne End,SL8 5NF,"KK-MIR-HAM-IVY-002",,"Kaiku","Ivory","Faux shagreen","Bathroom Mirrors",FILL-shipping-policy-name,FILL-return-policy-name,FILL-payment-policy-name
Add,FILL-bedside-tables,"Hampton Ivory Round Bedside Table","<p>A round bedside table in ivory faux shagreen with one drawer on metal runners and a walnut-style interior. 45 x 45 x 60cm, 18kg.</p><ul><li>Dimensions: 45 x 45 x 60 cm</li><li>Material: Faux shagreen, Metal, Wood</li><li>Colour: Ivory</li></ul><p>Free UK delivery. Sold by Kaiku.</p>",1000,"https://cdn.sanity.io/images/huh1e45n/production/a1035e6a56118ae5e14d80e80935199ed49e7af5-2000x2000.jpg|https://cdn.sanity.io/images/huh1e45n/production/50e6c569b643e1a6baa29e9151462a8756ee1e81-2000x2000.jpg|https://cdn.sanity.io/images/huh1e45n/production/c43b24d05e5aded43893c6411f8df57a32f29608-2000x2000.jpg|https://cdn.sanity.io/images/huh1e45n/production/87d34dd2c1b4bf9c1cbe9a9163941c26234aa1a1-2000x2000.jpg",1,FixedPrice,574.00,GTC,Bourne End,SL8 5NF,"KK-BT-HAM-IVY-002",,"Kaiku","Ivory","Faux shagreen","Bedside Tables",FILL-shipping-policy-name,FILL-return-policy-name,FILL-payment-policy-name
Add,FILL-bedside-tables,"Hampton Ivory Square Bedside Table","<p>A square bedside table in ivory faux shagreen with one drawer on metal runners and a walnut-effect interior. 45 x 45 x 60cm, 10kg.</p><ul><li>Dimensions: 45 x 45 x 60 cm</li><li>Material: Faux shagreen, Metal, Wood</li><li>Colour: Ivory, Grey, Brown, Neutral</li></ul><p>Free UK delivery. Sold by Kaiku.</p>",1000,"https://cdn.sanity.io/images/huh1e45n/production/7c4b06c4594a48d3b417188aeef64db50136cc8d-2000x2000.jpg|https://cdn.sanity.io/images/huh1e45n/production/cf3783983674c0718bb98c8447fe3c398014f30f-2000x2000.jpg|https://cdn.sanity.io/images/huh1e45n/production/9ec68aa2a384ee9d6d65102c13221d08d89f9d66-2000x2000.jpg|https://cdn.sanity.io/images/huh1e45n/production/60360266827f8efb2781e6997707261360004212-2000x2000.jpg|https://cdn.sanity.io/images/huh1e45n/production/102b2b3075adb0de47413d29dc6b37fb7f80aacb-146x146.jpg|https://cdn.sanity.io/images/huh1e45n/production/b0430b5fb19622e1cbbe9edaa169d9d10b7af98c-146x146.jpg",1,FixedPrice,544.00,GTC,Bourne End,SL8 5NF,"KK-BT-HAM-IVY-001",,"Kaiku","Ivory","Faux shagreen","Bedside Tables",FILL-shipping-policy-name,FILL-return-policy-name,FILL-payment-policy-name
Add,FILL-tv-units,"Hampton Ivory Shagreen TV Unit","<p>A TV unit in ivory faux shagreen with fixed internal shelving behind two doors. 160 x 50 x 55cm, 85kg (90kg boxed). Handles attach after delivery.</p><ul><li>Dimensions: 160 x 50 x 55 cm</li><li>Material: Faux shagreen, Metal, Wood, Linen</li><li>Colour: Ivory, Brown, Black, Neutral</li></ul><p>Free UK delivery. Sold by Kaiku.</p>",1000,"https://cdn.sanity.io/images/huh1e45n/production/531d9d8c33e9fa7731f16a363e61bd842a25cdc5-2000x2000.jpg|https://cdn.sanity.io/images/huh1e45n/production/060d083f4ec982924a11f004d19be2920142ce77-2000x2000.jpg|https://cdn.sanity.io/images/huh1e45n/production/fc596e827e93f59c1fc45c9fcbc8d091d4114839-2000x2000.jpg|https://cdn.sanity.io/images/huh1e45n/production/7de6be2bfaec512f5173d6111c24db51e985d82e-2000x2000.jpg|https://cdn.sanity.io/images/huh1e45n/production/4325112007513b102683f25f5222a8ac5524460d-1200x1200.jpg|https://cdn.sanity.io/images/huh1e45n/production/f8896d249baa2e7b05f7c6ecf88b769de6783a3e-1200x1200.jpg|https://cdn.sanity.io/images/huh1e45n/production/e80d0b7a66df7f5549662206581b1b8a0720470b-2000x2000.jpg|https://cdn.sanity.io/images/huh1e45n/production/352ea04cc761bffb48ffae09cec91f18b16fa0b0-2000x2000.jpg",1,FixedPrice,1109.00,GTC,Bourne End,SL8 5NF,"KK-TV-HAM-IVY-001",,"Kaiku","Ivory","Faux shagreen","Tv Units",FILL-shipping-policy-name,FILL-return-policy-name,FILL-payment-policy-name
Add,FILL-bathroom-mirrors,"Hampton Ivory Shagreen Square Wall Mirror","<p>A square wall mirror framed in ivory faux shagreen. 80 x 80cm, 2.5cm deep, weighing 10kg.</p><ul><li>Dimensions: 80 x 80 x 2.5 cm</li><li>Material: Faux shagreen, Linen</li><li>Colour: Brass, Ivory</li></ul><p>Free UK delivery. Sold by Kaiku.</p>",1000,"https://cdn.sanity.io/images/huh1e45n/production/8a726df3b312df1b14cf2f0fdd681f60335be7bc-2000x2000.jpg|https://cdn.sanity.io/images/huh1e45n/production/fcc80e83a433dd44c92242f2e7b6a7a114280f92-2000x2000.jpg|https://cdn.sanity.io/images/huh1e45n/production/eb63c868ee7b60bec6c7ba08b39f1b347fb796c1-2000x2000.jpg|https://cdn.sanity.io/images/huh1e45n/production/4aac53dd0cf820333a0c6ae2290402ffcd75edb5-2000x2000.jpg",1,FixedPrice,506.00,GTC,Bourne End,SL8 5NF,"KK-MIR-HAM-IVY-001",,"Kaiku","Brass","Faux shagreen","Bathroom Mirrors",FILL-shipping-policy-name,FILL-return-policy-name,FILL-payment-policy-name
Add,FILL-sofas,"Himbleton Green 3 Seater Sofa","<p>A three-seater sofa in green textured chenille on powder-coated steel legs. 218 x 88 x 82cm. Minimal assembly — the legs fit after delivery.</p><ul><li>Dimensions: 218 x 88 x 82 cm</li><li>Material: Fabric, Chenille, Steel, Brass, Linen</li><li>Colour: Green, Blue, Brass</li></ul><p>Free UK delivery. Sold by Kaiku.</p>",1000,"https://cdn.sanity.io/images/huh1e45n/production/9d2d4de20151b671ad5763a5637da7da5342104c-2000x2000.jpg|https://cdn.sanity.io/images/huh1e45n/production/311bce29cee6695375966f089b5e9ec52f70cdc1-2000x2000.jpg|https://cdn.sanity.io/images/huh1e45n/production/54cfbb374d8e703a622e407dda684909399801ce-2000x2000.jpg|https://cdn.sanity.io/images/huh1e45n/production/ffcda9a061005a2f15dfcec5075050d9272ef0d3-2000x2000.jpg|https://cdn.sanity.io/images/huh1e45n/production/f2004f04a0b1e04c66b5b8eb4c5aac338def14a9-2000x2000.jpg|https://cdn.sanity.io/images/huh1e45n/production/6f03cfb32d8616750bd87e6f5f84a738714eb312-2000x2000.jpg|https://cdn.sanity.io/images/huh1e45n/production/ab173ec4eb58d8a98d9cae8fb99317be017b7230-2000x2000.jpg|https://cdn.sanity.io/images/huh1e45n/production/306ee5214f307d67320e5e24b5e8a3e1a3639c09-2000x2000.jpg|https://cdn.sanity.io/images/huh1e45n/production/a9ccb82ae7299004316a2611db4717c569549823-900x900.jpg",1,FixedPrice,1064.00,GTC,Bourne End,SL8 5NF,"KK-SOF-HIM-GRN-001",,"Kaiku","Green","Fabric","Sofas",FILL-shipping-policy-name,FILL-return-policy-name,FILL-payment-policy-name
Add,FILL-living-room-storage,"Huddington Black Sideboard","<p>A three-door sideboard in black with an architectural panelled design and internal shelving. 150 x 45 x 87cm, 57kg.</p><ul><li>Dimensions: 150 x 45 x 87 cm</li><li>Material: Wood, Linen</li><li>Colour: Black</li></ul><p>Free UK delivery. Sold by Kaiku.</p>",1000,"https://cdn.sanity.io/images/huh1e45n/production/7547ddfbaba6fa28aadf778ef908bab75913a106-2000x2000.jpg|https://cdn.sanity.io/images/huh1e45n/production/a802ce999875a88e56a4d9506e62ae23f2185b0e-2000x2000.jpg|https://cdn.sanity.io/images/huh1e45n/production/f20ea6f094a692bcabfc9b3956add6a00d2b4126-2000x2000.jpg|https://cdn.sanity.io/images/huh1e45n/production/bfbdb95938cb49bdf6b32b0b45dec4246411bb67-2000x2000.jpg|https://cdn.sanity.io/images/huh1e45n/production/cc119008151ab0ba3237dcddbc31b2cba8d34f08-1333x2000.png",1,FixedPrice,1033.00,GTC,Bourne End,SL8 5NF,"KK-SB-HUD-BLK-001",,"Kaiku","Black","Wood","Living Room Storage",FILL-shipping-policy-name,FILL-return-policy-name,FILL-payment-policy-name
Add,FILL-sofas,"Kington Grey Club Chair","<p>A club chair in soft grey upholstery on a plywood and rubberwood frame. 70 x 62 x 81cm, 12kg.</p><ul><li>Dimensions: 62 x 70 x 81 cm</li><li>Material: Fabric, Marble, Linen</li><li>Colour: Grey, Neutral</li></ul><p>Free UK delivery. Sold by Kaiku.</p>",1000,"https://cdn.sanity.io/images/huh1e45n/production/08650dd646426cffb385ee33bb7c4420b5c07841-2000x2000.jpg|https://cdn.sanity.io/images/huh1e45n/production/6e56b6cffd49a7c7745d38dc644b4e4f750f2f18-2000x2000.jpg|https://cdn.sanity.io/images/huh1e45n/production/e7b2b573cab455df1248b3c5b765ab02cc39b648-2000x2000.jpg|https://cdn.sanity.io/images/huh1e45n/production/7e5d455c46ec0dac30eb81f7495d51b5c8513ae2-2000x2000.jpg|https://cdn.sanity.io/images/huh1e45n/production/7fc253f22bdfd11d6508520d088dc00be2f62786-2000x2000.jpg|https://cdn.sanity.io/images/huh1e45n/production/8df694f6ef02d0c7b5b0cd7c6b77a296ac417c38-2000x2000.jpg",1,FixedPrice,574.00,GTC,Bourne End,SL8 5NF,"KK-CHR-KNG-GRY-001",,"Kaiku","Grey","Fabric","Sofas",FILL-shipping-policy-name,FILL-return-policy-name,FILL-payment-policy-name
Add,FILL-garden-furniture,"Kyra French Grey Chair","<p>An outdoor chair moulded from plastic in a French grey finish, 46 x 43 x 80cm and 4.6kg.</p><ul><li>Dimensions: 46 x 43 x 80 cm</li><li>Material: Plastic</li><li>Colour: Green</li></ul><p>Free UK delivery. Sold by Kaiku.</p>",1000,"https://cdn.sanity.io/images/huh1e45n/production/5de22b00c9fde00ab5d9675f2a30f777da9b28dd-1600x1600.jpg|https://cdn.sanity.io/images/huh1e45n/production/30ffb1ed7a85dc55f3d992f4dd5b72af6b6dad11-1600x1600.jpg|https://cdn.sanity.io/images/huh1e45n/production/abf142ec51b1ccd4e6a5acd621225a19d502f4cf-1600x1600.jpg|https://cdn.sanity.io/images/huh1e45n/production/58f2fce37d0ab735759651a9fffff3da60ed0023-1600x1600.jpg",1,FixedPrice,74.00,GTC,Bourne End,SL8 5NF,"KK-GARF-KYRA-GRN-001",5050140430880,"Kaiku","Green","Plastic","Garden Furniture",FILL-shipping-policy-name,FILL-return-policy-name,FILL-payment-policy-name
Add,FILL-shelving,"Large Black Multi Shelf Unit","<p>A 200cm shelving unit with seven asymmetrically arranged shelves in wood on a black metal frame. 100 x 40 x 200cm, 30.3kg. Assembly required; anti-tip safety strap supplied.</p><ul><li>Dimensions: 40 x 100 x 200 cm</li><li>Material: Metal, Wood</li><li>Colour: Black</li></ul><p>Free UK delivery. Sold by Kaiku.</p>",1000,"https://cdn.sanity.io/images/huh1e45n/production/c380f85fe853c40015179aaa3dda19331ed18705-1600x1600.jpg|https://cdn.sanity.io/images/huh1e45n/production/2d64c27a3f00b64e3751af84118690b31d396ac5-1600x1600.jpg|https://cdn.sanity.io/images/huh1e45n/production/8a0dcf1c94ec673f307350effac9ed0ae56e715f-1600x1600.jpg|https://cdn.sanity.io/images/huh1e45n/production/bd7088847b0d5e426d2a490475b5b073d61adfb1-1600x1600.jpg",5,FixedPrice,751.00,GTC,Bourne End,SL8 5NF,"KK-SHLV-BLACK-BLK-001",5050140271483,"Kaiku","Black","Metal","Shelving",FILL-shipping-policy-name,FILL-return-policy-name,FILL-payment-policy-name
Add,FILL-shelving,"Large Circular Silver Wall Hanging Multi Shelf","<p>A wall-mounted circular display shelf in silver-finish metal with multiple integrated shelves. 92 x 92 x 22cm, 6.22kg.</p><ul><li>Dimensions: 22 x 92 x 92 cm</li><li>Material: Metal, Mirrored glass</li><li>Colour: Silver</li></ul><p>Free UK delivery. Sold by Kaiku.</p>",1000,"https://cdn.sanity.io/images/huh1e45n/production/ddc906737cd65ce64d995c6fcc861c69d2fff300-1600x1600.jpg|https://cdn.sanity.io/images/huh1e45n/production/2710529354ba3f2077ec54baf33624e569cebfbe-1600x1600.jpg|https://cdn.sanity.io/images/huh1e45n/production/4264130dc0541a36b0a149e3e92f20a6477acefc-1600x1600.jpg|https://cdn.sanity.io/images/huh1e45n/production/69202213d0db264a40607011bcd0b4f1ea24c556-1600x1600.jpg",1,FixedPrice,234.00,GTC,Bourne End,SL8 5NF,"KK-SHLV-CIRCULAR-001",5050140877296,"Kaiku","Silver","Metal","Shelving",FILL-shipping-policy-name,FILL-return-policy-name,FILL-payment-policy-name
Add,FILL-candles-and-lanterns,"Large Grey Stone Effect Hurricane Lantern","<p>A ceramic hurricane lantern in grey with a stone-effect finish and a glass surround, 20 x 20 x 32cm and 2kg.</p><ul><li>Dimensions: 20 x 20 x 32 cm</li><li>Material: Ceramic</li><li>Colour: Grey</li></ul><p>Free UK delivery. Sold by Kaiku.</p>",1000,"https://cdn.sanity.io/images/huh1e45n/production/fc823035f97c5cf206fdd1afef896e4cda4e41e8-1800x1800.jpg|https://cdn.sanity.io/images/huh1e45n/production/0c7b77cda820011569723c2550225a52615dd9b2-1800x1800.jpg|https://cdn.sanity.io/images/huh1e45n/production/bf242e35fefe3722771d94eafee09a41c2fecfea-1800x1800.jpg",5,FixedPrice,58.00,GTC,Bourne End,SL8 5NF,"KK-XMSD-GREY-GRY-001",5050140366189,"Kaiku","Grey","Ceramic","Candles And Lanterns",FILL-shipping-policy-name,FILL-return-policy-name,FILL-payment-policy-name
Add,FILL-lighting,"Large Ribbed Gesso Table Lamp","<p>A large table lamp with a ribbed base in a textured matte gesso finish. 41 x 41 x 81cm, 10kg.</p><ul><li>Dimensions: 41 x 41 x 81 cm</li><li>Material: Gesso, Marble, Bouclé, Linen, Fabric</li><li>Colour: Brown, Neutral, Taupe</li></ul><p>Free UK delivery. Sold by Kaiku.</p>",1000,"https://cdn.sanity.io/images/huh1e45n/production/7c83692c1ce35524c16ce2e8af25ede18026f969-2000x2000.jpg|https://cdn.sanity.io/images/huh1e45n/production/854ff7eff643cf35333f68a1bd735ef8e2d23086-2000x2000.jpg|https://cdn.sanity.io/images/huh1e45n/production/8f5cfea394a5e6f8a1c46aa2ba179866538495ad-2000x2000.jpg|https://cdn.sanity.io/images/huh1e45n/production/cfed31aab3bdee2976570ce6d089133f0b30ab43-2000x2000.jpg|https://cdn.sanity.io/images/huh1e45n/production/89c27dc202bf89760c55aed93e1ac0bc01309970-2000x2000.jpg|https://cdn.sanity.io/images/huh1e45n/production/6bfb978e449d1a77491a0020e51de2aa1d506f8c-1545x2000.jpg",1,FixedPrice,243.00,GTC,Bourne End,SL8 5NF,"KK-LT-RIB-GES-001",,"Kaiku","Brown","Gesso","Lighting",FILL-shipping-policy-name,FILL-return-policy-name,FILL-payment-policy-name
Add,FILL-lighting,"Large Round Gesso Table Lamp","<p>A large table lamp with a round base in a textured matte gesso finish. 46 x 46 x 88cm, 15kg.</p><ul><li>Dimensions: 46 x 46 x 88 cm</li><li>Material: Gesso, Marble, Bouclé, Linen</li><li>Colour: Brown, Taupe, Neutral</li></ul><p>Free UK delivery. Sold by Kaiku.</p>",1000,"https://cdn.sanity.io/images/huh1e45n/production/e9c281ea5d69e5f092ede6cb0461c86738f9e8ee-2000x2000.jpg|https://cdn.sanity.io/images/huh1e45n/production/ca065d26dbae1917bf06713fdd392163a71eb36e-2000x2000.jpg|https://cdn.sanity.io/images/huh1e45n/production/549663f7b32e0faa4a1df16f23347b651c5363f4-2000x2000.jpg|https://cdn.sanity.io/images/huh1e45n/production/f6767c126aed54e4d2c8caa510da32fb4b0c70a0-2000x2000.jpg|https://cdn.sanity.io/images/huh1e45n/production/d5213a7314766f7890c334f3216dd3f6bce57ca7-2000x1545.jpg|https://cdn.sanity.io/images/huh1e45n/production/1b9bcccb82e18ff48980c4be0237d9eff69bc288-2000x2000.jpg|https://cdn.sanity.io/images/huh1e45n/production/f103b4eccc1fb6e0e8d4c38dd9401f2ee0a3bc87-1500x2000.jpg",1,FixedPrice,269.00,GTC,Bourne End,SL8 5NF,"KK-LT-GES-LRG-001",,"Kaiku","Brown","Gesso","Lighting",FILL-shipping-policy-name,FILL-return-policy-name,FILL-payment-policy-name
Add,FILL-christmas-decorations,"Large Rustic Metal Hanging Bell","<p>A small hanging bell in metal with a rustic brown-toned finish, 8 x 8 x 10cm and 0.08kg. Comes with its own hanging fitting.</p><ul><li>Dimensions: 8 x 8 x 10 cm</li><li>Material: Metal</li><li>Colour: Brown</li></ul><p>Free UK delivery. Sold by Kaiku.</p>",1000,"https://cdn.sanity.io/images/huh1e45n/production/6174d5978bb06893cbc576ecb3b365610929c1d0-1600x1600.jpg|https://cdn.sanity.io/images/huh1e45n/production/a792c7095970ff44e1bc8cd1156a91a06ea21222-1600x1600.jpg|https://cdn.sanity.io/images/huh1e45n/production/2bded3c9d24666735e5f0b2d499d746b34d45f5f-1600x1600.jpg",1,FixedPrice,19.00,GTC,Bourne End,SL8 5NF,"KK-XMSD-RUSTIC-BRN-001",5050140401583,"Kaiku","Brown","Metal","Christmas Decorations",FILL-shipping-policy-name,FILL-return-policy-name,FILL-payment-policy-name
Add,FILL-lighting,"Small Rectangular Gesso Table Lamp","<p>A table lamp with a rectangular base in a textured matte gesso finish. 31 x 31 x 55cm.</p><ul><li>Dimensions: 31 x 31 x 55 cm</li><li>Material: Gesso, Marble, Reclaimed wood, Linen</li><li>Colour: Brown, Taupe, Black</li></ul><p>Free UK delivery. Sold by Kaiku.</p>",1000,"https://cdn.sanity.io/images/huh1e45n/production/87a3e84472da12479e7c93b6cc20e57622ca1a18-2000x2000.jpg|https://cdn.sanity.io/images/huh1e45n/production/280d9935c20f0be2ea7e41fa8c4c1e70bb0744f7-2000x2000.jpg|https://cdn.sanity.io/images/huh1e45n/production/9da6564249606c38ce8e0516dd2ce9539e7feda2-2000x2000.jpg|https://cdn.sanity.io/images/huh1e45n/production/29eeedc74d0e3b56516ed5d06d583f12838a598b-2000x2000.jpg|https://cdn.sanity.io/images/huh1e45n/production/94f511eadeb45f04653fc4d59c11aece25264645-2000x1545.jpg|https://cdn.sanity.io/images/huh1e45n/production/74c49a284671e41466e09f425d7b5b10b3c1bf19-2000x2000.jpg|https://cdn.sanity.io/images/huh1e45n/production/68db0930421048612d330481e6e9883703156af3-2000x2000.jpg",1,FixedPrice,224.00,GTC,Bourne End,SL8 5NF,"KK-LT-GES-SML-001",,"Kaiku","Brown","Gesso","Lighting",FILL-shipping-policy-name,FILL-return-policy-name,FILL-payment-policy-name
Add,FILL-side-tables,"Leckford Ribbed Black Oak Occasional Table","<p>A tall round occasional table with a ribbed base, in oak, oak veneer and MDF. 75cm across and 76cm high, 23kg. Assembly required, ships in two packages.</p><ul><li>Dimensions: 75 x 75 x 76 cm</li><li>Material: Oak, MDF, Metal, Glass</li><li>Colour: Black, Oak, Natural</li></ul><p>Free UK delivery. Sold by Kaiku.</p>",1000,"https://cdn.sanity.io/images/huh1e45n/production/927cc81fb6bc71c76ec666a68400388d1dee4e16-2000x2000.jpg|https://cdn.sanity.io/images/huh1e45n/production/9d5a39cc89ccd83cbcd2789823bd720c3a806691-2000x2000.jpg|https://cdn.sanity.io/images/huh1e45n/production/cb96ff2da2e207d316f417662d9927b85fb34a42-2000x2000.jpg|https://cdn.sanity.io/images/huh1e45n/production/1a34bd6cb9d59c114395f5ac9ffacf8c0af251bf-2000x2000.jpg|https://cdn.sanity.io/images/huh1e45n/production/347bb928ad712037fcf7c212e2ee7532c28edd78-2000x2000.jpg|https://cdn.sanity.io/images/huh1e45n/production/38df4bfd3a50c500942d86a2a33dcbb159b635f2-1200x1200.jpg|https://cdn.sanity.io/images/huh1e45n/production/f569a8895409a49e8ed5021f5f763cd7d60439c2-2000x2000.jpg|https://cdn.sanity.io/images/huh1e45n/production/bc5885e6c89ddb31f5c939534854795c90c3601f-2000x2000.jpg|https://cdn.sanity.io/images/huh1e45n/production/80844e1ba2d1d47efeb88cb758d895f87f89eb5b-2000x2000.jpg",1,FixedPrice,574.00,GTC,Bourne End,SL8 5NF,"KK-OT-LEC-BLK-001",,"Kaiku","Black","Oak","Side Tables",FILL-shipping-policy-name,FILL-return-policy-name,FILL-payment-policy-name
Add,FILL-sofas,"Mickleton Cream Chenille Armchair","<p>An armchair in cream chenille on a metal frame, with supportive cushioning. 66 x 76 x 79cm, 17.7kg (24.5kg boxed).</p><ul><li>Dimensions: 66 x 76.2 x 79 cm</li><li>Material: Metal, Fabric, Chenille, Oak</li><li>Colour: Cream, Oak, Natural</li></ul><p>Free UK delivery. Sold by Kaiku.</p>",1000,"https://cdn.sanity.io/images/huh1e45n/production/3eaf0a2e8b0d18e91f5d85f06b52e36aa491b93f-2000x2000.jpg|https://cdn.sanity.io/images/huh1e45n/production/5a1db45928318f3ea373600016b84e981364f07b-2000x2000.jpg|https://cdn.sanity.io/images/huh1e45n/production/47387edb2d0222cf754dff4652c2bec740679d05-2000x2000.jpg|https://cdn.sanity.io/images/huh1e45n/production/48a39ee6d729859dffc7847ca1aceba45eb05cbd-2000x2000.jpg",1,FixedPrice,681.00,GTC,Bourne End,SL8 5NF,"KK-SOFA-MICKLETON-CRM-001",,"Kaiku","Cream","Metal","Sofas",FILL-shipping-policy-name,FILL-return-policy-name,FILL-payment-policy-name
Add,FILL-bedroom-mirrors,"Nahla Large Mirror With Dimpled Frame","<p>A near-square wall mirror in a dimpled gold-finished frame, 86 x 3 x 82cm and 8kg. Mounting fittings included.</p><ul><li>Dimensions: 3 x 86 x 82 cm</li><li>Material: Glass, Mirrored glass</li><li>Colour: Gold</li></ul><p>Free UK delivery. Sold by Kaiku.</p>",1000,"https://cdn.sanity.io/images/huh1e45n/production/31ac104e40d0260077eff6b60e07e7a790c8b17d-1600x1600.jpg|https://cdn.sanity.io/images/huh1e45n/production/543a7cda5553edac3bd3647e2f3cb280db30f96f-1600x1600.jpg|https://cdn.sanity.io/images/huh1e45n/production/392e06d293b7fab0690029dc7b60fba3dc826c3d-1600x1600.jpg|https://cdn.sanity.io/images/huh1e45n/production/85f5939cc6013ba99f4d90843264ff3fae199959-1600x1600.jpg",1,FixedPrice,119.00,GTC,Bourne End,SL8 5NF,"KK-BEDM-NAHLA-GLD-001",5050140438985,"Kaiku","Gold","Glass","Bedroom Mirrors",FILL-shipping-policy-name,FILL-return-policy-name,FILL-payment-policy-name
Add,FILL-side-tables,"Neatham End Table","<p>A square end table, 40 x 40 x 60cm and 10kg.</p><ul><li>Dimensions: 40 x 40 x 60 cm</li><li>Material: Faux concrete, Metal</li><li>Colour: Black, Brass, Gold</li></ul><p>Free UK delivery. Sold by Kaiku.</p>",1000,"https://cdn.sanity.io/images/huh1e45n/production/b4450bfec56c8e3a922dbb710a4bb8a85334bad0-2000x2000.jpg|https://cdn.sanity.io/images/huh1e45n/production/a92da6069a628fdc8d9d64fd5557d67e89e793de-1333x2000.jpg|https://cdn.sanity.io/images/huh1e45n/production/1188735d6b8b8b0336f470200cccf4737b7b50d3-2000x1333.jpg|https://cdn.sanity.io/images/huh1e45n/production/39144ef8e78abd3e6b1603deca12b90056f217fe-2000x2000.jpg",1,FixedPrice,364.00,GTC,Bourne End,SL8 5NF,"KK-ET-NEA-001",,"Kaiku","Black","Faux concrete","Side Tables",FILL-shipping-policy-name,FILL-return-policy-name,FILL-payment-policy-name
Add,FILL-side-tables,"Norton Black Square End Table","<p>Perfect as a side table, sofa table, bedside table or lamp table, it complements modern homes, luxury apartments, boutique hotels and designer commercial spaces with its timeless architectural design and versatile styling.</p><ul><li>Dimensions: 56 x 56 x 48 cm</li><li>Material: Metal</li><li>Colour: Black</li></ul><p>Free UK delivery. Sold by Kaiku.</p>",1000,"https://cdn.sanity.io/images/huh1e45n/production/2d6d697372ea7c1f58cfb84dee5d27f229ebc652-2000x2000.jpg|https://cdn.sanity.io/images/huh1e45n/production/ee611a953088d88c2f85dfaac658a361c1cb5c23-2000x2000.jpg|https://cdn.sanity.io/images/huh1e45n/production/23cb7c1f3395a6b37f125ea728070cab9e2db796-2000x2000.jpg|https://cdn.sanity.io/images/huh1e45n/production/89539bce8fa46e22bbbe4602cdd8607fa5a0ad3a-2000x2000.jpg",1,FixedPrice,281.00,GTC,Bourne End,SL8 5NF,"KK-ET-NOR-BLK-001",,"Kaiku","Black","Metal","Side Tables",FILL-shipping-policy-name,FILL-return-policy-name,FILL-payment-policy-name
Add,FILL-garden-furniture,"Provence Collection Outdoor Bistro Table","<p>A steel outdoor bistro table in a neutral grey finish, 70 x 70 x 72cm and 8.4kg. Arrives fully assembled.</p><ul><li>Dimensions: 70 x 70 x 72 cm</li><li>Material: Metal, Wood</li><li>Colour: Neutral</li></ul><p>Free UK delivery. Sold by Kaiku.</p>",1000,"https://cdn.sanity.io/images/huh1e45n/production/26c1a38901099ba6b7bd3b960b177dd27d097bd4-1600x1600.jpg|https://cdn.sanity.io/images/huh1e45n/production/df8bbe155ff054d776e1569f5b694eb724667598-1600x1600.jpg|https://cdn.sanity.io/images/huh1e45n/production/c9f863d9e842a4e9c1d1caf2ad30da1f6d861c9f-1600x1600.jpg|https://cdn.sanity.io/images/huh1e45n/production/3f6583ab7d51122c2f5101386a4efb48d5918aea-1600x1600.jpg",5,FixedPrice,322.00,GTC,Bourne End,SL8 5NF,"KK-GARF-PROVENCE-NTL-001",5050140451588,"Kaiku","Neutral","Metal","Garden Furniture",FILL-shipping-policy-name,FILL-return-policy-name,FILL-payment-policy-name
Add,FILL-garden-furniture,"Provence Collection Outdoor Dining Chair","<p>An outdoor dining chair in beige, woven in 5mm round HDPE wicker over a powder-coated aluminium frame with a grade 5 Olefin cushion. 94 x 62 x 69cm and 8kg.</p><ul><li>Dimensions: 94 x 62 x 69 cm</li></ul><p>Free UK delivery. Sold by Kaiku.</p>",1000,"https://cdn.sanity.io/images/huh1e45n/production/adf6047e5179336a82162007b9bac283c8e69a37-1600x1600.jpg|https://cdn.sanity.io/images/huh1e45n/production/1fb542ab62f60ae608cd42bc229fad44567cdbda-1600x1600.jpg|https://cdn.sanity.io/images/huh1e45n/production/bc89c7bacb98cf54a158d615932272e0e58d46e2-1600x1600.jpg|https://cdn.sanity.io/images/huh1e45n/production/462b73a2275368c4beb118629693c18988c03c43-1600x1600.jpg",5,FixedPrice,278.00,GTC,Bourne End,SL8 5NF,"KK-GARF-PROVENCE-002",5050140390481,"Kaiku","","","Garden Furniture",FILL-shipping-policy-name,FILL-return-policy-name,FILL-payment-policy-name
Add,FILL-coffee-tables,"Romanby Stone Round Coffee Table","<p>A round coffee table with a black and white stone top on a black metal base, 60 x 60 x 45cm.</p><ul><li>Dimensions: 60 x 60 x 45 cm</li><li>Material: Stone</li></ul><p>Free UK delivery. Sold by Kaiku.</p>",1000,"https://cdn.sanity.io/images/huh1e45n/production/30e35478ea40a36c86e7a11c153506f1d734f8a3-1600x1600.jpg|https://cdn.sanity.io/images/huh1e45n/production/102ee981ab2869eaf887f73b4fc4bd36c064f5f5-1600x1600.jpg|https://cdn.sanity.io/images/huh1e45n/production/1e1be29631590f47012a810376c3fb3eadbd848b-1600x1600.jpg|https://cdn.sanity.io/images/huh1e45n/production/1c7a3782720868243c18a8e8354ccc049580cd9c-1600x1600.jpg",5,FixedPrice,212.00,GTC,Bourne End,SL8 5NF,"KK-CT-ROMANBY-001",5050140491683,"Kaiku","","Stone","Coffee Tables",FILL-shipping-policy-name,FILL-return-policy-name,FILL-payment-policy-name
Add,FILL-shelving,"Saltaire Collection 3-Shelf Unit","<p>A wide three-tier open shelving unit in pine with a grey finish. 153 x 45 x 110cm, 32kg.</p><ul><li>Dimensions: 45 x 153 x 110 cm</li></ul><p>Free UK delivery. Sold by Kaiku.</p>",1000,"https://cdn.sanity.io/images/huh1e45n/production/0631fb017d81b9f175ff34b6e72b1a5a7bf3de0e-1800x1800.jpg|https://cdn.sanity.io/images/huh1e45n/production/34567b32140d2c6d87064f3660e5eca7c8965ddb-1800x1800.jpg",1,FixedPrice,299.00,GTC,Bourne End,SL8 5NF,"KK-SHLV-SALTAIRE-001",5050140310588,"Kaiku","","","Shelving",FILL-shipping-policy-name,FILL-return-policy-name,FILL-payment-policy-name
Add,FILL-lighting,"Sepia Shadows Squat Table Lamp With Linen Shade","<p>A squat table lamp with a brown metal base in a layered sepia and amber finish, under a natural linen shade. 35 x 35 x 56cm, 1.68kg. Takes an E27 bulb, not included. Partial assembly required.</p><ul><li>Dimensions: 35 x 35 x 56 cm</li><li>Material: Linen</li></ul><p>Free UK delivery. Sold by Kaiku.</p>",1000,"https://cdn.sanity.io/images/huh1e45n/production/1ea3106e46cb2ea65aee5ebdbfca1680b1ca2d9f-1600x1600.jpg|https://cdn.sanity.io/images/huh1e45n/production/734e4ef4384fd0cbc79f7811ef63e25d8fa3e51b-1600x1600.jpg|https://cdn.sanity.io/images/huh1e45n/production/f95dfbe2d73fc05e0eedcee073bb7f0082db5a35-1600x1600.jpg|https://cdn.sanity.io/images/huh1e45n/production/d0b4639903084b727d655256e6638264e337fd74-1600x1600.jpg|https://cdn.sanity.io/images/huh1e45n/production/fa5bece5fd6f47eacb4473a440b5868bf7db1d9c-1600x1600.jpg",5,FixedPrice,101.00,GTC,Bourne End,SL8 5NF,"KK-LT-SEPIA-001",5050140468685,"Kaiku","","Linen","Lighting",FILL-shipping-policy-name,FILL-return-policy-name,FILL-payment-policy-name
Add,FILL-lighting,"Seraphia Table Lamp with Edged Linen Shade","<p>A table lamp with a sculptural brown resin base and an edged linen shade. 35 x 35 x 70cm, 3.5kg.</p><ul><li>Dimensions: 35 x 35 x 70 cm</li><li>Material: Linen</li></ul><p>Free UK delivery. Sold by Kaiku.</p>",1000,"https://cdn.sanity.io/images/huh1e45n/production/97f1139c6eae1db01442d2a8ed59f14141de9ce0-1600x1600.jpg|https://cdn.sanity.io/images/huh1e45n/production/e32d8b04a61baa0515a51da5240b11238c759cc4-1600x1600.jpg|https://cdn.sanity.io/images/huh1e45n/production/f13d068b17ab8ae7e817e1cac0e53da0f6a89e46-1600x1600.jpg|https://cdn.sanity.io/images/huh1e45n/production/bc1449a53c39148d9cb1176540900f984bacdd08-1600x1600.jpg|https://cdn.sanity.io/images/huh1e45n/production/9ac74e9cbb54b4ceadb358dc831fb8ebc9cb98c5-1600x1600.jpg",5,FixedPrice,101.00,GTC,Bourne End,SL8 5NF,"KK-LT-SERAPHIA-001",5050140444283,"Kaiku","","Linen","Lighting",FILL-shipping-policy-name,FILL-return-policy-name,FILL-payment-policy-name
Add,FILL-planters,"Seville Collection Lebes Planter","<p>A decorative ceramic planter in the classical Greek lebes form, with a Mediterranean influence. 17 x 17 x 15cm, 1.25kg.</p><ul><li>Dimensions: 17 x 17 x 15 cm</li></ul><p>Free UK delivery. Sold by Kaiku.</p>",1000,"https://cdn.sanity.io/images/huh1e45n/production/71a604a7ec4e536be5a542aa2f7edce89d4f82d6-1600x1600.jpg|https://cdn.sanity.io/images/huh1e45n/production/29da2d417332617a0c094f22ac78ac4524bbae76-1600x1600.jpg|https://cdn.sanity.io/images/huh1e45n/production/7cfff05bfcd58941d4f7a0a9b45b378e9d681d28-1600x1600.jpg",1,FixedPrice,31.00,GTC,Bourne End,SL8 5NF,"KK-PLNT-SEVILLE-001",5050140233085,"Kaiku","","","Planters",FILL-shipping-policy-name,FILL-return-policy-name,FILL-payment-policy-name
Add,FILL-shelving,"Light Up Bookcase","<p>A tall bookcase with integrated shelf lighting. 90 x 38 x 220cm, 63kg. Assembly required.</p><ul><li>Dimensions: 38 x 90 x 220 cm</li><li>Material: Wood</li><li>Colour: Brown</li></ul><p>Free UK delivery. Sold by Kaiku.</p>",1000,"https://cdn.sanity.io/images/huh1e45n/production/11a82ec9b24fd730376db787b5af1c6170f0b448-1600x1600.jpg|https://cdn.sanity.io/images/huh1e45n/production/3e9f27c9276dbdf4b1fe0b1d1b3914c58f786ff3-1600x1600.jpg|https://cdn.sanity.io/images/huh1e45n/production/329d922d77501fcf737a37fcb382246efbd247ec-1600x1600.jpg|https://cdn.sanity.io/images/huh1e45n/production/c4742b4b325e5d6e0467db39b867f05a33559a14-1600x1600.jpg|https://cdn.sanity.io/images/huh1e45n/production/c14aebf6759737cdfea483d01d0fc73537dc3d06-1600x1600.jpg",5,FixedPrice,995.00,GTC,Bourne End,SL8 5NF,"KK-SHLV-UP-BRN-001",5050140465288,"Kaiku","Brown","Wood","Shelving",FILL-shipping-policy-name,FILL-return-policy-name,FILL-payment-policy-name
Add,FILL-planters,"Siena Brown Round Ribbed Planter","<p>A wide, low ceramic planter in a weathered brown finish with horizontal ribbing. 41 x 41 x 19cm, 8kg. Suitable for indoor or outdoor use.</p><ul><li>Dimensions: 41 x 41 x 19 cm</li><li>Colour: Brown</li></ul><p>Free UK delivery. Sold by Kaiku.</p>",1000,"https://cdn.sanity.io/images/huh1e45n/production/c5c2ece78699faba5ec526f2a996c7eaae0d13df-1800x1800.jpg|https://cdn.sanity.io/images/huh1e45n/production/02660bf884b2cc89e915dbd679051570ecdff86b-1800x1800.jpg|https://cdn.sanity.io/images/huh1e45n/production/3a1163a7fedc26b9c814a06ac059e2142f482e58-1800x1800.jpg",1,FixedPrice,67.00,GTC,Bourne End,SL8 5NF,"KK-PLNT-SIENA-001",5050140329382,"Kaiku","Brown","","Planters",FILL-shipping-policy-name,FILL-return-policy-name,FILL-payment-policy-name
Add,FILL-planters,"Small Blue Flora Planter Pot","<p>A small glazed ceramic planter with a blue and white botanical pattern, 16 x 16 x 14cm and 1kg. Plants are not included.</p><ul><li>Dimensions: 16 x 16 x 14 cm</li><li>Colour: Blue</li></ul><p>Free UK delivery. Sold by Kaiku.</p>",1000,"https://cdn.sanity.io/images/huh1e45n/production/b34a154a5e0767c2fcedcdccb0d122535de49aec-1600x1600.jpg|https://cdn.sanity.io/images/huh1e45n/production/a7f077dd51b3d506f5222301f845ff505f56949b-1600x1600.jpg",1,FixedPrice,23.00,GTC,Bourne End,SL8 5NF,"KK-PLNT-BLUE-001",5050140472484,"Kaiku","Blue","","Planters",FILL-shipping-policy-name,FILL-return-policy-name,FILL-payment-policy-name
Add,FILL-lighting,"Solenne Table Lamp with Edged Linen Shade","<p>A large statement table lamp with a sculptural brown resin base and an edged linen shade. 41 x 41 x 79cm, 4kg.</p><ul><li>Dimensions: 41 x 41 x 79 cm</li><li>Material: Linen</li></ul><p>Free UK delivery. Sold by Kaiku.</p>",1000,"https://cdn.sanity.io/images/huh1e45n/production/bd5658d66058dd3ec3fce5a7b60a273a749bfe15-1600x1600.jpg|https://cdn.sanity.io/images/huh1e45n/production/5ac5fd0fbdf752e19d2768eb97364fb7fd91e803-1600x1600.jpg|https://cdn.sanity.io/images/huh1e45n/production/9b6687ce47086ebbe1e32bf7e659a5a7f9ed9a4f-1600x1600.jpg|https://cdn.sanity.io/images/huh1e45n/production/82908824cf2cbef15673764940eae26c7e11e5b5-1600x1600.jpg",5,FixedPrice,118.00,GTC,Bourne End,SL8 5NF,"KK-LT-SOLENNE-001",5050140444085,"Kaiku","","Linen","Lighting",FILL-shipping-policy-name,FILL-return-policy-name,FILL-payment-policy-name
Add,FILL-sofas,"Sorelle Two Seater Sofa with Cushions","<p>A two-seater sofa in textured white fabric on a metal construction, supplied with cushions. 197 x 97 x 72cm, 39.9kg.</p><ul><li>Dimensions: 97 x 197 x 72 cm</li></ul><p>Free UK delivery. Sold by Kaiku.</p>",1000,"https://cdn.sanity.io/images/huh1e45n/production/6270d244dff6ab55887b8fe0f43beb56500f1e4d-1600x1600.jpg|https://cdn.sanity.io/images/huh1e45n/production/50e1cf12ea8336a0097eeceb369ff73e4279e808-1600x1600.jpg|https://cdn.sanity.io/images/huh1e45n/production/862533a35a2ec407e10d096619c820ff35bef809-1600x1600.jpg|https://cdn.sanity.io/images/huh1e45n/production/0ab267eeeefa8ba8e89a9288eb77fc3bbcb96b62-1600x1600.jpg|https://cdn.sanity.io/images/huh1e45n/production/d9340342226ca232c1775547abaf91392e281f68-1600x1600.jpg",5,FixedPrice,1088.00,GTC,Bourne End,SL8 5NF,"KK-SOFA-SORELLE-001",5050140437087,"Kaiku","","","Sofas",FILL-shipping-policy-name,FILL-return-policy-name,FILL-payment-policy-name
Add,FILL-lighting,"Symi Slim Table Lamp","<p>A handcrafted table lamp with a slim white wooden base with distressed edges, under a linen shade. 22 x 22 x 45cm, 0.72kg. Takes an E14 bulb, not included.</p><ul><li>Dimensions: 22 x 22 x 45 cm</li></ul><p>Free UK delivery. Sold by Kaiku.</p>",1000,"https://cdn.sanity.io/images/huh1e45n/production/5689dae8a11aaa0495fd974b96b238b34c52d9a1-1600x1600.jpg|https://cdn.sanity.io/images/huh1e45n/production/9cacd663c6f7eec87d1d217db2ad42ec7035194e-1600x1600.jpg|https://cdn.sanity.io/images/huh1e45n/production/fcfc0dba40fd562de54c4b2466391488578b75a4-1600x1600.jpg|https://cdn.sanity.io/images/huh1e45n/production/07f0abbb06c3ed91d419139963164592598a04b3-1600x1600.jpg|https://cdn.sanity.io/images/huh1e45n/production/1c3e873805e9ed9188fb91faf4c0cc3da6ca4a33-1600x1600.jpg",5,FixedPrice,51.00,GTC,Bourne End,SL8 5NF,"KK-LT-SYMI-001",5050140855492,"Kaiku","","","Lighting",FILL-shipping-policy-name,FILL-return-policy-name,FILL-payment-policy-name
Add,FILL-planters,"Tarn Large Pot with Handles","<p>A large white ceramic pot with two integrated handles, 32 x 27 x 26cm and 4.9kg. Watertight, so it takes fresh flowers as well as dried. Indoor use only. Flowers not included.</p><ul><li>Dimensions: 32 x 27 x 26 cm</li></ul><p>Free UK delivery. Sold by Kaiku.</p>",1000,"https://cdn.sanity.io/images/huh1e45n/production/c40abad45672080ffbd8aa7f6ff4441172c62126-1600x1600.jpg|https://cdn.sanity.io/images/huh1e45n/production/1bbdc3271c9884880a8f820c90d71cd9c831e99f-1600x1600.jpg|https://cdn.sanity.io/images/huh1e45n/production/c4678b10fc43475d2dbe6f87a9a7887ee45969b6-1600x1600.jpg|https://cdn.sanity.io/images/huh1e45n/production/b56c9dac19176fcc4cf93b296a61effa6f7946d2-1600x1600.jpg|https://cdn.sanity.io/images/huh1e45n/production/961f6870598525824d6dfb0ee650c38ccdf5d97e-1600x1600.jpg",5,FixedPrice,56.00,GTC,Bourne End,SL8 5NF,"KK-PLNT-TARN-001",5050140462188,"Kaiku","","","Planters",FILL-shipping-policy-name,FILL-return-policy-name,FILL-payment-policy-name
Add,FILL-lighting,"Teos Table Lamp","<p>A table lamp with a handcrafted wooden base in a light whitewash under a linen shade. 25 x 25 x 53cm, 2.5kg. Takes an E27 bulb, not included.</p><ul><li>Dimensions: 25 x 25 x 53 cm</li></ul><p>Free UK delivery. Sold by Kaiku.</p>",1000,"https://cdn.sanity.io/images/huh1e45n/production/472027ab041bc43c65db1ea5ce5183495de7dfa3-1600x1600.jpg|https://cdn.sanity.io/images/huh1e45n/production/23c3b7245850792ff372b11ffc4a5079c14798eb-1600x1600.jpg|https://cdn.sanity.io/images/huh1e45n/production/4186d426528a50fb8c22c04e15c0adad678691a4-1600x1600.jpg|https://cdn.sanity.io/images/huh1e45n/production/bd05795b27b082c96cb36d983d1e69afe1af2785-1600x1600.jpg|https://cdn.sanity.io/images/huh1e45n/production/f84d8d2df8876df8d8b30927a68845ead7163a3e-1600x1600.jpg",5,FixedPrice,51.00,GTC,Bourne End,SL8 5NF,"KK-TL-TEOS-001",5050140628898,"Kaiku","","","Lighting",FILL-shipping-policy-name,FILL-return-policy-name,FILL-payment-policy-name
Add,FILL-console-tables,"Camden Half Moon 3 Tier Table","<p>A half-moon console table in grey wood with three tiers of display space. 71 x 33 x 76cm, 8.5kg. Part of the Camden collection.</p><ul><li>Dimensions: 33 x 71 x 76 cm</li></ul><p>Free UK delivery. Sold by Kaiku.</p>",1000,"https://cdn.sanity.io/images/huh1e45n/production/6d068ff62458e744041d295d7d3b5854d97e5927-1600x1600.jpg|https://cdn.sanity.io/images/huh1e45n/production/8d3e0b8c9e4c668fc19cac3023d4fe69cc4f2dad-1600x1600.jpg|https://cdn.sanity.io/images/huh1e45n/production/f94557aab6548105a0a04986b0451b1cf8c83c68-1600x1600.jpg|https://cdn.sanity.io/images/huh1e45n/production/d4416af01815598b8d2cb5a9d92369521eaf9fc1-1600x1600.jpg|https://cdn.sanity.io/images/huh1e45n/production/874c1048ec39dbdd74145c9b5b2bf1c20ddc8453-1600x1600.jpg",5,FixedPrice,127.00,GTC,Bourne End,SL8 5NF,"KK-CONT-CAMDEN-001",5050140395189,"Kaiku","","","Console Tables",FILL-shipping-policy-name,FILL-return-policy-name,FILL-payment-policy-name
Add,FILL-side-tables,"Camden One Drawer Side Table","<p>A wooden side table in grey with one drawer, 50 x 38 x 75cm and 8.5kg. Part of the Camden collection.</p><ul><li>Dimensions: 38 x 50 x 75 cm</li></ul><p>Free UK delivery. Sold by Kaiku.</p>",1000,"https://cdn.sanity.io/images/huh1e45n/production/30583546861e140ef750f48a2049ab4fedaf8129-1600x1600.jpg|https://cdn.sanity.io/images/huh1e45n/production/873cd07f827685064f08a6cac2222f256cd49dda-1600x1600.jpg|https://cdn.sanity.io/images/huh1e45n/production/ec8d023d5050f28583f14c2ef2fa8e9d6027a7c2-1600x1600.jpg|https://cdn.sanity.io/images/huh1e45n/production/c2e8cd1f71bf42dac63fb6259f60e5e4d87349b1-1600x1600.jpg|https://cdn.sanity.io/images/huh1e45n/production/963340043b6d30e9fa81b09b8cd1487b5b32f2d7-1600x1600.jpg",5,FixedPrice,154.00,GTC,Bourne End,SL8 5NF,"KK-ST-CAMDEN-001",5050140395387,"Kaiku","","","Side Tables",FILL-shipping-policy-name,FILL-return-policy-name,FILL-payment-policy-name
Add,FILL-side-tables,"Camden Round Side Table","<p>A round wooden side table in grey, 45 x 45 x 60cm and 5kg. Part of the Camden collection.</p><ul><li>Dimensions: 45 x 45 x 60 cm</li></ul><p>Free UK delivery. Sold by Kaiku.</p>",1000,"https://cdn.sanity.io/images/huh1e45n/production/0d626ef5d287be7e171ec3358ff1a109155892ee-1600x1600.jpg|https://cdn.sanity.io/images/huh1e45n/production/11fe8b785cdc3486afb7f9ecddd0ac7ab8bcdf3b-1600x1600.jpg|https://cdn.sanity.io/images/huh1e45n/production/bb99b03a7f5203ef0282890396b45f13b5634058-1600x1600.jpg|https://cdn.sanity.io/images/huh1e45n/production/454070295992808791cf8a3c0985d0a517aff802-1600x1600.jpg",5,FixedPrice,92.00,GTC,Bourne End,SL8 5NF,"KK-ST-CAMDEN-RND-001",,"Kaiku","","","Side Tables",FILL-shipping-policy-name,FILL-return-policy-name,FILL-payment-policy-name
Add,FILL-sofas,"Rutland Rectangular Bench","<p>A rectangular wooden bench in a warm brown finish, 160 x 40 x 45cm and 21.5kg. Part of the Rutland collection.</p><ul><li>Dimensions: 40 x 160 x 45 cm</li></ul><p>Free UK delivery. Sold by Kaiku.</p>",1000,"https://cdn.sanity.io/images/huh1e45n/production/b5015c85a909f15e9ac39b95539fcd03dfaad7ae-1600x1600.jpg|https://cdn.sanity.io/images/huh1e45n/production/95430252dac224fdd5342ca06e8c29fbfca7bc8d-1600x1600.jpg|https://cdn.sanity.io/images/huh1e45n/production/6e435a95c710c1260ce0e07fd0374df54cfe2d48-1600x1600.jpg|https://cdn.sanity.io/images/huh1e45n/production/0c3b8a9b3d01fd7f172f4874fae3ee7630a20123-1600x1600.jpg|https://cdn.sanity.io/images/huh1e45n/production/952f917b83441909ee15ff2cc33d6c0788407d83-1600x1600.jpg",2,FixedPrice,272.00,GTC,Bourne End,SL8 5NF,"KK-SOFA-RUTLAND-001",,"Kaiku","","","Sofas",FILL-shipping-policy-name,FILL-return-policy-name,FILL-payment-policy-name
Add,FILL-side-tables,"Rutland Side Table","<p>A square wooden side table in a warm brown finish, 60 x 60 x 60cm and 16kg. Part of the Rutland collection.</p><ul><li>Dimensions: 60 x 60 x 60 cm</li></ul><p>Free UK delivery. Sold by Kaiku.</p>",1000,"https://cdn.sanity.io/images/huh1e45n/production/2ab49ce1edcbfb5012e32b28e5ff9ec54339467f-1600x1600.jpg|https://cdn.sanity.io/images/huh1e45n/production/760942036c4eaa543193875939cd5211aa05e6a7-1600x1600.jpg|https://cdn.sanity.io/images/huh1e45n/production/165bd0cda23272da22b163bdddcdf9eaa76e20a6-1600x1600.jpg|https://cdn.sanity.io/images/huh1e45n/production/9256efe6d255eee77d8096c87e4f3c86de43f4dc-1600x1600.jpg|https://cdn.sanity.io/images/huh1e45n/production/1c032f358286c33b070ed296053b0669df145394-1600x1600.jpg",5,FixedPrice,247.00,GTC,Bourne End,SL8 5NF,"KK-ST-RUTLAND-001",,"Kaiku","","","Side Tables",FILL-shipping-policy-name,FILL-return-policy-name,FILL-payment-policy-name
Add,FILL-side-tables,"Serene One Drawer Side Table","<p>A wooden side table in a warm brown finish with one drawer. 48 x 43 x 59cm, 7.7kg. Part of the Serene collection.</p><ul><li>Dimensions: 43 x 48 x 59 cm</li></ul><p>Free UK delivery. Sold by Kaiku.</p>",1000,"https://cdn.sanity.io/images/huh1e45n/production/47ca29c2385ceb59a745dc0e5552bc31433c3f7e-1600x1600.jpg|https://cdn.sanity.io/images/huh1e45n/production/84864b6a65a86fdb05b1c4fa673572d874b31dd6-1600x1600.jpg|https://cdn.sanity.io/images/huh1e45n/production/c5508677eaaa05c98fe5a326a0598d9799f0cc30-1600x1600.jpg|https://cdn.sanity.io/images/huh1e45n/production/574c03fa29a3962de437355697562afbe1aca30c-1600x1600.jpg|https://cdn.sanity.io/images/huh1e45n/production/a4dc3bf30c07083007245fde2bcb4d59520a70da-1600x1600.jpg",5,FixedPrice,189.00,GTC,Bourne End,SL8 5NF,"KK-ST-SERENE-001",,"Kaiku","","","Side Tables",FILL-shipping-policy-name,FILL-return-policy-name,FILL-payment-policy-name
Add,FILL-bedside-tables,"Serene Three Drawer Bedside Table","<p>A wooden bedside table in a distressed grey finish with three drawers. 48 x 43 x 59cm, 10kg. Part of the Serene collection.</p><ul><li>Dimensions: 43 x 48 x 59 cm</li></ul><p>Free UK delivery. Sold by Kaiku.</p>",1000,"https://cdn.sanity.io/images/huh1e45n/production/6f15b53e4738c55403201fc2f7e5f2740ed9717b-1600x1600.jpg|https://cdn.sanity.io/images/huh1e45n/production/bccff62d1076cd341023a207e14c2fc29b6e260b-1600x1600.jpg|https://cdn.sanity.io/images/huh1e45n/production/593ec5a3167f16eacfc22560e7074a5738293e40-1600x1600.jpg|https://cdn.sanity.io/images/huh1e45n/production/5db59c41c922eb02f8db409e3c7159dae7c11c73-1600x1600.jpg|https://cdn.sanity.io/images/huh1e45n/production/ed43abfc9ac942badc84936abb204d707f87c5a6-1600x1600.jpg",5,FixedPrice,234.00,GTC,Bourne End,SL8 5NF,"KK-BEDT-SERENE-001",,"Kaiku","","","Bedside Tables",FILL-shipping-policy-name,FILL-return-policy-name,FILL-payment-policy-name
Add,FILL-coffee-tables,"Serene Rattan Coffee Table","<p>A large coffee table with rattan detailing on a wooden structure, in a grey finish. 120 x 60 x 48cm, 14.5kg. Part of the Serene rattan collection.</p><ul><li>Dimensions: 60 x 120 x 48 cm</li><li>Material: Rattan</li></ul><p>Free UK delivery. Sold by Kaiku.</p>",1000,"https://cdn.sanity.io/images/huh1e45n/production/044edcf733f02ef4ba36dfb1053859ad51095416-1600x1600.jpg|https://cdn.sanity.io/images/huh1e45n/production/49ba37a264fc23e9ac7ba54cce0f26c6a716683a-1600x1600.jpg|https://cdn.sanity.io/images/huh1e45n/production/5f377f493c502ed014b1f82ca43c79ddda65f140-1600x1600.jpg|https://cdn.sanity.io/images/huh1e45n/production/e3a8276ce77198e6948d8494497c40d2e72184f9-1600x1600.jpg|https://cdn.sanity.io/images/huh1e45n/production/e822eaf1ec5919dad473b6589cd5f6803e054a78-1600x1600.jpg",5,FixedPrice,345.00,GTC,Bourne End,SL8 5NF,"KK-CT-SERENE-RAT-001",,"Kaiku","","Rattan","Coffee Tables",FILL-shipping-policy-name,FILL-return-policy-name,FILL-payment-policy-name
Add,FILL-lighting,"Uthina Table Lamp","<p>A table lamp with a wooden base in neutral beige and stone tones under a linen shade. 30 x 30 x 53cm, 2kg. Takes an E27 bulb, not included.</p><ul><li>Dimensions: 30 x 30 x 53 cm</li></ul><p>Free UK delivery. Sold by Kaiku.</p>",1000,"https://cdn.sanity.io/images/huh1e45n/production/ffc702c183b3243735179e97e12c597e4b76a900-1600x1600.jpg|https://cdn.sanity.io/images/huh1e45n/production/b01f1b81870bd52833bfa9e31abc7289fb819dd8-1600x1600.jpg|https://cdn.sanity.io/images/huh1e45n/production/537cbae736f7a6e3c662655d0e9a79cc86153da5-1600x1600.jpg|https://cdn.sanity.io/images/huh1e45n/production/48b59f7b04e74927bb2bdfb2c7a239a854419e83-1600x1600.jpg|https://cdn.sanity.io/images/huh1e45n/production/5d33ab77f28dc7d42fe71f95d7f2210779ed3d4c-1600x1600.jpg",5,FixedPrice,58.00,GTC,Bourne End,SL8 5NF,"KK-TL-UTHINA-001",,"Kaiku","","","Lighting",FILL-shipping-policy-name,FILL-return-policy-name,FILL-payment-policy-name
Add,FILL-sofas,"Vellis Blue Wingback Armchair","<p>A wingback armchair in blue fabric on a metal structure, with a tall back and extended side wings. 84 x 76 x 101cm, 20.7kg.</p><ul><li>Dimensions: 84 x 76 x 101 cm</li><li>Colour: Blue</li></ul><p>Free UK delivery. Sold by Kaiku.</p>",1000,"https://cdn.sanity.io/images/huh1e45n/production/1d41e620d970eb43d5ebb36bfb47dad768d6ac32-1600x1600.jpg|https://cdn.sanity.io/images/huh1e45n/production/bd12496963749dfe5e5a877c0eadeaabf8fe97dc-1600x1600.jpg|https://cdn.sanity.io/images/huh1e45n/production/fb2921837d09443acda882263e6fb86662d3ba6b-1600x1600.jpg|https://cdn.sanity.io/images/huh1e45n/production/9baa4b03b4bf43e315f49d84949f1dd1bf952842-1600x1600.jpg|https://cdn.sanity.io/images/huh1e45n/production/3be68f0d7b38d50cff7833eca7066ffac4592669-1600x1600.jpg",5,FixedPrice,450.00,GTC,Bourne End,SL8 5NF,"KK-AC-VELLIS-BLU-001",,"Kaiku","Blue","","Sofas",FILL-shipping-policy-name,FILL-return-policy-name,FILL-payment-policy-name
Add,FILL-sofas,"Wadborough 3 Seater Sofa in Neutral","<p>A three-seater sofa in neutral fabric with a durable frame and cushioned seats. 228 x 102 x 68cm, 57kg.</p><ul><li>Dimensions: 228 x 102 x 68 cm</li><li>Material: Fabric, Wood</li><li>Colour: Neutral</li></ul><p>Free UK delivery. Sold by Kaiku.</p>",1000,"https://cdn.sanity.io/images/huh1e45n/production/b8fe17cac0e6f0573532a6756a2c2379f46a44b5-2000x2000.jpg|https://cdn.sanity.io/images/huh1e45n/production/28e639444beab28862f99d91aa8ab243a8a3c7ed-2000x2000.jpg|https://cdn.sanity.io/images/huh1e45n/production/ba63ed92d8fb85e6f7652c403191900dc346e2fc-2000x2000.jpg|https://cdn.sanity.io/images/huh1e45n/production/ffa98e2c8b7253ded8dace17a5dfa4d59a9d6bcc-2000x2000.jpg",1,FixedPrice,1141.00,GTC,Bourne End,SL8 5NF,"KK-SOFA-WADBOROUGH-NTL-001",,"Kaiku","Neutral","Fabric","Sofas",FILL-shipping-policy-name,FILL-return-policy-name,FILL-payment-policy-name
Add,FILL-lighting,"White Beaded Ceramic Table Lamp with Linen Shade","<p>A table lamp with a white ceramic base in an intricate beaded design, under a linen shade. 40 x 40 x 71cm, 3.3kg.</p><ul><li>Dimensions: 40 x 40 x 71 cm</li><li>Material: Ceramic</li><li>Colour: White</li></ul><p>Free UK delivery. Sold by Kaiku.</p>",1000,"https://cdn.sanity.io/images/huh1e45n/production/12b3a24c984087733b729b2736126927f685eef2-1500x1500.jpg|https://cdn.sanity.io/images/huh1e45n/production/03b2e3b148fea4985af14b3640c24d07084ff40f-1500x1500.jpg|https://cdn.sanity.io/images/huh1e45n/production/3fbd5fcbac9366cb6306a38ffb43cb5edeae9f99-1500x1500.jpg|https://cdn.sanity.io/images/huh1e45n/production/50af23e76bfff151f1845371ddb046db4fb7e19f-1500x1500.jpg",5,FixedPrice,101.00,GTC,Bourne End,SL8 5NF,"KK-LT-WHITE-001",5050140373286,"Kaiku","White","Ceramic","Lighting",FILL-shipping-policy-name,FILL-return-policy-name,FILL-payment-policy-name
Add,FILL-lighting,"White Ceramic Pot Table Lamp with Linen Shade","<p>A table lamp with a ribbed white ceramic base under a linen shade. 38 x 38 x 62cm, 3kg.</p><ul><li>Dimensions: 38 x 38 x 62 cm</li><li>Material: Ceramic</li><li>Colour: White</li></ul><p>Free UK delivery. Sold by Kaiku.</p>",1000,"https://cdn.sanity.io/images/huh1e45n/production/17fc591bb9a8dfba0c25aae7ea568449dcbbe490-1600x1600.jpg|https://cdn.sanity.io/images/huh1e45n/production/ddca3e7c33958a72ba714076325a7d845f46fed4-1600x1600.jpg|https://cdn.sanity.io/images/huh1e45n/production/4dc15539395f7ca02208e454c587863ca909c2a4-1600x1600.jpg|https://cdn.sanity.io/images/huh1e45n/production/e2495b3b65f4774dd3bf81e263ecb19c4342b865-1600x1600.jpg|https://cdn.sanity.io/images/huh1e45n/production/76cb7bc3d0fc612f2deb69d570d88e5f3d691841-1600x1600.jpg",1,FixedPrice,101.00,GTC,Bourne End,SL8 5NF,"KK-LT-WHITE-002",5050140373088,"Kaiku","White","Ceramic","Lighting",FILL-shipping-policy-name,FILL-return-policy-name,FILL-payment-policy-name
Add,FILL-sofas,"Zephra White Armchair","<p>A fabric armchair in neutral white on a metal frame, with a contoured backrest and cushioned arms. 79 x 67 x 78cm, 12.85kg.</p><ul><li>Dimensions: 67 x 79 x 78 cm</li><li>Colour: White</li></ul><p>Free UK delivery. Sold by Kaiku.</p>",1000,"https://cdn.sanity.io/images/huh1e45n/production/ea7cd9b104e4cb7cb0f8d7e824c7a876ae08a784-1600x1600.jpg|https://cdn.sanity.io/images/huh1e45n/production/e464ebb7c9817aa1408d8c2907e09966a20b6b29-1600x1600.jpg|https://cdn.sanity.io/images/huh1e45n/production/0fc0d3cb4ac2e1afe3d782473f596dc15c76fdd1-1600x1600.jpg|https://cdn.sanity.io/images/huh1e45n/production/bba9bd1138234ce6433161170218436fad58d860-1600x1600.jpg|https://cdn.sanity.io/images/huh1e45n/production/bf7330031d39212101d0c533ee86708ed0212634-1600x1600.jpg",5,FixedPrice,318.00,GTC,Bourne End,SL8 5NF,"KK-AC-ZEPHRA-WHT-001",,"Kaiku","White","","Sofas",FILL-shipping-policy-name,FILL-return-policy-name,FILL-payment-policy-name
