_costPrice,_carriage,_carriageKnown,_profit,_marginPct,_supplier,_supplierSku,_marketplacePermitted,_stockQty,_photoCount,Title,Description,KaikuCategory,eBayCategoryID,ConditionID,StartPrice,Quantity,Format,Duration,Location,PostalCode,HandlingTimeDays,CustomLabel,EAN,MPN,C:Brand,C:Colour,C:Material,C:Room,C:Style,C:Length,C:Width,C:Height,C:Unit,C:Weight,PicURLs
8.75,,NO — margin overstated,59.02,85.5,"Aosom","B31-565V00GD",NOT PERMITTED — ask supplier,,4,"Geometric Mesh LED Wall Lights, Set of 2, Gold 46x15cm","<p>This 2-pack of wall lamps features a modern geometric design in a gold tone, fitting seamlessly into any interior aesthetic. Crafted from durable metal and acrylic, each lamp measures 45.6 cm in height and can enhance your living space, whether in a bedroom, hallway, or living room. Enjoy versatile lighting with adjustable colour temperatures of 3000K, 4000K, and 6500K, enabling you to set the mood perfectly for any occasion. These lamps require wall mounting and are hard-wired for installation, ensuring a clean look in your home. The included instruction manual provides guidance on proper installation. With no assembly required, you can effortlessly incorporate these lamps into your décor, creating an inviting atmosphere in your home. Suitable for indoor use only, these lamps provide a luminescent brightness of 330 lumens and embody a unique irregular shape that adds artistic flair to your walls.</p><ul><li>Dimensions: 45.6 x 15 x 14 cm</li><li>Weight: 1.4kg</li><li>Colour: Gold</li></ul><p>Free UK delivery. Sold by Kaiku.</p>",lighting,FILL,1000,69.00,1,FixedPrice,GTC,Bourne End,SL8 5NF,14,"KK-LT-GEOMETRIC-001",,,"Kaiku","Gold","","","Modern",45.6,15,14,cm,1.4kg,"https://cdn.sanity.io/images/huh1e45n/production/6f061df8851d9176a9b5596a299d9981795ee48b-2000x2000.jpg | https://cdn.sanity.io/images/huh1e45n/production/e7bafa413aae76a21fec289394e23a05d1b16c2e-800x800.jpg | https://cdn.sanity.io/images/huh1e45n/production/86e613689b1789d1d09edce9c7bb065f99201621-2000x2000.jpg | https://cdn.sanity.io/images/huh1e45n/production/b6532c9b45b457b65eb9467d3d115014aa34170a-2000x2000.jpg"
5.05,0.00,yes,13.46,70.9,"AW Dropship","SSM-06",NOT PERMITTED — ask supplier,197,4,"Soft Squiggly Mirror – Flower – Stone (25.4x25.4x2.3cm) 25x25cm","<p>A small handcrafted flower-shaped mirror in a stone tone, made from reclaimed materials. 25.4 x 25.4 x 2.3cm, 0.49kg. Each piece is unique.</p><ul><li>Dimensions: 25.4 x 25.4 x 2.3 cm</li><li>Weight: 0.486kg</li><li>Material: Stone</li></ul><p>Free UK delivery. Sold by Kaiku.</p>",mirrors,FILL,1000,19.00,5,FixedPrice,GTC,Bourne End,SL8 5NF,14,"KK-MIR-SOFT-003",5056368361548,,"Kaiku","","Stone","","Artisan",25.4,25.4,2.3,cm,0.486kg,"https://cdn.sanity.io/images/huh1e45n/production/47882f47596eb0aff09e1d45730d7080a9c3e18a-2000x2000.jpg | https://cdn.sanity.io/images/huh1e45n/production/e448b8eda7fd9b604264a05e7d501e3e4608571d-2000x2000.jpg | https://cdn.sanity.io/images/huh1e45n/production/3df06bc3be2b4f9d75e9eb0be7283c6170589182-2000x2000.jpg | https://cdn.sanity.io/images/huh1e45n/production/aa7ffc2831ec79e49ff8cf1570d20c0f6e895fd9-2000x2000.jpg"
5.05,,NO — margin overstated,13.46,70.9,"AW Dropship","SSM-07",NOT PERMITTED — ask supplier,197,4,"Soft Squiggly Mirror – Flame – Marigold (23x27.5x2.3cm) 23x28cm","<p>Introducing the Soft Squiggly Mirror in Flame Marigold, a charming handcrafted piece that adds warmth and character to any room. Sustainably made, this mirror radiates a unique flair, offering both function and artistic expression for your home.</p><ul><li>Dimensions: 23 x 27.5 x 2.3 cm</li><li>Weight: 0.408kg</li></ul><p>Free UK delivery. Sold by Kaiku.</p>",mirrors,FILL,1000,19.00,5,FixedPrice,GTC,Bourne End,SL8 5NF,14,"KK-MIR-SOFT-004",5056368361555,,"Kaiku","","","","Modern",23,27.5,2.3,cm,0.408kg,"https://cdn.sanity.io/images/huh1e45n/production/b8138ffac4de0d0e68d66581b085635446d1f415-2000x2000.jpg | https://cdn.sanity.io/images/huh1e45n/production/23bf2590c3f8fd446e2d5785e802c258c325592d-2000x2000.jpg | https://cdn.sanity.io/images/huh1e45n/production/26a6f06b0d38c3815709f7d737371bcb18995f2b-2000x2000.jpg | https://cdn.sanity.io/images/huh1e45n/production/05ef56663f0a940bef6edddf0195d99906d120f5-2000x2000.jpg"
6.30,,NO — margin overstated,12.21,64.3,"AW Dropship","SSM-03",NOT PERMITTED — ask supplier,207,4,"Soft Squiggly Mirror – Star – Mauve (33x31x2.3cm) 33x231cm","<p>A handcrafted star-shaped mirror with a mauve squiggly frame, 33 x 31 x 2.3cm and 0.658kg.</p><ul><li>Dimensions: 33 x 231 x 2.3 cm</li><li>Weight: 0.658kg</li></ul><p>Free UK delivery. Sold by Kaiku.</p>",mirrors,FILL,1000,19.00,5,FixedPrice,GTC,Bourne End,SL8 5NF,14,"KK-MIR-SOFT-001",5056368361517,,"Kaiku","","","","Eclectic",33,231,2.3,cm,0.658kg,"https://cdn.sanity.io/images/huh1e45n/production/bb6052f97e898de19262b12c7280b1c486363fc6-2000x2000.jpg | https://cdn.sanity.io/images/huh1e45n/production/bf62e5d03dbd87a25926bbb0d483ca4645470dd5-2000x2000.jpg | https://cdn.sanity.io/images/huh1e45n/production/a4460879b2ca0d67845ccf1073fe6efb9b157621-2000x2000.jpg | https://cdn.sanity.io/images/huh1e45n/production/7c84153c4dd027f14b87afd59ef5097e1bd66331-2000x2000.jpg"
6.30,0.00,yes,12.21,64.3,"AW Dropship","SSM-05",NOT PERMITTED — ask supplier,194,4,"Soft Squiggly Mirror – Chunky Frame – Royal Blue (30.5x22.5x2.3cm) 31x23cm","<p>A handcrafted mirror with a royal blue chunky squiggly frame, 30.5 x 22.5 x 2.3cm and 0.58kg.</p><ul><li>Dimensions: 30.5 x 22.5 x 2.3 cm</li><li>Weight: 0.58kg</li><li>Colour: Blue</li></ul><p>Free UK delivery. Sold by Kaiku.</p>",mirrors,FILL,1000,19.00,5,FixedPrice,GTC,Bourne End,SL8 5NF,14,"KK-MIR-SOFT-002",5056368361531,,"Kaiku","Blue","","","Artistic",30.5,22.5,2.3,cm,0.58kg,"https://cdn.sanity.io/images/huh1e45n/production/557b5fd926fd91e3998bdeb05da545d2c0cad79b-2000x2000.jpg | https://cdn.sanity.io/images/huh1e45n/production/908b4c8be099acb761232405d19cff08b4a7ae81-2000x2000.jpg | https://cdn.sanity.io/images/huh1e45n/production/a941a9760c3273b261f901c87b928210ed223f97-2000x2000.jpg | https://cdn.sanity.io/images/huh1e45n/production/f5f5b709064e1dd135b311e7e29745ab8f0c9181-2000x2000.jpg"
6.30,,NO — margin overstated,12.21,64.3,"AW Dropship","SSM-08",NOT PERMITTED — ask supplier,189,4,"Soft Squiggly Mirror - Large Cloud - Moss Green (33.4x23.5x2.3cm) 33x24cm","<p>The Soft Squiggly Mirror captures a whimsical charm, crafted with eco-friendly materials.</p><ul><li>Dimensions: 33.4 x 23.5 x 2.3 cm</li><li>Weight: 0.636kg</li><li>Colour: Green</li></ul><p>Free UK delivery. Sold by Kaiku.</p>",mirrors,FILL,1000,19.00,5,FixedPrice,GTC,Bourne End,SL8 5NF,14,"KK-MIR-SOFT-005",5056368361562,,"Kaiku","Green","","","Artistic",33.4,23.5,2.3,cm,0.636kg,"https://cdn.sanity.io/images/huh1e45n/production/6f7af3f3444449bd6af49b3ef48b13ee7c56da27-2000x2000.jpg | https://cdn.sanity.io/images/huh1e45n/production/70b09710b40c8c1392dd7aec09899a6c23da140c-2000x2000.jpg | https://cdn.sanity.io/images/huh1e45n/production/bf74714d478d283ee265b270f855cb95dbb4d666-2000x2000.jpg | https://cdn.sanity.io/images/huh1e45n/production/652b54fb6d164eeea1f305ae30a4c0adeed19de1-2000x2000.jpg"
27.29,,NO — margin overstated,50.33,63.7,"Aosom","836-410V00GY",NOT PERMITTED — ask supplier,,4,"Compact Computer Desk with Keyboard Tray, Grey 80x45cm","<p>A compact grey computer desk with a keyboard tray and drawer, made from E1 grade particle board with a melamine finish. 80 x 45 x 75cm, weight capacity 50kg.</p><ul><li>Dimensions: 80 x 45 x 75 cm</li><li>Weight: 50kg</li><li>Colour: Grey</li></ul><p>Free UK delivery. Sold by Kaiku.</p>",desks,FILL,1000,79.00,1,FixedPrice,GTC,Bourne End,SL8 5NF,14,"KK-DESK-COMPACT-001",,,"Kaiku","Grey","","","Modern",80,45,75,cm,50kg,"https://cdn.sanity.io/images/huh1e45n/production/dcc9b60b6b9b84506033551043988b7e0c5c2405-2000x2000.jpg | https://cdn.sanity.io/images/huh1e45n/production/88f8d17e6f68558ac26f15d341fdd51a1e935624-800x800.jpg | https://cdn.sanity.io/images/huh1e45n/production/9ddf52fec22dfe6f329f93e845635f11b057aee8-2000x2000.jpg | https://cdn.sanity.io/images/huh1e45n/production/ed75701fcdec3234487ddc661b7e14a2abc29d8e-2000x2000.jpg"
14.84,,NO — margin overstated,27.32,63.5,"AW Dropship","WaterF-05",NOT PERMITTED — ask supplier,28,3,"Tabletop Water Feature - Cascading Rock Formation 18x13cm","<p>A tabletop water feature in a cascading rock formation, 18 x 13 x 13cm and 0.8kg. Includes a pump — keep it submerged, top the water up regularly, and clear debris from the basin periodically.</p><ul><li>Dimensions: 18 x 13 x 13 cm</li><li>Weight: 0.8kg</li></ul><p>Free UK delivery. Sold by Kaiku.</p>",water-features,FILL,1000,43.00,5,FixedPrice,GTC,Bourne End,SL8 5NF,14,"KK-WATR-TABLETOP-006",5056368321337,,"Kaiku","","","","Rustic",18,13,13,cm,0.8kg,"https://cdn.sanity.io/images/huh1e45n/production/0192b62d7dc64ce796fb5c650082bdeb38a17259-2000x2000.jpg | https://cdn.sanity.io/images/huh1e45n/production/4cc89ff290300df2e86710199e7e3dfa8242d920-1083x753.jpg | https://cdn.sanity.io/images/huh1e45n/production/f9c2a87cad0c70e2372ff68b8ade1322fbb49c56-2000x2000.jpg"
31.84,,NO — margin overstated,55.63,62.5,"Aosom","836-580V00RB",NOT PERMITTED — ask supplier,,4,"Compact Folding Desk with Storage Shelf, Rustic Brown 86x66cm","<p>A folding desk in rustic brown, built from particleboard on a steel frame with a maple wood-effect top, folding flat to 4.5cm. 86 x 66 x 82cm, weight capacity 20kg.</p><ul><li>Dimensions: 86 x 66 x 82 cm</li><li>Weight: 20kg</li><li>Colour: Brown</li></ul><p>Free UK delivery. Sold by Kaiku.</p>",desks,FILL,1000,89.00,1,FixedPrice,GTC,Bourne End,SL8 5NF,3,"KK-DESK-COMPACT-002",,,"Kaiku","Brown","","","Modern",86,66,82,cm,20kg,"https://cdn.sanity.io/images/huh1e45n/production/9e927ebfe350591ca2546fc29e30a216d6d1c54b-2000x2000.jpg | https://cdn.sanity.io/images/huh1e45n/production/7fa039aebd3445d9b7b0a9ccc46b27bdd4bb7943-2000x2000.jpg | https://cdn.sanity.io/images/huh1e45n/production/e667afc3e17ae5bd1b66c12934b62dd5d36d4577-2000x2000.jpg | https://cdn.sanity.io/images/huh1e45n/production/ee1f67eae217519da612700374239684fce01600-2000x2000.jpg"
15.82,,NO — margin overstated,26.34,61.2,"Premier Housewares","2200662",NOT PERMITTED — ask supplier,,1,"Tortora Red Glass and Black Numbers Wall Clock 31x5cm","<p>The Tortora Red Glass and Black Numbers Wall Clock is a modern addition to your decor, featuring a vivid red glass face and bold black numbers.</p><ul><li>Dimensions: 31 x 5 x 31 cm</li><li>Material: Glass</li><li>Colour: Black</li></ul><p>Free UK delivery. Sold by Kaiku.</p>",wall-clocks,FILL,1000,43.00,1,FixedPrice,GTC,Bourne End,SL8 5NF,14,"KK-CLK-TORTORA-001",5018705751719,,"Kaiku","Black","Glass","","Modern",31,5,31,cm,,"https://cdn.sanity.io/images/huh1e45n/production/36c52122cf98d28761703297cc9e09098d8375b2-1280x1280.jpg"
34.24,,NO — margin overstated,53.23,59.8,"Aosom","83D-219V00BK",NOT PERMITTED — ask supplier,,4,"3ft Single Bed Frame with Headboard and Footboard, Black 196x96cm","<p>A single bed frame in black metal with a painted finish, a diamond-pattern headboard and footboard, and snap-in slats. 196 x 96 x 88.5cm, weight capacity 136kg.</p><ul><li>Stylish diamond headboard</li><li>Generous underbed storage</li><li>Easy assembly with snap-in slats</li></ul><ul><li>Dimensions: 196 x 96 x 88.5 cm</li><li>Weight: 136kg</li><li>Colour: Black</li></ul><p>Free UK delivery. Sold by Kaiku.</p>",beds,FILL,1000,89.00,1,FixedPrice,GTC,Bourne End,SL8 5NF,14,"KK-BEDS-FT-006",,,"Kaiku","Black","","","Industrial",196,96,88.5,cm,136kg,"https://cdn.sanity.io/images/huh1e45n/production/c909aa9387dc91b6afe997abe0cd87bc7e90efa4-2000x2000.jpg | https://cdn.sanity.io/images/huh1e45n/production/faecc95431216f62ab3bf09ff710fdb352d3eee8-800x800.jpg | https://cdn.sanity.io/images/huh1e45n/production/0a72c6ef157e6e58dea54855767e3290585ef7f3-2000x2000.jpg | https://cdn.sanity.io/images/huh1e45n/production/313b0e146b2b9bb039e340f663b7d0a060ada43a-2000x2000.jpg"
12.19,,NO — margin overstated,19.13,59.8,"Premier Housewares","2201095",NOT PERMITTED — ask supplier,,3,"Glass Elko Pink Finish Embossed Effect Wall Clock 16x4cm","<p>The Elko Pink Finish Embossed Effect Wall Clock features an embossed design, made from plastic and glass.</p><ul><li>Dimensions: 16 x 4 x 16 cm</li><li>Material: Glass, Plastic</li><li>Colour: Pink</li></ul><p>Free UK delivery. Sold by Kaiku.</p>",wall-clocks,FILL,1000,32.00,1,FixedPrice,GTC,Bourne End,SL8 5NF,14,"KK-CLK-ELKO-001",5018705447506,,"Kaiku","Pink","Glass","","Modern",16,4,16,cm,,"https://cdn.sanity.io/images/huh1e45n/production/ecafb00e97cf78afb378fbb8e645bbdc3f490a3b-1280x1280.jpg | https://cdn.sanity.io/images/huh1e45n/production/9f8f095329aabbe8f5ef360938478dd83b1d42ae-1280x1280.jpg | https://cdn.sanity.io/images/huh1e45n/production/abd39dd379d7023ced2e58c0e493e871e39292eb-1280x1280.jpg"
12.08,,NO — margin overstated,18.26,58.9,"AW Dropship","CSalt-03",NOT PERMITTED — ask supplier,45,4,"Himalayan Salt Cooking Plate - Round - 20x20x5cm 20x20cm","<p>A round cooking and serving plate cut from genuine Himalayan salt, in natural pink and rose tones. 20 x 20 x 5cm, 3.7kg.</p><ul><li>Natural Himalayan salt</li><li>Round shape</li><li>Handcrafted</li><li>Sustainable sourcing</li><li>Delicate infusion of flavour</li></ul><ul><li>Dimensions: 20 x 20 x 5 cm</li><li>Weight: 3.7kg</li></ul><p>Free UK delivery. Sold by Kaiku.</p>",wellness-accessories,FILL,1000,31.00,5,FixedPrice,GTC,Bourne End,SL8 5NF,14,"KK-WELL-HIMALAYAN-001",5056422953467,,"Kaiku","","","","Rustic",20,20,5,cm,3.7kg,"https://cdn.sanity.io/images/huh1e45n/production/b0d475bbf8b7cf30c0aa6b67fefb826fdcb75115-2000x2000.jpg | https://cdn.sanity.io/images/huh1e45n/production/1cda7de5237f4f0b8dd26b69010edac526c796f1-2000x2000.jpg | https://cdn.sanity.io/images/huh1e45n/production/51f69b2e0f0067073bf3fa39ba421cf98c4b3b53-2000x2000.jpg | https://cdn.sanity.io/images/huh1e45n/production/5befb098beedbf7ea80a52e84bf67c200ea541d4-2000x2000.jpg"
12.08,,NO — margin overstated,18.26,58.9,"AW Dropship","CSalt-04",NOT PERMITTED — ask supplier,111,4,"Himalayan Salt Cooking Plate - Square - 20x20x5cm 20x20cm","<p>A square Himalayan salt cooking and serving plate, 20 × 20 × 5cm. Usable on the hob, in the oven or on the grill, and can also be chilled for serving cold food.</p><ul><li>Natural Himalayan salt infusion</li><li>Unique handcrafted design</li><li>Versatile cooking & serving</li><li>Sustainable material source</li><li>Adds mineral-rich flavours</li></ul><ul><li>Dimensions: 20 x 20 x 5 cm</li><li>Weight: 4.8kg</li></ul><p>Free UK delivery. Sold by Kaiku.</p>",wellness-accessories,FILL,1000,31.00,5,FixedPrice,GTC,Bourne End,SL8 5NF,14,"KK-WELL-HIMALAYAN-002",5056422953474,,"Kaiku","","","","Natural",20,20,5,cm,4.8kg,"https://cdn.sanity.io/images/huh1e45n/production/f10f6936596ec462ba1a9d78be5b29b7a0beed80-2000x2000.jpg | https://cdn.sanity.io/images/huh1e45n/production/a39609b98a9b49fac0bcf26b6d7ccf9423a3c0a9-2000x2000.jpg | https://cdn.sanity.io/images/huh1e45n/production/d6471706763ddf1d770c5ad91e649a4f3e3e62bb-2000x2000.jpg | https://cdn.sanity.io/images/huh1e45n/production/56de91f2fe3b23412dcd253cdef0dc730998c11b-2000x2000.jpg"
23.44,,NO — margin overstated,34.48,58.4,"Aosom","842-108",NOT PERMITTED — ask supplier,,5,"1.6m Dimmable Solar Bollard Light, Black 18x18cm","<p>A 160cm solar bollard light with a hexagonal head in 201 stainless steel on a plastic base, rated IP44. The dimmable LED unit lifts out, runs up to six hours on a full charge and needs no wiring; 18 x 18cm footprint, 1.1kg.</p><ul><li>Dimensions: 18 x 18 x 160 cm</li><li>Weight: 0.02kg</li><li>Colour: Black</li></ul><p>Free UK delivery. Sold by Kaiku.</p>",garden-lighting,FILL,1000,59.00,1,FixedPrice,GTC,Bourne End,SL8 5NF,14,"KK-GARL-DIMMABLE-001",,,"Kaiku","Black","","","Modern",18,18,160,cm,0.02kg,"https://cdn.sanity.io/images/huh1e45n/production/6f441db5385b2059e13632d898c297246512082d-800x800.webp | https://cdn.sanity.io/images/huh1e45n/production/f2a88f744048d16a717c966365c027c65519f441-2000x2000.jpg | https://cdn.sanity.io/images/huh1e45n/production/810371ebf94d5a9dff31da998778fbf313aaf8d4-2000x2000.jpg | https://cdn.sanity.io/images/huh1e45n/production/80dbbd9c3a3598a73e0ff6757268af174a6a6a02-2000x2000.jpg | https://cdn.sanity.io/images/huh1e45n/production/751c963dadc8425ffe4416d27e961de43a5fafb3-2000x2000.jpg"
23.44,,NO — margin overstated,31.77,56.5,"Aosom","B30-P011",NOT PERMITTED — ask supplier,,4,"1.6m Dimmable Solar Bollard Lights, Set of 2, Black 18x18cm","<p>Brighten up your outdoor space with this set of two solar garden lamps. Crafted from durable stainless steel and plastic, they stand at an 1.6 metres tall, making them perfect for pathways, patios, and gardens. The black design complements any outdoor decor, and their solar power capability means you can enjoy illumination without the hassle of wiring or plugs. With a dimmable feature and sensor control, these lights automatically adjust to the ambient light levels for optimal performance. Easy to install and maintain, these solar post lamps provide up to 6 hours of lighting when fully charged, making them a practical and delightful addition to your outdoor ambiance.</p><ul><li>Dimensions: 18 x 18 x 160 cm</li><li>Weight: 0.04kg</li><li>Colour: Black</li></ul><p>Free UK delivery. Sold by Kaiku.</p>",garden-lighting,FILL,1000,56.25,1,FixedPrice,GTC,Bourne End,SL8 5NF,14,"KK-GARL-DIMMABLE-003",,,"Kaiku","Black","","","Modern",18,18,160,cm,0.04kg,"https://cdn.sanity.io/images/huh1e45n/production/d7cf8f67997971c89e42ce0f139bb31315070de2-1600x1600.jpg | https://cdn.sanity.io/images/huh1e45n/production/edca289f24035ed849dfb422cb2a0676553e26c8-800x800.jpg | https://cdn.sanity.io/images/huh1e45n/production/1c071436ec83c17a51ad50dd3d4fdffa9f03ca13-1600x1600.jpg | https://cdn.sanity.io/images/huh1e45n/production/5dbbd20417ed37a3f16b2cb0ccd5fade39b2fb19-2000x2000.jpg"
20.46,,NO — margin overstated,27.61,56.3,"Premier Housewares","1102243",NOT PERMITTED — ask supplier,,8,"Cassini Tri Fold Illuminated Pink LED Table Mirror 18x6cm","<p>The Cassini Tri Fold Illuminated Pink LED Table Mirror is a functional addition to any vanity or dressing area, featuring a durable design made from polystyrene and glass. Its adjustable base and touch sensor switch offer convenience for your daily make-up or grooming rituals.</p><ul><li>Dimensions: 18 x 6 x 28 cm</li><li>Colour: Pink</li></ul><p>Free UK delivery. Sold by Kaiku.</p>",mirrors,FILL,1000,49.00,1,FixedPrice,GTC,Bourne End,SL8 5NF,14,"KK-MIR-CASSINI-004",5018705981574,,"Kaiku","Pink","","","Modern",18,6,28,cm,,"https://cdn.sanity.io/images/huh1e45n/production/d3a5322c4365e31000d0e628f505bc0c797273aa-1280x1280.jpg | https://cdn.sanity.io/images/huh1e45n/production/30202d2fec35a2a7f941195167edbcb917fe0cd5-1280x1280.jpg | https://cdn.sanity.io/images/huh1e45n/production/2fad04ad4ee506c77183f341977d4972e8d804a4-1280x1280.jpg | https://cdn.sanity.io/images/huh1e45n/production/770e032941ba31f8c5df593c1cf1e41ec4a4fbf6-1280x1280.jpg | https://cdn.sanity.io/images/huh1e45n/production/36421111570753239a235c35e7c559dd15bbb9bf-1280x1280.jpg | https://cdn.sanity.io/images/huh1e45n/production/fb3ea855e5811cf31e2d1d3591c41475b3c8060e-1280x1280.jpg | https://cdn.sanity.io/images/huh1e45n/production/4183dfac645ae0d9347817606758e90664b42af6-1280x1280.jpg | https://cdn.sanity.io/images/huh1e45n/production/77344f49f34e3222106095dcde0328779a57a5e0-1280x1280.jpg"
20.46,,NO — margin overstated,27.61,56.3,"Premier Housewares","1102245",NOT PERMITTED — ask supplier,,8,"Cassini Tri Fold Black LED Table Mirror 18x6cm","<p>A table mirror in polystyrene and glass, 18 x 6 x 28cm. Arrives assembled.</p><ul><li>Dimensions: 18 x 6 x 28 cm</li><li>Colour: Black</li></ul><p>Free UK delivery. Sold by Kaiku.</p>",mirrors,FILL,1000,49.00,1,FixedPrice,GTC,Bourne End,SL8 5NF,14,"KK-MIR-CASSINI-006",5018705981598,,"Kaiku","Black","","","Modern",18,6,28,cm,,"https://cdn.sanity.io/images/huh1e45n/production/b95119d36764b31552d1a4142eadfbcfcdf842a8-1280x1280.jpg | https://cdn.sanity.io/images/huh1e45n/production/3616520b6a85fa36d1d25fce9897f6f1a4f844b6-1280x1280.jpg | https://cdn.sanity.io/images/huh1e45n/production/f4e85f56b706a0bfbbf6308e6f3b14551b01f6b4-1280x1280.jpg | https://cdn.sanity.io/images/huh1e45n/production/3e87ebef4916087843caae51e44a2496b0509e11-1280x1280.jpg | https://cdn.sanity.io/images/huh1e45n/production/1db6637a62b36437a3b5130c9d75e2ae2d804fd8-1280x1280.jpg | https://cdn.sanity.io/images/huh1e45n/production/0e9af896b3a355d6e7990ef233770a46b1fa7d76-1280x1280.jpg | https://cdn.sanity.io/images/huh1e45n/production/37661f05c0206b071f991758c76d5a6987466642-1280x1280.jpg | https://cdn.sanity.io/images/huh1e45n/production/1696e335d3e43334fe4c91f36f7a586415539560-1280x1280.jpg"
19.10,0.00,yes,25.02,55.6,"AW Dropship","WaterF-19",NOT PERMITTED — ask supplier,86,3,"Tabletop Water Feature - 19x19x28cm - Buddha, Lotus Flower Cascading Potsx","<p>A tabletop water feature with a Buddha figure and cascading lotus-flower pots, 19 x 19 x 28cm and 1.27kg. Includes a pump; suitable for indoor or outdoor use.</p><ul><li>Dimensions: 19 x 19 x 28 cm</li><li>Weight: 1.27kg</li></ul><p>Free UK delivery. Sold by Kaiku.</p>",water-features,FILL,1000,45.00,5,FixedPrice,GTC,Bourne End,SL8 5NF,14,"KK-WATR-TABLETOP-004",5056368360077,,"Kaiku","","","","Modern",19,19,28,cm,1.27kg,"https://cdn.sanity.io/images/huh1e45n/production/53814342b0cc49087112b235d8c8fb2bb9e22131-2000x2000.jpg | https://cdn.sanity.io/images/huh1e45n/production/c6d1693b008d6e2700cd0e86b4340e587ab7a4c1-2000x2000.jpg | https://cdn.sanity.io/images/huh1e45n/production/8a34980b178b6a27fc10d452be152a3fefdb18dc-2000x2000.jpg"
16.67,,NO — margin overstated,21.54,55.2,"Aosom","B31-087",NOT PERMITTED — ask supplier,,4,"Spiral Raindrop Crystal Chandelier, Silver 28x28cm","<p>A small crystal chandelier, 20cm across with a fixed 48cm drop, in electroplated silver metal with spiralled crystal droplets. It takes one GU10 bulb up to 50W, hard-wires to a ceiling point and weighs 1.4kg.</p><ul><li>Dimensions: 28 x 28 x 14 cm</li><li>Weight: 1.4kg</li><li>Colour: Silver</li></ul><p>Free UK delivery. Sold by Kaiku.</p>",lighting,FILL,1000,39.00,1,FixedPrice,GTC,Bourne End,SL8 5NF,14,"KK-LT-SPIRAL-002",,,"Kaiku","Silver","","","Modern",28,28,14,cm,1.4kg,"https://cdn.sanity.io/images/huh1e45n/production/a94a8820dca76f66c7ad7add1d0a065fe369f17b-2000x2000.jpg | https://cdn.sanity.io/images/huh1e45n/production/18f1a8618bc1d588b6c717ac1f2fb6d06f5055c9-800x800.jpg | https://cdn.sanity.io/images/huh1e45n/production/0c2a51b3277d69813480be6fa35aed4cb22e3345-2000x2000.jpg | https://cdn.sanity.io/images/huh1e45n/production/bbc117685beb780689be6cb84400111b1d509d68-1600x1600.jpg"
29.96,,NO — margin overstated,37.80,54.8,"Aosom","836-046WT",NOT PERMITTED — ask supplier,,4,"Modern Writing Desk with Storage Shelf, White Wood Grain 90x50cm","<p>A writing desk in white wood grain, made from particle board with a laminated finish and an under-desk storage shelf. 90 x 50 x 74cm, weight capacity 80kg.</p><ul><li>Dimensions: 90 x 50 x 74 cm</li><li>Weight: 80kg</li><li>Material: Wood</li><li>Colour: White</li></ul><p>Free UK delivery. Sold by Kaiku.</p>",desks,FILL,1000,69.00,1,FixedPrice,GTC,Bourne End,SL8 5NF,14,"KK-DESK-WRITING-001",,,"Kaiku","White","Wood","","Modern",90,50,74,cm,80kg,"https://cdn.sanity.io/images/huh1e45n/production/5d15142109c35c70501a050a2057bd0e079f03b1-2000x2000.jpg | https://cdn.sanity.io/images/huh1e45n/production/e7a9a2258fca6b746a845303e79d89fb924dcf12-800x800.jpg | https://cdn.sanity.io/images/huh1e45n/production/9b05d2038e05242d53bcb3a91183b0788124ad2e-2000x2000.jpg | https://cdn.sanity.io/images/huh1e45n/production/db05985ce3329a4da62162e36c26027e86447fa3-2000x2000.jpg"
11.95,2.99,yes,18.35,54.0,"AW Dropship","WaterF-18",NOT PERMITTED — ask supplier,99,3,"Tabletop Water Feature - Water Pot & Crystal Ball 15x13cm","<p>It embodies a handmade, reclaimed character, making it a sustainable choice for any setting.</p><ul><li>Dimensions: 15 x 13 x 20 cm</li><li>Weight: 0.721kg</li></ul><p>Free UK delivery. Sold by Kaiku.</p>",water-features,FILL,1000,34.00,5,FixedPrice,GTC,Bourne End,SL8 5NF,14,"KK-WATR-TABLETOP-016",5056368360060,,"Kaiku","","","","Rustic",15,13,20,cm,0.721kg,"https://cdn.sanity.io/images/huh1e45n/production/1987eaec8bbcfadd537088416bbddde016961a47-2000x2000.jpg | https://cdn.sanity.io/images/huh1e45n/production/e9f228f4c2aca6ebfed1ebe3e54d5c9cb27913a9-2000x2000.jpg | https://cdn.sanity.io/images/huh1e45n/production/19b70b2a4b9e2acef1f6f7865fc2ccf376835926-2000x2000.jpg"
36.40,2.99,yes,46.50,53.2,"AW Dropship","",NOT PERMITTED — ask supplier,26,5,"Albasia wood Natural Wooden Beer Barrel Storage Stool","<p>A handcrafted Albasia wood barrel-shaped storage stool, 38cm tall and 32cm diameter, 2kg.</p><ul><li>Weight: 2kg</li><li>Material: Albasia wood, Metal, Wood</li><li>Colour: Natural, Whitewash</li></ul><p>Free UK delivery. Sold by Kaiku.</p>",rustic-reclaimed-furniture,FILL,1000,87.40,5,FixedPrice,GTC,Bourne End,SL8 5NF,4,"KK-RECL-NATURAL-NAT-001",5056368333750,,"Kaiku","Natural","Albasia wood","Living room","Stool",,,,cm,2kg,"https://cdn.sanity.io/images/huh1e45n/production/9d67028757f8fa7ee43ffe0eee11d8ab557744c8-2000x2000.jpg | https://cdn.sanity.io/images/huh1e45n/production/6ee8c9ed73d4b90ffcc37ee873bd61702706e883-2000x2000.jpg | https://cdn.sanity.io/images/huh1e45n/production/2474f55cba5285eb83f708e0ed551797f1179b92-2000x2000.avif | https://cdn.sanity.io/images/huh1e45n/production/11254ab46cb62143a0608cf6a7ac604e27b73116-616x616.jpg | https://cdn.sanity.io/images/huh1e45n/production/f448e9c3a3c4a194332fe0db62f20df6548879f7-2000x2000.jpg"
10.00,2.99,yes,15.37,53.0,"AW Dropship","WaterF-09",NOT PERMITTED — ask supplier,5,2,"Tabletop Water Feature - Cascading Pots","<p>Embrace the tranquillity of the outdoors with our Tabletop Water Feature - Cascading Pots, crafted from sustainable materials to add a handcrafted, rustic charm to your outdoor space.</p><ul><li>Weight: 0.81kg</li></ul><p>Free UK delivery. Sold by Kaiku.</p>",water-features,FILL,1000,29.00,5,FixedPrice,GTC,Bourne End,SL8 5NF,14,"KK-WATR-TABLETOP-007",5056368346330,,"Kaiku","","","","Rustic",,,,cm,0.81kg,"https://cdn.sanity.io/images/huh1e45n/production/b4b39f489c5547c39d56f8191dd1fe6f613e11ea-2000x2000.jpg | https://cdn.sanity.io/images/huh1e45n/production/4cc89ff290300df2e86710199e7e3dfa8242d920-1083x753.jpg"
12.65,2.99,yes,17.65,51.9,"AW Dropship","WaterF-10",NOT PERMITTED — ask supplier,60,2,"Tabletop Water Feature - Golden Buddha & Pots 16x22cm","<p>This captivating Tabletop Water Feature features a golden Buddha surrounded by pots. Crafted with care, its unique design adds a touch of harmony to any setting.</p><ul><li>Dimensions: 16 x 21.5 x 12.5 cm</li><li>Weight: 0.91kg</li></ul><p>Free UK delivery. Sold by Kaiku.</p>",water-features,FILL,1000,34.00,5,FixedPrice,GTC,Bourne End,SL8 5NF,14,"KK-WATR-TABLETOP-008",5056368346347,,"Kaiku","","","","Zen",16,21.5,12.5,cm,0.91kg,"https://cdn.sanity.io/images/huh1e45n/production/86d32d2973b22b176876a2dc9d4ea93ceb935fd8-2000x2000.jpg | https://cdn.sanity.io/images/huh1e45n/production/4cc89ff290300df2e86710199e7e3dfa8242d920-1083x753.jpg"
17.80,2.99,yes,23.34,51.9,"AW Dropship","WaterF-11",NOT PERMITTED — ask supplier,89,2,"Tabletop Water Feature - Elephants & Palm Tree 20x25cm","<p>The Tabletop Water Feature - Elephants & Palm Tree adds a delightful touch of handcrafted artistry to your space with its rustic design.</p><ul><li>Dimensions: 19.5 x 25 x 19.5 cm</li><li>Weight: 1.54kg</li></ul><p>Free UK delivery. Sold by Kaiku.</p>",water-features,FILL,1000,45.00,5,FixedPrice,GTC,Bourne End,SL8 5NF,14,"KK-WATR-TABLETOP-009",5056368346354,,"Kaiku","","","","Rustic",19.5,25,19.5,cm,1.54kg,"https://cdn.sanity.io/images/huh1e45n/production/51f56e5c45f92950107fd3c3fac78c8142374a2e-2000x2000.jpg | https://cdn.sanity.io/images/huh1e45n/production/4cc89ff290300df2e86710199e7e3dfa8242d920-1083x753.jpg"
20.46,,NO — margin overstated,22.68,51.5,"Premier Housewares","1102244",NOT PERMITTED — ask supplier,,8,"Cassini Tri Fold White LED Table Mirror 18x6cm","<p>A table mirror in polystyrene and glass, 18 x 6 x 28cm. Arrives assembled.</p><ul><li>Dimensions: 18 x 6 x 28 cm</li><li>Colour: White</li></ul><p>Free UK delivery. Sold by Kaiku.</p>",mirrors,FILL,1000,44.00,1,FixedPrice,GTC,Bourne End,SL8 5NF,14,"KK-MIR-CASSINI-005",5018705981581,,"Kaiku","White","","","Modern",18,6,28,cm,,"https://cdn.sanity.io/images/huh1e45n/production/f6824721d1cd4999ffe995e9f2cd2e1b0de4e641-1280x1280.jpg | https://cdn.sanity.io/images/huh1e45n/production/137ff3a69128cc27554d29fd122f0b1160b7f76d-1280x1280.jpg | https://cdn.sanity.io/images/huh1e45n/production/c0c17f9835abd31761ef969c6f12e00a8950af57-1280x1280.jpg | https://cdn.sanity.io/images/huh1e45n/production/f8f1e2c20b54c456948699c36d152161b33308f0-1280x1280.jpg | https://cdn.sanity.io/images/huh1e45n/production/62137f5772485e9b85907dc85c16c57335286fde-1280x1280.jpg | https://cdn.sanity.io/images/huh1e45n/production/c361ba973f6b95f0253fed3928897f749343d152-1280x1280.jpg | https://cdn.sanity.io/images/huh1e45n/production/0cde0d3763a58e4964ecc80df1f7e5ea9939ea77-1280x1280.jpg | https://cdn.sanity.io/images/huh1e45n/production/7e60b929a3b2c011398ee2d2d17db1a98a8d4512-1280x1280.jpg"
20.00,,NO — margin overstated,21.17,50.4,"Aosom","B31-563V00GD",NOT PERMITTED — ask supplier,,4,"Starry LED Wall Lights, Set of 2, Gold 18x15cm","<p>The Led Wall Lamp 2 Pack offers adjustable indoor lighting. Crafted from durable metal and acrylic, the lamps are designed for modern homes and can enhance bedrooms, hallways, and living areas. Each lamp measures 17.5 x 15 x 14.5 cm, making them a space-efficient solution without compromising on style. With adjustable colour temperatures of 3000K, 4000K, and 6500K, you can easily switch up the mood of your space from cosy to vibrant as needed. Designed for wall mounting, these lights are easy to install, arriving with everything required for setup.</p><ul><li>Dimensions: 17.5 x 15 x 14.5 cm</li><li>Weight: 1kg</li><li>Colour: Gold</li></ul><p>Free UK delivery. Sold by Kaiku.</p>",lighting,FILL,1000,42.00,1,FixedPrice,GTC,Bourne End,SL8 5NF,14,"KK-LT-STARRY-001",,,"Kaiku","Gold","","","Modern",17.5,15,14.5,cm,1kg,"https://cdn.sanity.io/images/huh1e45n/production/16b3b1f19c4a9f640b06165c1d8e74fe09142ba1-2000x2000.jpg | https://cdn.sanity.io/images/huh1e45n/production/80a644ab768c90e52a505ef9c015a09b8f1ade16-800x800.jpg | https://cdn.sanity.io/images/huh1e45n/production/936c54c9fc4bef399669c025a68dff4e50ed8f1e-2000x2000.jpg | https://cdn.sanity.io/images/huh1e45n/production/2eb1275ab208d02fda87b06e49ec11c0d443266e-2000x2000.jpg"
16.80,,NO — margin overstated,17.47,49.9,"AW Dropship","WaterF-24",NOT PERMITTED — ask supplier,37,4,"Mediterranean Cascading Pots Tabletop Water Feature 19x14cm","<p>The Mediterranean Cascading Pots Tabletop Water Feature offers a unique handcrafted design that enhances your home or garden with soothing sounds of flowing water. Emphasising reclaimed materials, this beautiful feature is perfect for those seeking a rustic aesthetic.</p><ul><li>Dimensions: 19 x 14 x 27 cm</li><li>Weight: 1.973kg</li></ul><p>Free UK delivery. Sold by Kaiku.</p>",water-features,FILL,1000,35.00,5,FixedPrice,GTC,Bourne End,SL8 5NF,14,"KK-WATR-MEDITERRANEA-001",5056368360121,,"Kaiku","","","","Rustic",19,14,27,cm,1.973kg,"https://cdn.sanity.io/images/huh1e45n/production/ea29ae53ebabd4c2666f54c8dc2ea82fa8e88670-2000x2000.jpg | https://cdn.sanity.io/images/huh1e45n/production/4d189cbe91029c924a702a3c716ea6c29fb71e76-2000x2000.jpg | https://cdn.sanity.io/images/huh1e45n/production/019c365d961456ad6916edca6a84bbcdadd307cd-2000x2000.jpg | https://cdn.sanity.io/images/huh1e45n/production/7643fe24469f08a27a6c6d21754f8e00a94c8b8d-2000x2000.jpg"
19.29,0.00,yes,19.91,49.8,"AW Dropship","WaterF-01",NOT PERMITTED — ask supplier,19,4,"Tabletop Water Feature - 30cm - Golden Meditating Buddha 30x20cm","<p>The Tabletop Water Feature - 30cm - Golden Meditating Buddha combines artistry and serenity, allowing you to enjoy the calming effects of flowing water. Handcrafted with care, this sculpture not only beautifies your space but brings a sustainable, handcrafted charm into your home.</p><ul><li>Weight: 1.4kg</li></ul><p>Free UK delivery. Sold by Kaiku.</p>",water-features,FILL,1000,40.00,5,FixedPrice,GTC,Bourne End,SL8 5NF,14,"KK-WATR-TABLETOP-001",5056368321290,,"Kaiku","","","","Zen",30,20,,cm,1.4kg,"https://cdn.sanity.io/images/huh1e45n/production/71a9c989cefd22cfa1e4da05f971010cb31324ef-2000x2000.jpg | https://cdn.sanity.io/images/huh1e45n/production/7be57504345c884d16ed6aa764a39455b629f9c9-2000x2000.jpg | https://cdn.sanity.io/images/huh1e45n/production/85acc4c260d06cf8dde48f8d99363a692e4a6756-2000x2000.jpg | https://cdn.sanity.io/images/huh1e45n/production/b7c8d9fbf12201cd43b1c36ebed7afc495af27c4-2000x2000.jpg"
35.94,,NO — margin overstated,35.77,49.0,"Aosom","920-084V80RB",NOT PERMITTED — ask supplier,,4,"Multi-Storage Work Desk with Sliding Keyboard Tray, Brown 80x50cm","<p>The Multi-Storage Work Desk in rustic brown and black features a sliding keyboard tray and multiple shelves for efficient organisation. Crafted from particleboard and steel, it's designed for durability and convenience.</p><ul><li>Dimensions: 80 x 50 x 130 cm</li><li>Weight: 33kg</li><li>Colour: Brown</li></ul><p>Free UK delivery. Sold by Kaiku.</p>",desks,FILL,1000,73.00,1,FixedPrice,GTC,Bourne End,SL8 5NF,14,"KK-DESK-MULTI-001",,,"Kaiku","Brown","","","Contemporary",80,50,130,cm,33kg,"https://cdn.sanity.io/images/huh1e45n/production/428cd6ab12874d0a3c93e1999c0043e59e0a1526-2000x2000.jpg | https://cdn.sanity.io/images/huh1e45n/production/c4d773f3fafb646abf77ebbad1245b1e913bc6d3-800x800.jpg | https://cdn.sanity.io/images/huh1e45n/production/f7e324b4c1ea25cf64d799d3d18322cfee9830f3-2000x2000.jpg | https://cdn.sanity.io/images/huh1e45n/production/07198858fcc749efac056ed306746e62d1776373-2000x2000.jpg"
5.51,2.99,yes,8.54,48.8,"AW Dropship","PREO-76",NOT PERMITTED — ask supplier,33,3,"Sweet Birch Essential Oil 50ml | Ancient Wisdom","<p>A 50ml bottle of steam-distilled Sweet Birch Essential Oil in amber glass, 0.115kg.</p><ul><li>50ml amber glass bottle protects the oil from light</li><li>Fresh, crisp woodland aroma</li><li>Ideal for ultrasonic diffusers and oil burners</li><li>Suitable for massage blends once diluted in a carrier oil</li><li>Use in homemade candles, soaps and bath products</li><li>Delivered in 2–5 working days, tracked</li></ul><ul><li>Weight: 0.115kg</li><li>Material: Birch, Glass</li></ul><p>Free UK delivery. Sold by Kaiku.</p>",wellness-accessories,FILL,1000,17.50,5,FixedPrice,GTC,Bourne End,SL8 5NF,5,"KK-WA-AW-002",5055796530007,,"Kaiku","","Birch","Sauna","",,,,cm,0.115kg,"https://cdn.sanity.io/images/huh1e45n/production/b019d24d802c983e396eb84687c1f3dde92d6873-1600x1600.jpg | https://cdn.sanity.io/images/huh1e45n/production/a9072d6beb0934d7ea5134daf9eef0051f8675e1-1600x1600.jpg | https://cdn.sanity.io/images/huh1e45n/production/520796491e837f80dd4306d60d39df7d811325a1-1600x1600.jpg"
18.11,,NO — margin overstated,17.15,47.6,"Premier Housewares","2200861",NOT PERMITTED — ask supplier,,2,"Maddox Cream Metal White Face Wall Clock 22x8cm","<p>The Maddox Cream Metal White Face Wall Clock features a cream metal finish and a durable design. At H22 x D8 x W22 cm, it combines function with timeless appeal.</p><ul><li>Dimensions: 22 x 8 x 22 cm</li><li>Material: Metal</li><li>Colour: Cream</li></ul><p>Free UK delivery. Sold by Kaiku.</p>",wall-clocks,FILL,1000,36.00,1,FixedPrice,GTC,Bourne End,SL8 5NF,14,"KK-CLK-MADDOX-CRM-001",5018705773032,,"Kaiku","Cream","Metal","","Vintage",22,8,22,cm,,"https://cdn.sanity.io/images/huh1e45n/production/8a65218597b5f3b697fa321a6a9be72b47c85d81-1280x1280.jpg | https://cdn.sanity.io/images/huh1e45n/production/a75e9077b49d3a0721f3ceae96e0755c4f409e5e-1280x1280.jpg"
23.44,,NO — margin overstated,20.68,46.0,"Aosom","B30-P003",NOT PERMITTED — ask supplier,,4,"1.2m Dimmable Solar Bollard Lights, Set of 2, Black 15x15cm","<p>This set of two outdoor garden solar post lamps brings a contemporary touch to your garden while being environmentally friendly. Constructed from durable plastic and standing 1.2 metres tall, these black lamps will enhance your outdoor aesthetics. Each lamp features a reliable solar power source, ensuring they are energy-efficient and cost-effective. With automatic sensors, these solar lamps light up at dusk and remain illuminated for 5 to 6 hours. The removable LED lights and clear shade allow for maintenance integration into any garden setting.</p><ul><li>Dimensions: 15 x 15 x 120 cm</li><li>Weight: 0.59kg</li><li>Colour: Black</li></ul><p>Free UK delivery. Sold by Kaiku.</p>",garden-lighting,FILL,1000,45.00,1,FixedPrice,GTC,Bourne End,SL8 5NF,14,"KK-GARL-DIMMABLE-002",,,"Kaiku","Black","","","Modern",15,15,120,cm,0.59kg,"https://cdn.sanity.io/images/huh1e45n/production/bf6c9bdff47d244b281a3fead228e8c8cc0788c9-2000x2000.jpg | https://cdn.sanity.io/images/huh1e45n/production/4b05a8d3263bd4819e9e000402c590d6118ee427-800x800.jpg | https://cdn.sanity.io/images/huh1e45n/production/5552ed3e1cedc671f78c66d107845f778d32a5e6-2000x2000.jpg | https://cdn.sanity.io/images/huh1e45n/production/04a853357c6dc3090439bbfcc75e9b4c74c404f1-2000x2000.jpg"
20.38,,NO — margin overstated,17.84,45.7,"Premier Housewares","0507070",NOT PERMITTED — ask supplier,503,3,"Emery Matt Black Wire Basket 30x30cm","<p>The Emery Matt Black Wire Basket, made from iron, combines practicality with minimalist design.</p><ul><li>Tapered design</li><li>Durable iron construction</li><li>Contemporary matte finish</li></ul><ul><li>Dimensions: 30 x 30 x 20.5 cm</li><li>Colour: Black</li></ul><p>Free UK delivery. Sold by Kaiku.</p>",bathroom-storage,FILL,1000,39.00,5,FixedPrice,GTC,Bourne End,SL8 5NF,14,"KK-BATS-EMERY-002",5018705481340,,"Kaiku","Black","","","Modern",30,30,20.5,cm,,"https://cdn.sanity.io/images/huh1e45n/production/737bb5025bdde50a7888022f3252c2247c8ea736-1280x1280.jpg | https://cdn.sanity.io/images/huh1e45n/production/986e239f305e18ff4c0937fca50cd10494dfc47f-1280x1280.jpg | https://cdn.sanity.io/images/huh1e45n/production/53afc9399faf113e0b7cf353ed5584c0345a44d2-1280x1280.jpg"
24.15,5.99,yes,25.80,45.3,"AW Dropship","WaterF-14",NOT PERMITTED — ask supplier,33,2,"Tabletop Water Feature - Purple Dragon, Crystal Ball & Water Wheel 18x35cm","<p>This enchanting tabletop water feature combines a purple dragon, crystal ball, and water wheel.</p><ul><li>Dimensions: 18 x 35 x 18 cm</li><li>Weight: 2.4kg</li></ul><p>Free UK delivery. Sold by Kaiku.</p>",water-features,FILL,1000,57.00,5,FixedPrice,GTC,Bourne End,SL8 5NF,14,"KK-WATR-TABLETOP-012",5056368346385,,"Kaiku","","","","Whimsical",18,35,18,cm,2.4kg,"https://cdn.sanity.io/images/huh1e45n/production/4cc89ff290300df2e86710199e7e3dfa8242d920-1083x753.jpg | https://cdn.sanity.io/images/huh1e45n/production/9eb7ddac11ae529ee964a7eb81ca1c96593185c5-2000x2000.jpg"
31.21,,NO — margin overstated,26.70,45.3,"Aosom","02-0302",NOT PERMITTED — ask supplier,,4,"Glass Droplet Pendant Chandelier, Chrome 30x30cm","<p>A crystal pendant chandelier with a polished chrome finish and an adjustable drop, taking a GU10 bulb. 30cm diameter x 120cm and 4.5kg.</p><ul><li>Dimensions: 30 x 30 x 120 cm</li><li>Weight: 4.5kg</li><li>Material: Glass</li></ul><p>Free UK delivery. Sold by Kaiku.</p>",lighting,FILL,1000,59.00,1,FixedPrice,GTC,Bourne End,SL8 5NF,14,"KK-LT-DROPLET-001",,,"Kaiku","","Glass","","Modern",30,30,120,cm,4.5kg,"https://cdn.sanity.io/images/huh1e45n/production/0cc111db8f408745c912772fbab2c5f2b2279bd5-2000x2000.png | https://cdn.sanity.io/images/huh1e45n/production/96d527b510acb17f5acab89986fe76226ae3f481-800x800.png | https://cdn.sanity.io/images/huh1e45n/production/2c0bb00398161bc7709a7820e707be28c6d4b6b4-2000x2000.jpg | https://cdn.sanity.io/images/huh1e45n/production/62ecbc18f3be2b1bff4f4bdc96a45e7c7302e0f3-2000x2000.jpg"
15.31,,NO — margin overstated,13.05,45.0,"Premier Housewares","1601842",NOT PERMITTED — ask supplier,,7,"Canyon Grey Lotion Dispenser - 500ml 9x9cm","<p>Standing at 18 cm tall, it adds a modern touch to any bathroom or kitchen countertop.</p><ul><li>Eco-friendly</li><li>Removable pump head</li><li>Sleek design</li></ul><ul><li>Dimensions: 9 x 9 x 18 cm</li><li>Colour: Grey</li></ul><p>Free UK delivery. Sold by Kaiku.</p>",bathroom-accessories,FILL,1000,29.00,1,FixedPrice,GTC,Bourne End,SL8 5NF,14,"KK-BATA-CANYON-010",5018705956565,,"Kaiku","Grey","","","Modern",9,9,18,cm,,"https://cdn.sanity.io/images/huh1e45n/production/2458048bc3a3c6d6063e78d17535a827cde8d594-1280x1280.jpg | https://cdn.sanity.io/images/huh1e45n/production/1640bfaac603d75751e810e8a9e4b45a41f41952-1280x1280.jpg | https://cdn.sanity.io/images/huh1e45n/production/64753adcdabf2a56464b1dee924ad2a684929061-1280x1280.jpg | https://cdn.sanity.io/images/huh1e45n/production/52f097db06b5436b641ef01026efc9f554fef6c8-1280x1280.jpg | https://cdn.sanity.io/images/huh1e45n/production/ca20e128ac76eba18fa5507cb94fadc0889383ee-1280x1280.jpg | https://cdn.sanity.io/images/huh1e45n/production/4a72eca9e75fb3ef5e49f777edcedec679ef7787-1280x1280.jpg | https://cdn.sanity.io/images/huh1e45n/production/6438fab9a030cbbd9024d5fbb36cac999336ade4-1280x1280.jpg"
15.31,,NO — margin overstated,13.05,45.0,"Premier Housewares","1601844",NOT PERMITTED — ask supplier,,7,"Canyon Black Lotion Dispenser - 500ml 9x9cm","<p>The Canyon Black Lotion Dispenser is made from an eco-friendly blend of materials, including bamboo and corn starch. Its dimensions are 9 × 9 × 18 cm.</p><ul><li>Eco-friendly materials</li><li>Sleek black finish</li><li>Removable pump head</li></ul><ul><li>Dimensions: 9 x 9 x 18 cm</li><li>Colour: Black</li></ul><p>Free UK delivery. Sold by Kaiku.</p>",bathroom-accessories,FILL,1000,29.00,1,FixedPrice,GTC,Bourne End,SL8 5NF,14,"KK-BATA-CANYON-012",5018705956589,,"Kaiku","Black","","","Modern",9,9,18,cm,,"https://cdn.sanity.io/images/huh1e45n/production/2fbce97c43e2eb8fa0dce126d782e56cd69fd684-1280x1280.jpg | https://cdn.sanity.io/images/huh1e45n/production/4f3dcfd1ea811c3fc7e238d566fb5dd1c8a8658a-1280x1280.jpg | https://cdn.sanity.io/images/huh1e45n/production/ad0ab41f82b11eb635d1bbd248e11b0effef2007-1280x1280.jpg | https://cdn.sanity.io/images/huh1e45n/production/a4588ea959968c2adad87685ba21a1991d3da973-1280x1280.jpg | https://cdn.sanity.io/images/huh1e45n/production/fbf8d19ef1e5f0e724b0a27c188881187e400d0b-1280x1280.jpg | https://cdn.sanity.io/images/huh1e45n/production/612a96c7854b526f1312693b57f45ac8f2b546b3-1280x1280.jpg | https://cdn.sanity.io/images/huh1e45n/production/25488ad3e2b472b19345156839ccd4a1684cd36b-1280x1280.jpg"
10.00,,NO — margin overstated,8.52,44.8,"AW Dropship","WaterF-08",NOT PERMITTED — ask supplier,59,2,"Tabletop Water Feature - 20cm - Elephant in Love 16x20cm","<p>The Tabletop Water Feature - 20cm - Elephant in Love brings a delightful blend of art and nature to your home.</p><ul><li>Dimensions: 15.5 x 20 x 13 cm</li><li>Weight: 0.81kg</li></ul><p>Free UK delivery. Sold by Kaiku.</p>",water-features,FILL,1000,19.00,5,FixedPrice,GTC,Bourne End,SL8 5NF,14,"KK-WATR-TABLETOP-017",5056368346323,,"Kaiku","","","","Rustic",15.5,20,13,cm,0.81kg,"https://cdn.sanity.io/images/huh1e45n/production/86dbb72665695334a00e937ab4929f0e074582b7-2000x2000.jpg | https://cdn.sanity.io/images/huh1e45n/production/4cc89ff290300df2e86710199e7e3dfa8242d920-1083x753.jpg"
20.25,0.00,yes,16.98,44.7,"AW Dropship","WaterF-02",NOT PERMITTED — ask supplier,83,4,"Tabletop Water Feature - 30cm - Golden Buddha & Lotus 30x20cm","<p>Crafted with care, our Tabletop Water Feature - 30cm - Golden Buddha & Lotus adds a serene touch to any setting, combining artistic beauty with the relaxing sound of flowing water.</p><ul><li>Weight: 1.4kg</li></ul><p>Free UK delivery. Sold by Kaiku.</p>",water-features,FILL,1000,38.00,5,FixedPrice,GTC,Bourne End,SL8 5NF,14,"KK-WATR-TABLETOP-002",5056368321306,,"Kaiku","","","","Rustic",30,20,,cm,1.4kg,"https://cdn.sanity.io/images/huh1e45n/production/4c85c03db6b03ad597064851f5ffdaa33a4bc417-2000x2000.jpg | https://cdn.sanity.io/images/huh1e45n/production/4cc89ff290300df2e86710199e7e3dfa8242d920-1083x753.jpg | https://cdn.sanity.io/images/huh1e45n/production/e6885555c89735b03383a7dca19f29998901f03b-2000x2000.jpg | https://cdn.sanity.io/images/huh1e45n/production/3e696a244ca0c1ae968254afde04c50d35194579-2000x2000.jpg"
20.25,0.00,yes,16.98,44.7,"AW Dropship","WaterF-04",NOT PERMITTED — ask supplier,93,4,"Tabletop Water Feature - 30cm - Golden Buddha & Vitarka Mudra 30x20cm","<p>The Tabletop Water Feature - 30cm - Golden Buddha & Vitarka Mudra offers a unique blend of craftsmanship and tranquillity.</p><ul><li>Weight: 1.4kg</li></ul><p>Free UK delivery. Sold by Kaiku.</p>",water-features,FILL,1000,38.00,5,FixedPrice,GTC,Bourne End,SL8 5NF,14,"KK-WATR-TABLETOP-003",5056368321320,,"Kaiku","","","","Zen",30,20,,cm,1.4kg,"https://cdn.sanity.io/images/huh1e45n/production/d89cd0fe587a0148aefab51fa7a145201d8fc003-2000x2000.jpg | https://cdn.sanity.io/images/huh1e45n/production/4cc89ff290300df2e86710199e7e3dfa8242d920-1083x753.jpg | https://cdn.sanity.io/images/huh1e45n/production/3306d0ef61f053655932f4cb8db5b8e806aca807-2000x2000.jpg | https://cdn.sanity.io/images/huh1e45n/production/85acc4c260d06cf8dde48f8d99363a692e4a6756-2000x2000.jpg"
47.70,,NO — margin overstated,39.77,44.7,"Aosom","920-100V70RB",NOT PERMITTED — ask supplier,,4,"LED Computer Desk with Power Outlets, Rustic Brown 120x50cm","<p>Crafted from reclaimed materials, this LED Computer Desk in Rustic Brown is perfect for home office or study.</p><ul><li>Dimensions: 120 x 50 x 89.5 cm</li><li>Weight: 60kg</li><li>Colour: Brown</li></ul><p>Free UK delivery. Sold by Kaiku.</p>",desks,FILL,1000,89.00,1,FixedPrice,GTC,Bourne End,SL8 5NF,3,"KK-DESK-LED-002",,,"Kaiku","Brown","","","Rustic",120,50,89.5,cm,60kg,"https://cdn.sanity.io/images/huh1e45n/production/435f64e77222f602664873be564c50b03634f5ef-2000x2000.jpg | https://cdn.sanity.io/images/huh1e45n/production/c26a787e3d10e9a333ad3e0f2dae3de4249cd410-800x800.jpg | https://cdn.sanity.io/images/huh1e45n/production/9d387ab26747c332dd7d871454da63e05e878235-2000x2000.jpg | https://cdn.sanity.io/images/huh1e45n/production/2062c4e1e3a5a7bb4f0058649aec3133777e6dea-2000x2000.jpg"
22.90,5.99,yes,24.10,44.6,"AW Dropship","WaterF-12",NOT PERMITTED — ask supplier,11,3,"Tabletop Water Feature - Elephants, Crystal Ball & Water Wheel 25x35cm","<p>The Tabletop Water Feature featuring Elephants, a Crystal Ball, and a Water Wheel adds a calm and enchanting touch to your garden or patio. This handcrafted piece showcases sustainable materials, resulting in a unique decor item.</p><ul><li>Dimensions: 25 x 35 x 20 cm</li><li>Weight: 2.3kg</li></ul><p>Free UK delivery. Sold by Kaiku.</p>",water-features,FILL,1000,54.00,5,FixedPrice,GTC,Bourne End,SL8 5NF,14,"KK-WATR-TABLETOP-010",5056368346361,,"Kaiku","","","","Traditional",25,35,20,cm,2.3kg,"https://cdn.sanity.io/images/huh1e45n/production/94c428d136f9ba848ed71b19622287f3cbeb6e2a-2000x2000.jpg | https://cdn.sanity.io/images/huh1e45n/production/480eecfd9c852a6f482fb754c434b3a3eeeb79f6-2000x2000.jpg | https://cdn.sanity.io/images/huh1e45n/production/4cc89ff290300df2e86710199e7e3dfa8242d920-1083x753.jpg"
22.90,5.99,yes,24.10,44.6,"AW Dropship","WaterF-15",NOT PERMITTED — ask supplier,55,2,"Tabletop Water Feature - Natural Rocks Formation 35x16cm","<p>The Tabletop Water Feature - Natural Rocks Formation brings the beauty of nature indoors with its handcrafted design and sustainable materials.</p><ul><li>Dimensions: 35 x 16 x 18 cm</li><li>Weight: 2.3kg</li><li>Colour: Natural</li></ul><p>Free UK delivery. Sold by Kaiku.</p>",water-features,FILL,1000,54.00,5,FixedPrice,GTC,Bourne End,SL8 5NF,14,"KK-WATR-TABLETOP-013",5056368346392,,"Kaiku","Natural","","","Rustic",35,16,18,cm,2.3kg,"https://cdn.sanity.io/images/huh1e45n/production/1d8cd00f77d904a16f909041ef45a3ed17371d9f-2000x2000.jpg | https://cdn.sanity.io/images/huh1e45n/production/4cc89ff290300df2e86710199e7e3dfa8242d920-1083x753.jpg"
22.90,5.99,yes,24.10,44.6,"AW Dropship","WaterF-16",NOT PERMITTED — ask supplier,45,2,"Tabletop Water Feature - Slab Rocks Formation & Crystal Ball 18x35cm","<p>The Tabletop Water Feature - Slab Rocks Formation & Crystal Ball is a beautifully crafted water feature. Its unique design offers a sustainable, handcrafted character.</p><ul><li>Weight: 2.3kg</li></ul><p>Free UK delivery. Sold by Kaiku.</p>",water-features,FILL,1000,54.00,5,FixedPrice,GTC,Bourne End,SL8 5NF,14,"KK-WATR-TABLETOP-014",5056368346408,,"Kaiku","","","","Rustic",18,35,,cm,2.3kg,"https://cdn.sanity.io/images/huh1e45n/production/099d2e2aeb59cc426197866f58d3bedaf6ed3479-2000x2000.jpg | https://cdn.sanity.io/images/huh1e45n/production/4cc89ff290300df2e86710199e7e3dfa8242d920-1083x753.jpg"
15.51,,NO — margin overstated,12.86,44.3,"Premier Housewares","1104823",NOT PERMITTED — ask supplier,,1,"Aleki Large Bamboo Chopping and Serving Board 38x28cm","<p>The Aleki Large Bamboo Chopping and Serving Board, crafted from 95% bamboo and 5% aluminium, offers a durable and natural solution for food preparation and serving.</p><ul><li>Lightweight and durable</li><li>Natural bamboo construction</li><li>Versatile for chopping and serving</li></ul><ul><li>Dimensions: 38 x 28 x 1.4 cm</li><li>Material: Bamboo</li></ul><p>Free UK delivery. Sold by Kaiku.</p>",kitchen-storage,FILL,1000,29.00,1,FixedPrice,GTC,Bourne End,SL8 5NF,14,"KK-KITS-ALEKI-002",5018705949130,,"Kaiku","","Bamboo","","Contemporary",38,28,1.4,cm,,"https://cdn.sanity.io/images/huh1e45n/production/c4eb74a916dfc7a9c52b688ae35dafc098a182ef-500x500.jpg"
28.70,,NO — margin overstated,23.30,44.0,"Aosom","B31-562V00GD",NOT PERMITTED — ask supplier,,4,"Spiral LED Wall Lights, Set of 2, Gold 46x15cm","<p>The Led Wall Lamp 2 Pack is a modern lighting solution made of durable metal and acrylic, designed to enhance any indoor setting. With dimensions of 45.6 x 15 x 14 cm, these lamps fit seamlessly into bedrooms, hallways, or living rooms, bringing both style and functionality to your space. These lights feature an adjustable colour temperature, allowing you to switch between 3000K warm yellow, 4000K soft white, and 6500K bright daylight. Offering both versatility and warmth, they create the perfect ambiance for relaxing evenings or lively gatherings. Designed for wall mounting, the lamps come fully assembled with clear installation instructions.</p><ul><li>Dimensions: 45.6 x 15 x 14 cm</li><li>Weight: 1.2kg</li><li>Colour: Gold</li></ul><p>Free UK delivery. Sold by Kaiku.</p>",lighting,FILL,1000,53.00,1,FixedPrice,GTC,Bourne End,SL8 5NF,14,"KK-LT-SPIRAL-003",,,"Kaiku","Gold","","","Modern",45.6,15,14,cm,1.2kg,"https://cdn.sanity.io/images/huh1e45n/production/cd3609788ce8de61df5ae4d17c75056a4a1e9eb6-2000x2000.jpg | https://cdn.sanity.io/images/huh1e45n/production/5f4eb6bc39323b36273f5001b5c2d819f4a4b5b4-800x800.jpg | https://cdn.sanity.io/images/huh1e45n/production/39d74663dab14b6305df09f8a069711a24fdcc76-2000x2000.jpg | https://cdn.sanity.io/images/huh1e45n/production/6c4c52c038e5452208f38d6fba305b9dbf7edaff-2000x2000.jpg"
14.63,,NO — margin overstated,11.76,43.6,"Premier Housewares","5535032",NOT PERMITTED — ask supplier,,8,"Allegra Brown Glass Bathroom Jar 9x9cm","<p>A lidded bathroom storage jar in brown glass with a stainless steel lid, 9 x 9 x 13cm with a 300ml capacity. Arrives assembled.</p><ul><li>Elegant glass storage jar</li><li>Robust construction</li><li>Minimalist design</li></ul><ul><li>Dimensions: 9 x 9 x 13 cm</li><li>Material: Glass</li><li>Colour: Brown</li></ul><p>Free UK delivery. Sold by Kaiku.</p>",bathroom-accessories,FILL,1000,27.00,1,FixedPrice,GTC,Bourne End,SL8 5NF,14,"KK-BATA-ALLEGRA-013",5018705950693,,"Kaiku","Brown","Glass","","Minimalist",9,9,13,cm,,"https://cdn.sanity.io/images/huh1e45n/production/e1b1135a06fdcfbb0f311f06e660c890d93c7830-1280x1280.jpg | https://cdn.sanity.io/images/huh1e45n/production/adb826913430ca331680c6c9baf4c9aebf824122-1280x1280.jpg | https://cdn.sanity.io/images/huh1e45n/production/3577d5cdbcb138f025112546df5964b10b8d1184-1280x1280.jpg | https://cdn.sanity.io/images/huh1e45n/production/ffc1f7b40bca23b16926e0ed3805909604926da6-1280x1280.jpg | https://cdn.sanity.io/images/huh1e45n/production/dd8c5ec73ec1b5ed25c7af7f6933831f84093d3f-1280x1280.jpg | https://cdn.sanity.io/images/huh1e45n/production/db69ea76cb9a452ebe4a8e75204b054fc15f4fce-1280x1280.jpg | https://cdn.sanity.io/images/huh1e45n/production/3513765cdfdc09a7b9e3de6419bfc629a7bc7b46-1280x1280.jpg | https://cdn.sanity.io/images/huh1e45n/production/3721ffd65213729e500a24ae41637044172101e3-1280x1280.jpg"
24.15,5.99,yes,23.84,43.3,"AW Dropship","WaterF-13",NOT PERMITTED — ask supplier,54,2,"Tabletop Water Feature - Dragons, Crystal Ball & Water Wheel 18x35cm","<p>A tabletop water feature with dragons, a crystal ball and a working water wheel, 18 x 35 x 18cm and 2.4kg. Includes a pump — keep it submerged and top the water up regularly.</p><ul><li>Dimensions: 18 x 35 x 18 cm</li><li>Weight: 2.4kg</li></ul><p>Free UK delivery. Sold by Kaiku.</p>",water-features,FILL,1000,55.00,5,FixedPrice,GTC,Bourne End,SL8 5NF,14,"KK-WATR-TABLETOP-011",5056368346378,,"Kaiku","","","","Whimsical",18,35,18,cm,2.4kg,"https://cdn.sanity.io/images/huh1e45n/production/f379a690dc6334346bdb5fb824ecd5febca341fa-2000x2000.jpg | https://cdn.sanity.io/images/huh1e45n/production/4cc89ff290300df2e86710199e7e3dfa8242d920-1083x753.jpg"
27.01,,NO — margin overstated,21.05,43.0,"Aosom","867-269V00YL",NOT PERMITTED — ask supplier,,4,"Boho Rattan Solar Floor Lamp with Shelf, Yellow 37x37cm","<p>The Boho Rattan Floor Lamp offers a unique blend of style and practicality, featuring a vibrant yellow hand-woven rattan shade that adds a delightful bohemian touch to any garden or patio. Measuring 37 cm in diameter and 144 cm in height, this freestanding solar-powered lamp is designed to accentuate your outdoor decor while providing efficient illumination. Constructed from quality PE rattan and sturdy steel, this lamp features a stable three-pole design to withstand outdoor elements. It is equipped with a built-in middle shelf perfect for displaying small decorative items. The Boho Rattan Lamp illuminates with warm light, powered by solar energy, giving you up to 8 hours of lighting after a full charge. With its durable waterproof rating of IP44, it's suitable for outdoor use, designed to enhance your outdoor ambience effortlessly.</p><ul><li>Dimensions: 37 x 37 x 144 cm</li><li>Weight: 6kg</li><li>Material: Rattan</li></ul><p>Free UK delivery. Sold by Kaiku.</p>",garden-lighting,FILL,1000,49.00,1,FixedPrice,GTC,Bourne End,SL8 5NF,14,"KK-GARL-BOHO-001",,,"Kaiku","","Rattan","","Bohemian",37,37,144,cm,6kg,"https://cdn.sanity.io/images/huh1e45n/production/256435c246fea0a4aae66b96b07d762142b61027-2000x2000.jpg | https://cdn.sanity.io/images/huh1e45n/production/5f14dafd7d6d8791420177931e534d779fe97dd2-800x800.jpg | https://cdn.sanity.io/images/huh1e45n/production/6ba394092156f69cc304cde716e6e8829f97544c-2000x2000.jpg | https://cdn.sanity.io/images/huh1e45n/production/bf374c276508824f1151c03e0039b42647fffe3f-2000x2000.jpg"
22.90,5.99,yes,22.13,42.6,"AW Dropship","WaterF-17",NOT PERMITTED — ask supplier,43,2,"Tabletop Water Feature - Silver Buddha Cascade & Crystal Ball 25x35cm","<p>A tabletop water feature with a silver Buddha cascade and a crystal ball, 35 x 25 x 20cm and 2.3kg. Handcrafted, so each one varies slightly. Includes a pump — keep it submerged and top the water up regularly.</p><ul><li>Dimensions: 25 x 35 x 20 cm</li><li>Weight: 2.3kg</li><li>Colour: Silver</li></ul><p>Free UK delivery. Sold by Kaiku.</p>",water-features,FILL,1000,52.00,5,FixedPrice,GTC,Bourne End,SL8 5NF,14,"KK-WATR-TABLETOP-015",5056368346415,,"Kaiku","Silver","","","Traditional",25,35,20,cm,2.3kg,"https://cdn.sanity.io/images/huh1e45n/production/3fbf0bfba0601bb3bd04b93d7a6151e8409c95d1-2000x2000.jpg | https://cdn.sanity.io/images/huh1e45n/production/4cc89ff290300df2e86710199e7e3dfa8242d920-1083x753.jpg"
31.27,,NO — margin overstated,23.69,42.3,"Aosom","B31-573V01SR",NOT PERMITTED — ask supplier,,4,"Crystal Semi-Flush Chandelier, Silver 29x29cm","<p>A silver-tone crystal semi-flush ceiling light, 29cm across and 32cm deep. It takes three E14 bulbs up to 40W each, hard-wires with no plug and weighs 1.6kg.</p><ul><li>Dimensions: 29 x 29 x 32 cm</li><li>Weight: 1.6kg</li><li>Colour: Silver</li></ul><p>Free UK delivery. Sold by Kaiku.</p>",lighting,FILL,1000,56.00,1,FixedPrice,GTC,Bourne End,SL8 5NF,14,"KK-LT-CRYSTAL-003",,,"Kaiku","Silver","","","Modern",29,29,32,cm,1.6kg,"https://cdn.sanity.io/images/huh1e45n/production/d2c70a683eb309aed035a3cdfa68b0979d071d23-2000x2000.jpg | https://cdn.sanity.io/images/huh1e45n/production/10b785e132d333163405eeade9ba30dba53bd2f1-800x800.jpg | https://cdn.sanity.io/images/huh1e45n/production/2e955a72083d489046f0c7de029fb22f03fb80c7-2000x2000.jpg | https://cdn.sanity.io/images/huh1e45n/production/cd82ae06c180dace1ac141973d7e6cd4d0441fd6-2000x2000.jpg"
21.60,2.99,yes,18.55,42.2,"AW Dropship","WaterF-20",NOT PERMITTED — ask supplier,94,4,"Buddha Hand & Head Tabletop Water Feature 20x25cm","<p>A tabletop water feature with a Buddha hand and head, 20 x 25 x 35cm and 1.87kg. Light enough to reposition one-handed. Includes a pump — keep it submerged and top the water up regularly.</p><ul><li>Dimensions: 20 x 25 x 35 cm</li><li>Weight: 1.874kg</li></ul><p>Free UK delivery. Sold by Kaiku.</p>",water-features,FILL,1000,44.00,5,FixedPrice,GTC,Bourne End,SL8 5NF,14,"KK-WATR-BUDDHA-001",5056368360084,,"Kaiku","","","","Rustic",20,25,35,cm,1.874kg,"https://cdn.sanity.io/images/huh1e45n/production/9f82a7f22638291f7a61d95da110353f62ce1e06-2000x2000.jpg | https://cdn.sanity.io/images/huh1e45n/production/7643fe24469f08a27a6c6d21754f8e00a94c8b8d-2000x2000.jpg | https://cdn.sanity.io/images/huh1e45n/production/d5872386b5f6e13c28aea550ee5668513579abe4-1024x1024.jpg | https://cdn.sanity.io/images/huh1e45n/production/f6d930364bd35ae163c7c7204d524b1a62924b7c-2000x2000.jpg"
11.75,,NO — margin overstated,8.73,41.6,"Premier Housewares","1601854",NOT PERMITTED — ask supplier,,8,"Canyon Grey Soap Dish 13x9cm","<p>The Canyon Grey Soap Dish combines eco-friendly materials including bamboo and corn starch for a minimalist design.</p><ul><li>100% Biodegradable</li><li>Minimalist Design</li><li>Removable Insert</li></ul><ul><li>Dimensions: 13 x 9 x 3 cm</li><li>Colour: Grey</li></ul><p>Free UK delivery. Sold by Kaiku.</p>",bathroom-accessories,FILL,1000,21.00,1,FixedPrice,GTC,Bourne End,SL8 5NF,14,"KK-BATA-CANYON-013",5018705956657,,"Kaiku","Grey","","","Minimalist",13,9,3,cm,,"https://cdn.sanity.io/images/huh1e45n/production/2762b24fc440fecb13105af99baaffca39b09e53-1280x1280.jpg | https://cdn.sanity.io/images/huh1e45n/production/7b0bd654b90b6ede5aa5ad7230de397495eefbe7-1280x1280.jpg | https://cdn.sanity.io/images/huh1e45n/production/787358e1e6353a69bfa1e78e738695abf6ae8e2b-1280x1280.jpg | https://cdn.sanity.io/images/huh1e45n/production/64753adcdabf2a56464b1dee924ad2a684929061-1280x1280.jpg | https://cdn.sanity.io/images/huh1e45n/production/69fd58519d068ac6a9170424276aae0894668760-1280x1280.jpg | https://cdn.sanity.io/images/huh1e45n/production/ca20e128ac76eba18fa5507cb94fadc0889383ee-1280x1280.jpg | https://cdn.sanity.io/images/huh1e45n/production/52f097db06b5436b641ef01026efc9f554fef6c8-1280x1280.jpg | https://cdn.sanity.io/images/huh1e45n/production/6275eef6dee0f1930bc084464378cd88c490cbff-1280x1280.jpg"
11.75,,NO — margin overstated,8.73,41.6,"Premier Housewares","1601855",NOT PERMITTED — ask supplier,,8,"Canyon White Soap Dish 13x9cm","<p>A soap dish in a bamboo and corn starch composite with a removable insert, 13cm wide x 9cm deep and 3cm tall, in white. Sized for a single bar and wipe-clean.</p><ul><li>Minimalist design</li><li>100% biodegradable</li><li>Removable bamboo insert</li></ul><ul><li>Dimensions: 13 x 9 x 3 cm</li><li>Colour: White</li></ul><p>Free UK delivery. Sold by Kaiku.</p>",bathroom-accessories,FILL,1000,21.00,1,FixedPrice,GTC,Bourne End,SL8 5NF,14,"KK-BATA-CANYON-014",5018705956688,,"Kaiku","White","","","Eco-friendly",13,9,3,cm,,"https://cdn.sanity.io/images/huh1e45n/production/214792478565e996ca7bf90aca9a978d0476f7e6-1280x1280.jpg | https://cdn.sanity.io/images/huh1e45n/production/06ed88a3fbbfd33c62f8a928f3e0733e96c1d849-1280x1280.jpg | https://cdn.sanity.io/images/huh1e45n/production/10c42e2ddf7f509e795e05f6db629dc9a5a950cb-1280x1280.jpg | https://cdn.sanity.io/images/huh1e45n/production/d72a17427d3817a682a39caa8a6b6a5fec886aed-1280x1280.jpg | https://cdn.sanity.io/images/huh1e45n/production/e61b03090c597fc0b4ce1c7b524c108d4f5b8a72-1280x1280.jpg | https://cdn.sanity.io/images/huh1e45n/production/3d44ec3a649cb542bdbbfd8fc4ee173f56175f58-1280x1280.jpg | https://cdn.sanity.io/images/huh1e45n/production/e7489eebb1e16ff5f5100fa1f5f5f8f9217c2000-1280x1280.jpg | https://cdn.sanity.io/images/huh1e45n/production/8c14ba8c31da978ea341008742e02cbe9ad7d0c2-1280x1280.jpg"
11.75,,NO — margin overstated,8.73,41.6,"Premier Housewares","1601856",NOT PERMITTED — ask supplier,,8,"Canyon Black Soap Dish 13x9cm","<p>A soap dish in a bamboo and corn starch composite with a removable insert, 13cm wide x 9cm deep and 3cm tall, in black. For indoor use and wipe-clean.</p><ul><li>Removable bamboo insert</li><li>100% biodegradable</li><li>Elegant black finish</li></ul><ul><li>Dimensions: 13 x 9 x 3 cm</li><li>Colour: Black</li></ul><p>Free UK delivery. Sold by Kaiku.</p>",bathroom-accessories,FILL,1000,21.00,1,FixedPrice,GTC,Bourne End,SL8 5NF,14,"KK-BATA-CANYON-015",5018705956718,,"Kaiku","Black","","","Minimalist",13,9,3,cm,,"https://cdn.sanity.io/images/huh1e45n/production/579b874df61f2f0c4c866c2f125e14d77042cef4-1280x1280.jpg | https://cdn.sanity.io/images/huh1e45n/production/280a45a30e246b28d2f8d16d399ed058d720f044-1280x1280.jpg | https://cdn.sanity.io/images/huh1e45n/production/79fa72c5983f48467954c27b924cd25b4f0f7806-1280x1280.jpg | https://cdn.sanity.io/images/huh1e45n/production/ad0ab41f82b11eb635d1bbd248e11b0effef2007-1280x1280.jpg | https://cdn.sanity.io/images/huh1e45n/production/b23ea047ece4bf6ce8f3dedc28c66a0f609da102-1280x1280.jpg | https://cdn.sanity.io/images/huh1e45n/production/a4588ea959968c2adad87685ba21a1991d3da973-1280x1280.jpg | https://cdn.sanity.io/images/huh1e45n/production/fbf8d19ef1e5f0e724b0a27c188881187e400d0b-1280x1280.jpg | https://cdn.sanity.io/images/huh1e45n/production/65e7502bb9f9ba5b7293394a27df0b2edd62eebf-1280x1280.jpg"
25.20,5.99,yes,22.79,41.4,"AW Dropship","WaterF-25",NOT PERMITTED — ask supplier,62,4,"Elephants in Love Tabletop Water Feature with Crystal Ball, Light & Watermill","<p>This delightful Elephants in Love Tabletop Water Feature combines artistic craftsmanship with soothing water movement, featuring a crystal ball and light for added elegance.</p><ul><li>Dimensions: 30 x 20 x 35 cm</li><li>Weight: 2.564kg</li></ul><p>Free UK delivery. Sold by Kaiku.</p>",water-features,FILL,1000,55.00,5,FixedPrice,GTC,Bourne End,SL8 5NF,3,"KK-WATR-ELEPHANTS-001",5056368360138,,"Kaiku","","","","Artistic",30,20,35,cm,2.564kg,"https://cdn.sanity.io/images/huh1e45n/production/37e12674f300e356feb846406e6b275d04ffda25-2000x2000.jpg | https://cdn.sanity.io/images/huh1e45n/production/99818ed2cb45eb189670d0410a2f2717ba5853b3-2000x2000.jpg | https://cdn.sanity.io/images/huh1e45n/production/7643fe24469f08a27a6c6d21754f8e00a94c8b8d-2000x2000.jpg | https://cdn.sanity.io/images/huh1e45n/production/d5872386b5f6e13c28aea550ee5668513579abe4-1024x1024.jpg"
16.80,2.99,yes,14.48,41.4,"AW Dropship","WaterF-23",NOT PERMITTED — ask supplier,103,4,"Pebble Wall Tabletop Water Feature with Crystal Ball 19x19cm","<p>The Pebble Wall Tabletop Water Feature with Crystal Ball brings a serene touch to any setting. Its design combines natural elements with a crystal ball.</p><ul><li>Dimensions: 19 x 19 x 28 cm</li><li>Weight: 1.39kg</li></ul><p>Free UK delivery. Sold by Kaiku.</p>",water-features,FILL,1000,35.00,5,FixedPrice,GTC,Bourne End,SL8 5NF,14,"KK-WATR-PEBBLE-001",5056368360114,,"Kaiku","","","","Modern",19,19,28,cm,1.39kg,"https://cdn.sanity.io/images/huh1e45n/production/c39e30dbb1c8e9fd548078a6142f41cd90c1472f-2000x2000.jpg | https://cdn.sanity.io/images/huh1e45n/production/becb958c512de6842e57d16d0b8b26f84409f1ec-2000x2000.jpg | https://cdn.sanity.io/images/huh1e45n/production/7643fe24469f08a27a6c6d21754f8e00a94c8b8d-2000x2000.jpg | https://cdn.sanity.io/images/huh1e45n/production/d5872386b5f6e13c28aea550ee5668513579abe4-1024x1024.jpg"
22.20,,NO — margin overstated,16.02,41.1,"Aosom","B30-068V00BK",NOT PERMITTED — ask supplier,,4,"Solar Lamp Post Light with Planter, Black 33x33cm","<p>A 160cm solar lamp post in black ABS and aluminium, with a 33cm square planter built into the base. One warm LED puts out 50 lumens at 3200K, and a dusk-to-dawn sensor turns it on at sunset and off again at sunrise. There's no wiring to run, so it only needs a spot that gets enough sun to charge. Rated IP44 for outdoor use.</p><ul><li>Dimensions: 33 x 33 x 160 cm</li><li>Weight: 0.185kg</li><li>Colour: Black</li></ul><p>Free UK delivery. Sold by Kaiku.</p>",garden-lighting,FILL,1000,39.00,1,FixedPrice,GTC,Bourne End,SL8 5NF,14,"KK-GARL-SOLAR-006",,,"Kaiku","Black","","","Vintage",33,33,160,cm,0.185kg,"https://cdn.sanity.io/images/huh1e45n/production/beb411469548766365f3f343ca40b6735dc0cffa-2000x2000.jpg | https://cdn.sanity.io/images/huh1e45n/production/28a2f24c4cc6069edfef57b46c9d845d271f71c2-800x800.jpg | https://cdn.sanity.io/images/huh1e45n/production/4e5efe6ad97d7d8a2be913a631670c4ff3dd8412-2000x2000.jpg | https://cdn.sanity.io/images/huh1e45n/production/bcc570cd1334440a78607448ef7c0047977345dd-2000x2000.jpg"
16.48,,NO — margin overstated,11.88,41.0,"Premier Housewares","5535029",NOT PERMITTED — ask supplier,,8,"Allegra Brown Glass Soap Dish 15x11cm","<p>The Allegra Brown Glass Soap Dish is crafted from robust glass and stainless steel, measuring 15 x 11 x 4 cm.</p><ul><li>Durable glass and stainless steel composition</li><li>Elegant oval shape</li><li>Dishwasher safe for easy cleaning</li></ul><ul><li>Dimensions: 15 x 11 x 4 cm</li><li>Material: Glass</li><li>Colour: Brown</li></ul><p>Free UK delivery. Sold by Kaiku.</p>",bathroom-accessories,FILL,1000,29.00,1,FixedPrice,GTC,Bourne End,SL8 5NF,14,"KK-BATA-ALLEGRA-010",5018705950662,,"Kaiku","Brown","Glass","","Modern",15,11,4,cm,,"https://cdn.sanity.io/images/huh1e45n/production/735514293fd8e1b9450a435fe5f8776eca63552e-1280x1280.jpg | https://cdn.sanity.io/images/huh1e45n/production/d86471be7cb9b4239002e84387c7ca596fe262bd-1280x1280.jpg | https://cdn.sanity.io/images/huh1e45n/production/ffc1f7b40bca23b16926e0ed3805909604926da6-1280x1280.jpg | https://cdn.sanity.io/images/huh1e45n/production/dd8c5ec73ec1b5ed25c7af7f6933831f84093d3f-1280x1280.jpg | https://cdn.sanity.io/images/huh1e45n/production/df2ec18b84048e275e59d2bfd90e128e55919f41-1280x1280.jpg | https://cdn.sanity.io/images/huh1e45n/production/3513765cdfdc09a7b9e3de6419bfc629a7bc7b46-1280x1280.jpg | https://cdn.sanity.io/images/huh1e45n/production/c1053ba937f3843b06fd90a61c681f429c6644d0-1280x1280.jpg | https://cdn.sanity.io/images/huh1e45n/production/3721ffd65213729e500a24ae41637044172101e3-1280x1280.jpg"
22.25,,NO — margin overstated,15.96,40.9,"Premier Housewares","2201064",NOT PERMITTED — ask supplier,,5,"Glass Elko Oval Wall Clock with Dark Grey Finish 27x4cm","<p>The Elko Oval Wall Clock features a dark grey finish and a crisp white face, crafted entirely from quality glass.</p><ul><li>Dimensions: 27 x 4 x 35 cm</li><li>Material: Glass</li><li>Colour: Grey</li></ul><p>Free UK delivery. Sold by Kaiku.</p>",wall-clocks,FILL,1000,39.00,1,FixedPrice,GTC,Bourne End,SL8 5NF,14,"KK-CLK-ELKO-GRY-001",5018705447193,,"Kaiku","Grey","Glass","","Modern",27,4,35,cm,,"https://cdn.sanity.io/images/huh1e45n/production/c02078f1d4119f0221ca74081f435406c7a75d43-1280x1280.jpg | https://cdn.sanity.io/images/huh1e45n/production/0ec687ed526cae704da0bd90120358de36033c11-1280x1280.jpg | https://cdn.sanity.io/images/huh1e45n/production/18425afa9ba0d92dc5072f6e3dcdbcee7a9f6667-1280x1280.jpg | https://cdn.sanity.io/images/huh1e45n/production/0b7b60dfdd7ede906ab867e1fb69664cade717f6-900x1200.jpg | https://cdn.sanity.io/images/huh1e45n/production/10e873d8a3e5d39e65c8acd0a9e3d00a30dccbc0-900x1200.jpg"
1.59,2.79,yes,3.25,40.9,"AW Dropship","EO-76",NOT PERMITTED — ask supplier,203,1,"Sweet Birch Essential Oil 10ml | Ancient Wisdom","<p>A 10ml bottle of steam-distilled Sweet Birch Essential Oil in amber glass, 0.04kg.</p><ul><li>10ml amber glass bottle protects the oil from light</li><li>Fresh, woodland-inspired aroma</li><li>Ideal for ultrasonic diffusers and oil burners</li><li>Suitable for massage blends once diluted in a carrier oil</li><li>Use in homemade candles, soaps and bath products</li><li>Delivered in 2–5 working days, tracked</li></ul><ul><li>Weight: 0.04kg</li><li>Material: Birch, Glass</li></ul><p>Free UK delivery. Sold by Kaiku.</p>",wellness-accessories,FILL,1000,7.95,5,FixedPrice,GTC,Bourne End,SL8 5NF,5,"KK-WA-AW-004",5055796529131,,"Kaiku","","Birch","Sauna","",,,,cm,0.04kg,"https://cdn.sanity.io/images/huh1e45n/production/21cf781c4a18d53b31a8272ca1be1c8acc26e4a2-1000x1000.jpg"
34.34,2.99,yes,26.49,40.8,"AW Dropship","",NOT PERMITTED — ask supplier,19,6,"Natural Set of 3 Gamal Wood Plant Stands","<p>A set of three Gamal wood plant stands on black metal hairpin legs, 2kg together.</p><ul><li>Weight: 2kg</li><li>Material: Gamal wood, Metal, Wood</li><li>Colour: Natural, Whitewash, Greenwash, Black</li></ul><p>Free UK delivery. Sold by Kaiku.</p>",rustic-reclaimed-furniture,FILL,1000,65.00,5,FixedPrice,GTC,Bourne End,SL8 5NF,4,"KK-RECL-GAMAL-001",5056368316104,,"Kaiku","Natural","Gamal wood","Living room","Plant Stand",,,,cm,2kg,"https://cdn.sanity.io/images/huh1e45n/production/ca432366c1bdf8fa50aab74fd17f4a4be6255b13-1600x1600.avif | https://cdn.sanity.io/images/huh1e45n/production/ae88716a5d3945a549e508bdad57eab5dac51bfd-1600x1600.jpg | https://cdn.sanity.io/images/huh1e45n/production/01b9d3795185ae2b1794ee919e1eac74ae7676cd-1600x1600.avif | https://cdn.sanity.io/images/huh1e45n/production/f12c694803956d1484bbf1007e2346f2fcdab849-1600x1600.jpg | https://cdn.sanity.io/images/huh1e45n/production/b8746be0f1b1f99bc1eaa6dc4e17253f55df9cc5-1600x1600.jpg | https://cdn.sanity.io/images/huh1e45n/production/d8f7e0055b762f276bcce85e4a3ca8ee58e9c549-1600x1600.jpg"
24.73,,NO — margin overstated,17.43,40.5,"Premier Housewares","2200667",NOT PERMITTED — ask supplier,,5,"Romero Blue Cutlery Metal Wall Clock 33x4cm","<p>The Romero Blue Cutlery Metal Wall Clock features a unique design crafted from metal.</p><ul><li>Dimensions: 33 x 4 x 33 cm</li><li>Material: Metal</li><li>Colour: Blue</li></ul><p>Free UK delivery. Sold by Kaiku.</p>",wall-clocks,FILL,1000,43.00,1,FixedPrice,GTC,Bourne End,SL8 5NF,14,"KK-CLK-ROMERO-BLU-001",5018705754123,,"Kaiku","Blue","Metal","","Contemporary",33,4,33,cm,,"https://cdn.sanity.io/images/huh1e45n/production/a7edb10d2f181ceb1ee32c687abcb63813cf3b95-1280x1280.jpg | https://cdn.sanity.io/images/huh1e45n/production/cb881df10ad296acb38875e4cb24db632ca4312d-1280x1280.jpg | https://cdn.sanity.io/images/huh1e45n/production/e4091520cddef606b35e73088f98f16c68b02a22-1280x1280.jpg | https://cdn.sanity.io/images/huh1e45n/production/bbad67fe6dc67e283424c1e8f6b082f4d7b798ca-1280x1280.jpg | https://cdn.sanity.io/images/huh1e45n/production/659e1c81242b4ffced16d38ac8528cd93e545222-1280x1280.jpg"
24.73,,NO — margin overstated,17.43,40.5,"Premier Housewares","2200671",NOT PERMITTED — ask supplier,,2,"Romero Hot Pink Cutlery Metal Wall Clock 33x4cm","<p>A 33cm metal wall clock with a cutlery motif in hot pink, 4cm deep and 3.5kg. Runs on one AA battery, which isn't included.</p><ul><li>Dimensions: 33 x 4 x 33 cm</li><li>Material: Metal</li><li>Colour: Pink</li></ul><p>Free UK delivery. Sold by Kaiku.</p>",wall-clocks,FILL,1000,43.00,1,FixedPrice,GTC,Bourne End,SL8 5NF,14,"KK-CLK-ROMERO-001",5018705754161,,"Kaiku","Pink","Metal","","Modern",33,4,33,cm,,"https://cdn.sanity.io/images/huh1e45n/production/2f4bbc2f55e70e9064850f47dac184b8493c9554-1280x1280.jpg | https://cdn.sanity.io/images/huh1e45n/production/bbad67fe6dc67e283424c1e8f6b082f4d7b798ca-1280x1280.jpg"
26.23,,NO — margin overstated,17.89,39.8,"Aosom","B30-006",NOT PERMITTED — ask supplier,,4,"1.77m Solar Bollard Lantern, Black 27x27cm","<p>A solar bollard lantern in black ABS, 1.77m tall on a 26.5cm base, weighing 1.5kg. Switches itself on at dusk with a push-button override and a built-in timer, and runs about six hours on a full charge. Rechargeable battery included, no wiring needed. Waterproof and made for outdoor use. Assembly required.</p><ul><li>Dimensions: 26.5 x 26.5 x 177 cm</li><li>Weight: 0.02kg</li><li>Colour: Black</li></ul><p>Free UK delivery. Sold by Kaiku.</p>",garden-lighting,FILL,1000,45.00,1,FixedPrice,GTC,Bourne End,SL8 5NF,14,"KK-GARL-SOLAR-005",,,"Kaiku","Black","","","Traditional",26.5,26.5,177,cm,0.02kg,"https://cdn.sanity.io/images/huh1e45n/production/5337328b5ade1adc73638e9acfee01749b19a5ed-1600x1600.jpg | https://cdn.sanity.io/images/huh1e45n/production/a516244f0a0ade5b7b9ad9f2127d4e9bf58d9099-800x800.jpg | https://cdn.sanity.io/images/huh1e45n/production/5c8313b8d823f18aa6b21d59351938b3f20c505e-2000x2000.jpg | https://cdn.sanity.io/images/huh1e45n/production/f15efd58c6fcd60f09ba8a5d4fc9a8c8d1defdbf-1600x1600.jpg"
1.11,2.79,yes,2.75,39.5,"AW Dropship","EO-03",NOT PERMITTED — ask supplier,250,3,"Glass Eucalyptus Essential Oil 10ml | Ancient Wisdom","<p>A 10ml bottle of steam-distilled Eucalyptus Essential Oil in amber glass, 0.04kg.</p><ul><li>10ml amber glass bottle protects the oil from light</li><li>Fresh, clean and invigorating aroma</li><li>Ideal for ultrasonic diffusers and oil burners</li><li>Suitable for massage blends once diluted in a carrier oil</li><li>Use in homemade candles, soaps and bath products</li><li>Delivered in 2–5 working days, tracked</li></ul><ul><li>Weight: 0.04kg</li><li>Material: Glass</li></ul><p>Free UK delivery. Sold by Kaiku.</p>",wellness-accessories,FILL,1000,6.95,5,FixedPrice,GTC,Bourne End,SL8 5NF,5,"KK-WELL-EUCALYPTUS-001",5055796528400,,"Kaiku","","Glass","Sauna","",,,,cm,0.04kg,"https://cdn.sanity.io/images/huh1e45n/production/017b6ec0ecaaa992e8cef88dc94ab2e2f3f275c3-1200x1200.jpg | https://cdn.sanity.io/images/huh1e45n/production/eb4052220290960ff9d83b3ec152b5aa973f956f-993x1200.jpg | https://cdn.sanity.io/images/huh1e45n/production/9c1f7d607c36db1aa609ea233a6cb3aaf6dfa104-1200x1200.jpg"
48.77,,NO — margin overstated,32.78,39.5,"Premier Housewares","2406745",NOT PERMITTED — ask supplier,127,8,"Depok Rattan and Metal Square Side Table 44x44cm","<p>A side table in natural rattan, iron and MDF, 44 x 44 x 44cm.</p><ul><li>Dimensions: 44 x 44 x 44 cm</li><li>Material: Rattan</li></ul><p>Free UK delivery. Sold by Kaiku.</p>",garden-furniture,FILL,1000,83.00,5,FixedPrice,GTC,Bourne End,SL8 5NF,14,"KK-GARF-DEPOK-004",5018705970615,,"Kaiku","","Rattan","","Modern",44,44,44,cm,,"https://cdn.sanity.io/images/huh1e45n/production/c96f8ed6f94b0b1f2b54f1899423181cdd544372-1200x1200.jpg | https://cdn.sanity.io/images/huh1e45n/production/211190982cf9050cd8491ba56ae9f630f627a561-1200x1200.jpg | https://cdn.sanity.io/images/huh1e45n/production/2b87873a09771d4e7a61fb459bb9e9eb4a5ab661-1200x1200.jpg | https://cdn.sanity.io/images/huh1e45n/production/f6b728cd4063693636118fe2ba10a1948f596dbd-1200x1200.jpg | https://cdn.sanity.io/images/huh1e45n/production/4ed14483c66f19449004a89a4486e56f0065a7b4-899x1199.jpg | https://cdn.sanity.io/images/huh1e45n/production/281407d0cdce22b10b6a31ec1d57692f4ad591b8-899x1199.jpg | https://cdn.sanity.io/images/huh1e45n/production/e1c887d79647b8a77655defaae1a65c1bdcb5d65-805x1200.jpg | https://cdn.sanity.io/images/huh1e45n/production/4087797f11677a17c39adf5d0c942cb7a51f05b5-848x848.jpg"
12.27,,NO — margin overstated,8.21,39.1,"Premier Housewares","1601836",NOT PERMITTED — ask supplier,,8,"Canyon Grey Toothbrush Holder 8x8cm","<p>The Canyon Grey Toothbrush Holder is crafted from sustainable materials, measuring 8 x 8 x 10 cm.</p><ul><li>Stylish and functional design</li><li>Eco-friendly materials</li><li>Compact dimensions for easy placement</li></ul><ul><li>Dimensions: 8 x 8 x 10 cm</li><li>Colour: Grey</li></ul><p>Free UK delivery. Sold by Kaiku.</p>",bathroom-accessories,FILL,1000,21.00,1,FixedPrice,GTC,Bourne End,SL8 5NF,14,"KK-BATA-CANYON-004",5018705956503,,"Kaiku","Grey","","","Modern",8,8,10,cm,,"https://cdn.sanity.io/images/huh1e45n/production/b0fd0f9497f1acd5f597620f4243162ce61cf8d0-1280x1280.jpg | https://cdn.sanity.io/images/huh1e45n/production/b3a25775d014d11f8e19d00753e43c37062e0b4b-1280x1280.jpg | https://cdn.sanity.io/images/huh1e45n/production/65f0fd0f2087471a6b070882b56950f7d8f50e5f-1280x1280.jpg | https://cdn.sanity.io/images/huh1e45n/production/64753adcdabf2a56464b1dee924ad2a684929061-1280x1280.jpg | https://cdn.sanity.io/images/huh1e45n/production/bd1c6cc04dd8b96250e5bab831876bf663df9816-1280x1280.jpg | https://cdn.sanity.io/images/huh1e45n/production/ca20e128ac76eba18fa5507cb94fadc0889383ee-1280x1280.jpg | https://cdn.sanity.io/images/huh1e45n/production/1bfc5ba3cc8baa5427663fdf624ae70e169de6e6-1280x1280.jpg | https://cdn.sanity.io/images/huh1e45n/production/48b479ea902565799ceaa930b9b1659f0be6211e-1280x1280.jpg"
12.27,,NO — margin overstated,8.21,39.1,"Premier Housewares","1601837",NOT PERMITTED — ask supplier,,8,"Canyon White Toothbrush Holder 8x8cm","<p>A toothbrush holder in a bamboo and corn starch composite, 8 x 8cm and 10cm tall, in white. Wipe-clean, not dishwasher safe, and for indoor use.</p><ul><li>Sustainable bamboo fibre</li><li>Elegant and functional design</li><li>Minimalist dual-section holder</li></ul><ul><li>Dimensions: 8 x 8 x 10 cm</li><li>Colour: White</li></ul><p>Free UK delivery. Sold by Kaiku.</p>",bathroom-accessories,FILL,1000,21.00,1,FixedPrice,GTC,Bourne End,SL8 5NF,14,"KK-BATA-CANYON-005",5018705956510,,"Kaiku","White","","","Minimalist",8,8,10,cm,,"https://cdn.sanity.io/images/huh1e45n/production/a9c4f51191eb7fb34ddf833eb2e049c232371239-1280x1280.jpg | https://cdn.sanity.io/images/huh1e45n/production/0cec9091bdd1a942b0dbac68bbb080856db8b033-1280x1280.jpg | https://cdn.sanity.io/images/huh1e45n/production/79929a1b526c295cfc7b7120b7eb4e872ba03f9c-1280x1280.jpg | https://cdn.sanity.io/images/huh1e45n/production/d72a17427d3817a682a39caa8a6b6a5fec886aed-1280x1280.jpg | https://cdn.sanity.io/images/huh1e45n/production/0c9de4c35eae55bbf8421710345e5ff6e4d65138-1280x1280.jpg | https://cdn.sanity.io/images/huh1e45n/production/f769f9091a9b4a83417ca83d67cecd0a4c19d64a-1280x1280.jpg | https://cdn.sanity.io/images/huh1e45n/production/4030589ce013e4c9ed62d7e96b444dbb913c3e93-1280x1280.jpg | https://cdn.sanity.io/images/huh1e45n/production/2d06710eb4df8ecb1b0af3db33d4b9348df17a57-1280x1280.jpg"
12.27,,NO — margin overstated,8.21,39.1,"Premier Housewares","1601838",NOT PERMITTED — ask supplier,,8,"Canyon Black Toothbrush Holder 8x8cm","<p>A toothbrush holder in bamboo fibre, corn starch, bamboo and mineral powder, 8 x 8 x 10cm. 1.75kg shipped.</p><ul><li>Sustainable materials</li><li>Compact dimensions</li><li>Minimalist design</li></ul><ul><li>Dimensions: 8 x 8 x 10 cm</li><li>Colour: Black</li></ul><p>Free UK delivery. Sold by Kaiku.</p>",bathroom-accessories,FILL,1000,21.00,1,FixedPrice,GTC,Bourne End,SL8 5NF,14,"KK-BATA-CANYON-006",5018705956527,,"Kaiku","Black","","","Modern",8,8,10,cm,,"https://cdn.sanity.io/images/huh1e45n/production/e8c2013ea1e02fa7818e985d358aa315180f2d86-1280x1280.jpg | https://cdn.sanity.io/images/huh1e45n/production/08f3ce60618750f576e9ec7ca2bb406a4525aaf6-1280x1280.jpg | https://cdn.sanity.io/images/huh1e45n/production/32843f7bf65e8e2da32c394e59962e875a378a53-1280x1280.jpg | https://cdn.sanity.io/images/huh1e45n/production/ad0ab41f82b11eb635d1bbd248e11b0effef2007-1280x1280.jpg | https://cdn.sanity.io/images/huh1e45n/production/c24207c542c1c94265b071119ef664802b07386d-1280x1280.jpg | https://cdn.sanity.io/images/huh1e45n/production/fbf8d19ef1e5f0e724b0a27c188881187e400d0b-1280x1280.jpg | https://cdn.sanity.io/images/huh1e45n/production/12a2bac90f746c53b8bd8e74c2a184e9af08f5ba-933x1200.jpg | https://cdn.sanity.io/images/huh1e45n/production/1bf58f92d5f018525c32182f25789776f8b6a832-1200x1200.jpg"
25.36,,NO — margin overstated,16.80,39.1,"Aosom","867-154V00GY",NOT PERMITTED — ask supplier,,4,"Rattan Solar Floor Lantern, Grey 20x20cm","<p>A solar floor lantern in grey PE rattan woven over a steel frame, 20 x 20cm and 68cm tall, weighing 2.5kg. It's rated for outdoor use and charges through the day with no cable to run.</p><ul><li>Dimensions: 20 x 20 x 68 cm</li><li>Weight: 0.021kg</li><li>Material: Rattan</li><li>Colour: Grey</li></ul><p>Free UK delivery. Sold by Kaiku.</p>",garden-lighting,FILL,1000,43.00,1,FixedPrice,GTC,Bourne End,SL8 5NF,14,"KK-GARL-SOLAR-003",,,"Kaiku","Grey","Rattan","","",20,20,68,cm,0.021kg,"https://cdn.sanity.io/images/huh1e45n/production/7b7c7f593e6c02b17b15f4023916bfc5b4644df1-2000x2000.jpg | https://cdn.sanity.io/images/huh1e45n/production/7e6701f9140ffca3c1da9d0baf4ce66b51871ea9-800x800.jpg | https://cdn.sanity.io/images/huh1e45n/production/443837e95073650320ddd51ceda2f3cefac6446c-2000x2000.jpg | https://cdn.sanity.io/images/huh1e45n/production/e22bb6917d8d689c61319f3baa82b7435dbb2d2e-2000x2000.jpg"
25.45,,NO — margin overstated,16.71,38.8,"Premier Housewares","2200627",NOT PERMITTED — ask supplier,,1,"Verdian Red Heart DIY Wall Clock 31x3cm","<p>The Verdian Red Heart DIY Wall Clock features playful plastic hearts, allowing you to personalise your own wall clock design. Measuring 31 × 3 × 31 cm, it’s perfect for brightening up any room with a splash of colour.</p><ul><li>Dimensions: 31 x 3 x 31 cm</li><li>Colour: Red</li></ul><p>Free UK delivery. Sold by Kaiku.</p>",wall-clocks,FILL,1000,43.00,1,FixedPrice,GTC,Bourne End,SL8 5NF,14,"KK-CLK-VERDIAN-002",5018705723808,,"Kaiku","Red","","","Modern",31,3,31,cm,,"https://cdn.sanity.io/images/huh1e45n/production/b489417f8a984f8ca539fe757b1c67d2bf24619d-1280x1280.jpg"
11.31,,NO — margin overstated,7.20,37.9,"Premier Housewares","1601833",NOT PERMITTED — ask supplier,,4,"Canyon Grey Tumbler 8x8cm","<p>A bathroom tumbler in a plant-based composite of bamboo fibre, corn starch and mineral powder, 8 x 8cm and 10cm tall. Grey, matte, and for indoor use.</p><ul><li>Sustainable bamboo fibre</li><li>Elegant minimalist design</li><li>Unique colour variations</li></ul><ul><li>Dimensions: 8 x 8 x 10 cm</li><li>Colour: Grey</li></ul><p>Free UK delivery. Sold by Kaiku.</p>",bathroom-accessories,FILL,1000,19.00,1,FixedPrice,GTC,Bourne End,SL8 5NF,14,"KK-BATA-CANYON-001",5018705956442,,"Kaiku","Grey","","","Minimalist",8,8,10,cm,,"https://cdn.sanity.io/images/huh1e45n/production/fac1c3a08b74f3cb858fcfba2cf6c9c52fb1d9d4-1280x1280.jpg | https://cdn.sanity.io/images/huh1e45n/production/006d38ba21e8c2bf5959f6097dd8d9dde74f9e22-1280x1280.jpg | https://cdn.sanity.io/images/huh1e45n/production/09d72a5bd2766d2286c699592578871bc1bb8f55-1280x1280.jpg | https://cdn.sanity.io/images/huh1e45n/production/64d41b6fa813111a1e285e97624d6219b8f02be4-1280x1280.jpg"
11.31,,NO — margin overstated,7.20,37.9,"Premier Housewares","1601834",NOT PERMITTED — ask supplier,,5,"Canyon White Tumbler 8x8cm","<p>The Canyon White Tumbler is made from a blend of bamboo fibre, corn starch, and mineral powder, offering a sustainable and minimalist design. Measuring 8 × 8 × 10 cm, it’s perfect for enhancing your bathroom aesthetics.</p><ul><li>Eco-friendly materials</li><li>Minimalist design</li><li>Unique handcrafted variations</li></ul><ul><li>Dimensions: 8 x 8 x 10 cm</li><li>Colour: White</li></ul><p>Free UK delivery. Sold by Kaiku.</p>",bathroom-accessories,FILL,1000,19.00,1,FixedPrice,GTC,Bourne End,SL8 5NF,14,"KK-BATA-CANYON-002",5018705956480,,"Kaiku","White","","","Minimalist",8,8,10,cm,,"https://cdn.sanity.io/images/huh1e45n/production/17b343af447380e8b44fcd30c8bfc96fa6dd8401-1280x1280.jpg | https://cdn.sanity.io/images/huh1e45n/production/32d3b4f2ebfab290e24dfe2c4ec37544cc5f3972-1280x1280.jpg | https://cdn.sanity.io/images/huh1e45n/production/d72a17427d3817a682a39caa8a6b6a5fec886aed-1280x1280.jpg | https://cdn.sanity.io/images/huh1e45n/production/41bf6dedd68aafb27f4a6ed6ac5ffe53c5167b2a-1280x1280.jpg | https://cdn.sanity.io/images/huh1e45n/production/c146619c03e738e4e97f255651f587037b1468e1-1280x1280.jpg"
11.31,,NO — margin overstated,7.20,37.9,"Premier Housewares","1601835",NOT PERMITTED — ask supplier,,4,"Canyon Black Tumbler 8x8cm","<p>Made from bamboo fibre, corn starch and mineral powder, so it is a plant-based composite rather than plastic. Wipe clean with a soft cloth and avoid abrasive cleaners.</p><ul><li>Minimalist design</li><li>Sustainable materials</li><li>Rounded base for stability</li></ul><ul><li>Dimensions: 8 x 8 x 10 cm</li><li>Colour: Black</li></ul><p>Free UK delivery. Sold by Kaiku.</p>",bathroom-accessories,FILL,1000,19.00,1,FixedPrice,GTC,Bourne End,SL8 5NF,14,"KK-BATA-CANYON-003",5018705956497,,"Kaiku","Black","","","Modern",8,8,10,cm,,"https://cdn.sanity.io/images/huh1e45n/production/9d04b32a2763ae50ef60668139ffe553f4e87f8d-1280x1280.jpg | https://cdn.sanity.io/images/huh1e45n/production/18cc47a55c1b6dacac597871ad651409d06a6af3-1280x1280.jpg | https://cdn.sanity.io/images/huh1e45n/production/2bfd6ec1fd3a965d6bd90594f4a4680a5260a526-1280x1280.jpg | https://cdn.sanity.io/images/huh1e45n/production/ae4ff84099101d1ef098529b59800b43b43ae583-1280x1280.jpg"
14.37,,NO — margin overstated,9.07,37.8,"Premier Housewares","5506459",NOT PERMITTED — ask supplier,,6,"Natural Ceramic Jada Small Striped Planter 15x15cm","<p>A small glazed ceramic planter with a striped design, 15 x 15 x 13cm. Not dishwasher safe.</p><ul><li>Dimensions: 15 x 15 x 13 cm</li><li>Material: Ceramic</li><li>Colour: Natural</li></ul><p>Free UK delivery. Sold by Kaiku.</p>",planters,FILL,1000,24.00,1,FixedPrice,GTC,Bourne End,SL8 5NF,14,"KK-PLNT-JADA-NAT-002",5018705979915,,"Kaiku","Natural","Ceramic","","Modern",15,15,13,cm,,"https://cdn.sanity.io/images/huh1e45n/production/25a2d5374012c4cfb6a133332c095c056091ead0-1169x1200.jpg | https://cdn.sanity.io/images/huh1e45n/production/c2157c0297b54c014c9ec1b8d620d986758317dd-1200x1200.jpg | https://cdn.sanity.io/images/huh1e45n/production/8d294bc6bc1ce9f89e45723df427d9bde1f3572a-799x1200.jpg | https://cdn.sanity.io/images/huh1e45n/production/97f22ab1dc273463c0d706a117c0b86f2a1f294c-799x1200.jpg | https://cdn.sanity.io/images/huh1e45n/production/21dc4ac7667ef2bb8862181223e018e898c267fc-799x1200.jpg | https://cdn.sanity.io/images/huh1e45n/production/3122a1dce3b1a48f93b2c2cfeda0357dc95aa7ff-900x1200.jpg"
17.47,,NO — margin overstated,10.90,37.6,"Premier Housewares","1104822",NOT PERMITTED — ask supplier,,1,"Aleki Extra Large Bamboo Chopping and Serving Board 45x32cm","<p>The Aleki Extra Large Bamboo Chopping and Serving Board combines 95% bamboo and 5% aluminium for a lightweight and durable kitchen essential.</p><ul><li>Versatile Chopping and Serving Board</li><li>Crafted from Durable Bamboo</li><li>Lightweight with Convenient Handle</li></ul><ul><li>Dimensions: 45 x 32 x 1 cm</li><li>Material: Bamboo</li></ul><p>Free UK delivery. Sold by Kaiku.</p>",kitchen-storage,FILL,1000,29.00,1,FixedPrice,GTC,Bourne End,SL8 5NF,14,"KK-KITS-ALEKI-001",5018705949123,,"Kaiku","","Bamboo","","Modern",45,32,1,cm,,"https://cdn.sanity.io/images/huh1e45n/production/686d1c8eec1dcbcef79916d314641ae11df57673-500x500.jpg"
47.44,,NO — margin overstated,29.19,37.4,"Aosom","836-668V01ND",NOT PERMITTED — ask supplier,,4,"Folding Wall-Mounted Work Table, Natural 105x60cm","<p>A fold-down work table combined with a 4-tier bookshelf, in a natural wood-effect finish on a powder-coated steel frame. 105 x 60 x 127cm, weight capacity 80kg.</p><ul><li>Dimensions: 105 x 60 x 127 cm</li><li>Weight: 80kg</li><li>Colour: Natural</li></ul><p>Free UK delivery. Sold by Kaiku.</p>",desks,FILL,1000,78.00,1,FixedPrice,GTC,Bourne End,SL8 5NF,3,"KK-DESK-FOLDING-002",,,"Kaiku","Natural","","","Industrial",105,60,127,cm,80kg,"https://cdn.sanity.io/images/huh1e45n/production/97aa5ea65e48a647639cd191fff8c108ae31ad2b-2000x2000.jpg | https://cdn.sanity.io/images/huh1e45n/production/1c8728f94884bf80bd7babb538213cce34dad613-800x800.jpg | https://cdn.sanity.io/images/huh1e45n/production/712526cc9e6a96bffad0bb04b5f83caf3cebd8e4-2000x2000.jpg | https://cdn.sanity.io/images/huh1e45n/production/7d43b692c95a7b9eb4a9cfbcf23f64c63f0b0642-2000x2000.jpg"
11.46,,NO — margin overstated,7.05,37.1,"Premier Housewares","1210019",NOT PERMITTED — ask supplier,,1,"Freska Ribbed Round Glass Jar with Acacia Wood Lid 250ml 9x9cm","<p>The Freska Ribbed Round Glass Jar features a clear high borosilicate glass body and an acacia wood lid. With a capacity of 250ml, it adds elegance and functionality to any space.</p><ul><li>Ribbed glass design</li><li>Acacia wood lid</li><li>250ml capacity</li></ul><ul><li>Dimensions: 9 x 9 x 7.6 cm</li><li>Material: Acacia</li></ul><p>Free UK delivery. Sold by Kaiku.</p>",kitchen-storage,FILL,1000,19.00,1,FixedPrice,GTC,Bourne End,SL8 5NF,14,"KK-KITS-FRESKA-004",5063227019847,,"Kaiku","","Acacia","","Modern",9,9,7.6,cm,,"https://cdn.sanity.io/images/huh1e45n/production/e512854bb6aabc56963d066eef4b0a0e968f45a1-500x500.jpg"
26.45,8.39,yes,21.11,37.0,"Hill Interiors","21639",yes,10,3,"Grey Wood Butchers Cuts Chicken Wall Plaque 3x58cm","<p>A wooden wall plaque in grey illustrating butchers' cuts of chicken, 58 x 45 x 3cm and 1.41kg.</p><ul><li>Dimensions: 3 x 58 x 45 cm</li><li>Weight: 1.41kg</li><li>Material: Wood</li><li>Colour: Grey</li></ul><p>Free UK delivery. Sold by Kaiku.</p>",wall-art,FILL,1000,57.00,5,FixedPrice,GTC,Bourne End,SL8 5NF,14,"KK-ART-BUTCHERS-GRY-002",5050140163986,,"Kaiku","Grey","Wood","","Rustic",3,58,45,cm,1.41kg,"https://cdn.sanity.io/images/huh1e45n/production/0a63fe86439d03f69d541be3ccf9d032eace46e4-1800x1800.jpg | https://cdn.sanity.io/images/huh1e45n/production/e1be1e9c12ac2fc7a5451a1bea61708029d471ca-1500x1500.jpg | https://cdn.sanity.io/images/huh1e45n/production/d3830a53f2c90f69935e9395c34c2c49e9b4516d-1500x1500.jpg"
14.00,,NO — margin overstated,8.46,36.8,"Premier Housewares","1601839",NOT PERMITTED — ask supplier,800,7,"Canyon Grey 300ml Lotion Dispenser 8x8cm","<p>A lotion dispenser in bamboo fibre, corn starch, bamboo and acrylonitrile butadiene styrene, 8 x 8 x 16cm and 1.1kg.</p><ul><li>Sleek minimalist design</li><li>Eco-friendly materials</li><li>Versatile for lotions and hand washes</li></ul><ul><li>Dimensions: 8 x 8 x 16 cm</li><li>Colour: Grey</li></ul><p>Free UK delivery. Sold by Kaiku.</p>",bathroom-accessories,FILL,1000,23.00,5,FixedPrice,GTC,Bourne End,SL8 5NF,14,"KK-BATA-CANYON-007",5018705956534,,"Kaiku","Grey","","","Modern",8,8,16,cm,,"https://cdn.sanity.io/images/huh1e45n/production/8dd3dabc772b5b964ddb69b68cbc021e394f5ce5-1280x1280.jpg | https://cdn.sanity.io/images/huh1e45n/production/8e6082398aa5317dbf76640808dd3308b9fa7f07-1280x1280.jpg | https://cdn.sanity.io/images/huh1e45n/production/64753adcdabf2a56464b1dee924ad2a684929061-1280x1280.jpg | https://cdn.sanity.io/images/huh1e45n/production/52f097db06b5436b641ef01026efc9f554fef6c8-1280x1280.jpg | https://cdn.sanity.io/images/huh1e45n/production/ca20e128ac76eba18fa5507cb94fadc0889383ee-1280x1280.jpg | https://cdn.sanity.io/images/huh1e45n/production/647c3bda3c14621288332f1c06e9952fa002e976-1280x1280.jpg | https://cdn.sanity.io/images/huh1e45n/production/077888b7d8f0c49832390e8130c6246101fa96e2-1280x1280.jpg"
14.00,,NO — margin overstated,8.46,36.8,"Premier Housewares","1601840",NOT PERMITTED — ask supplier,,8,"Canyon White 300ml Lotion Dispenser 8x8cm","<p>Crafted from sustainable materials, the Canyon White 300ml Lotion Dispenser brings modern elegance to your bathroom. Made from a blend of bamboo fibre and other eco-friendly materials, it's perfect for lotions and sanitizers.</p><ul><li>Eco-Friendly Materials</li><li>Compact Design</li><li>Easy Pump Dispenser</li></ul><ul><li>Dimensions: 8 x 8 x 16 cm</li><li>Colour: White</li></ul><p>Free UK delivery. Sold by Kaiku.</p>",bathroom-accessories,FILL,1000,23.00,1,FixedPrice,GTC,Bourne End,SL8 5NF,14,"KK-BATA-CANYON-008",5018705956541,,"Kaiku","White","","","Modern",8,8,16,cm,,"https://cdn.sanity.io/images/huh1e45n/production/000aa33c2ae50baadd1651592af6d1618220b6ed-1280x1280.jpg | https://cdn.sanity.io/images/huh1e45n/production/dabbd54c7464053808bb04833d9eddb207a1b3d3-1280x1280.jpg | https://cdn.sanity.io/images/huh1e45n/production/3d44ec3a649cb542bdbbfd8fc4ee173f56175f58-1280x1280.jpg | https://cdn.sanity.io/images/huh1e45n/production/d72a17427d3817a682a39caa8a6b6a5fec886aed-1280x1280.jpg | https://cdn.sanity.io/images/huh1e45n/production/f769f9091a9b4a83417ca83d67cecd0a4c19d64a-1280x1280.jpg | https://cdn.sanity.io/images/huh1e45n/production/c3983c58a1aaa0de7b9d4dd265d72db2e2b41c82-1280x1280.jpg | https://cdn.sanity.io/images/huh1e45n/production/aaf6a20985de8db7bdccd00310625415d41be2c1-1280x1280.jpg | https://cdn.sanity.io/images/huh1e45n/production/cc5720456ff226b3e29f7e7df118c909ef6eccee-1280x1280.jpg"
14.00,,NO — margin overstated,8.46,36.8,"Premier Housewares","1601841",NOT PERMITTED — ask supplier,,7,"Canyon 300 ml Black Lotion Dispenser 8x8cm","<p>A 300ml lotion dispenser in a bamboo and corn starch composite with a pump top, 8 x 8cm and 16cm tall, in black. Wipe-clean and for indoor use.</p><ul><li>Sustainable bamboo fibre</li><li>Minimalist black design</li><li>Easy to use pump</li></ul><ul><li>Dimensions: 8 x 8 x 16 cm</li><li>Colour: Black</li></ul><p>Free UK delivery. Sold by Kaiku.</p>",bathroom-accessories,FILL,1000,23.00,1,FixedPrice,GTC,Bourne End,SL8 5NF,14,"KK-BATA-CANYON-009",5018705956558,,"Kaiku","Black","","","Modern",8,8,16,cm,,"https://cdn.sanity.io/images/huh1e45n/production/fc763a29d24db041de61de09cfb9962c0c00895a-1280x1280.jpg | https://cdn.sanity.io/images/huh1e45n/production/d57d9144eb1837bb678140f6f07e8668160cc76d-1280x1280.jpg | https://cdn.sanity.io/images/huh1e45n/production/ad0ab41f82b11eb635d1bbd248e11b0effef2007-1280x1280.jpg | https://cdn.sanity.io/images/huh1e45n/production/a4588ea959968c2adad87685ba21a1991d3da973-1280x1280.jpg | https://cdn.sanity.io/images/huh1e45n/production/fbf8d19ef1e5f0e724b0a27c188881187e400d0b-1280x1280.jpg | https://cdn.sanity.io/images/huh1e45n/production/d122ee4451764da6b917aad7fd32c561acaff92d-1280x1280.jpg | https://cdn.sanity.io/images/huh1e45n/production/cea223184f69a61528d26dfed269b4d7b9a86bf0-1280x1280.jpg"
14.65,0.00,yes,8.79,36.6,"Premier Housewares","5506072",NOT PERMITTED — ask supplier,,6,"Stoneware Honna Small White Silver Ceramic Planter 15x15cm","<p>A planter in stoneware and plating, 15 x 15 x 14cm.</p><ul><li>Dimensions: 15 x 15 x 14 cm</li><li>Material: Stoneware</li><li>Colour: White</li></ul><p>Free UK delivery. Sold by Kaiku.</p>",planters,FILL,1000,24.00,1,FixedPrice,GTC,Bourne End,SL8 5NF,14,"KK-PLNT-HONNA-WHT-002",5018705940700,,"Kaiku","White","Stoneware","","Modern",15,15,14,cm,,"https://cdn.sanity.io/images/huh1e45n/production/43b4dd9d73e25b02a18e6bf0d35c1866019572df-1280x1280.jpg | https://cdn.sanity.io/images/huh1e45n/production/01e7685a8207ecb752669b5a52a558bb6a2d11eb-1280x1280.jpg | https://cdn.sanity.io/images/huh1e45n/production/26d047d313977ee4792ba3c1b5bcd4fb76b4868a-1280x1280.jpg | https://cdn.sanity.io/images/huh1e45n/production/c1a96090f07596cdca1db8d65b64b80d9a620513-1280x1280.jpg | https://cdn.sanity.io/images/huh1e45n/production/f79cfb35770a8907185bd837f8e94fccac7faef0-1280x1280.jpg | https://cdn.sanity.io/images/huh1e45n/production/b7ee425fcb5598496c5952824910a7f79d59a79e-1280x1280.jpg"
21.60,2.99,yes,14.61,36.5,"AW Dropship","",NOT PERMITTED — ask supplier,39,3,"Albasia wood Large Brown Wooden Storage Tub 45x45cm","<p>A brown Albasia wood storage tub, 45 x 45 x 32cm and 1.55kg.</p><ul><li>Dimensions: 45 x 45 x 32 cm</li><li>Weight: 1.55kg</li><li>Material: Albasia wood, Wood</li><li>Colour: Brown, Whitewash, Natural</li></ul><p>Free UK delivery. Sold by Kaiku.</p>",rustic-reclaimed-furniture,FILL,1000,40.00,5,FixedPrice,GTC,Bourne End,SL8 5NF,14,"KK-RECL-BROWN-BRN-001",5055796597413,,"Kaiku","Brown","Albasia wood","Living room","Vintage & Reclaimed",45,45,32,cm,1.55kg,"https://cdn.sanity.io/images/huh1e45n/production/44f46349afed35223eccc3de3b91247875e6f9dc-1600x1600.avif | https://cdn.sanity.io/images/huh1e45n/production/ffc14a270f3ba29826ff62034122be19e7452ccd-1600x1600.jpg | https://cdn.sanity.io/images/huh1e45n/production/b6c536cfb78e64b8ea479f1abdfb93e1e2aa0808-1600x1600.avif"
16.54,,NO — margin overstated,9.86,36.5,"Premier Housewares","5535030",NOT PERMITTED — ask supplier,,8,"Allegra Brown Glass Toothbrush Holder 8x8cm","<p>Made of robust glass and stainless steel, the Allegra Brown Glass Toothbrush Holder features a contemporary design. Measuring 8 × 8 × 14 cm, it's durable for everyday use.</p><ul><li>Contemporary Design</li><li>Robust Glass</li><li>Stainless Steel Divider</li></ul><ul><li>Dimensions: 8 x 8 x 14 cm</li><li>Material: Glass</li><li>Colour: Brown</li></ul><p>Free UK delivery. Sold by Kaiku.</p>",bathroom-accessories,FILL,1000,27.00,1,FixedPrice,GTC,Bourne End,SL8 5NF,14,"KK-BATA-ALLEGRA-011",5018705950679,,"Kaiku","Brown","Glass","","Modern",8,8,14,cm,,"https://cdn.sanity.io/images/huh1e45n/production/119198eccc722c04f53efd611ee5e2e75a8e349e-1280x1280.jpg | https://cdn.sanity.io/images/huh1e45n/production/c9abfed5310f7a3c18709bc45d13e701e5f8bbbb-1280x1280.jpg | https://cdn.sanity.io/images/huh1e45n/production/ffc1f7b40bca23b16926e0ed3805909604926da6-1280x1280.jpg | https://cdn.sanity.io/images/huh1e45n/production/3513765cdfdc09a7b9e3de6419bfc629a7bc7b46-1280x1280.jpg | https://cdn.sanity.io/images/huh1e45n/production/76f21fea3bf41e09cd83c5ea1276bc8398e91776-1280x1280.jpg | https://cdn.sanity.io/images/huh1e45n/production/c9940f1b831bee42d9b2197f88f96eb24ea43652-1280x1280.jpg | https://cdn.sanity.io/images/huh1e45n/production/db69ea76cb9a452ebe4a8e75204b054fc15f4fce-1280x1280.jpg | https://cdn.sanity.io/images/huh1e45n/production/a28e3a0307f8b64cdedc8cd86d21a6f60b4a3c4c-1280x1280.jpg"
61.38,,NO — margin overstated,35.93,36.3,"Aosom","844-633V00BK",NOT PERMITTED — ask supplier,,4,"Banana Leaf Metal Privacy Screen with Stand, Black 122x45cm","<p>The Decorative Privacy Screen is a freestanding metal outdoor divider that stands at 198 cm tall, crafted from durable steel and designed in a willow branch style.</p><ul><li>Freestanding and decorative design</li><li>Constructed from durable steel</li><li>Cut-out willow branch motifs</li></ul><ul><li>Dimensions: 122 x 45 x 198 cm</li><li>Weight: 20.5kg</li><li>Material: Metal</li><li>Colour: Black</li></ul><p>Free UK delivery. Sold by Kaiku.</p>",privacy-screens,FILL,1000,99.00,1,FixedPrice,GTC,Bourne End,SL8 5NF,4,"KK-SCRN-BANANA-001",,,"Kaiku","Black","Metal","","Modern",122,45,198,cm,20.5kg,"https://cdn.sanity.io/images/huh1e45n/production/0d4b6106b4dced4b86cec5c82a55242e9d3afb5f-2000x2000.jpg | https://cdn.sanity.io/images/huh1e45n/production/50a23f349d2c58b31debc3a2ceda9fd27af4a9e4-800x800.jpg | https://cdn.sanity.io/images/huh1e45n/production/8c7ffffa8dc8b1982c34b9edee5dc1b7344cdcd0-2000x2000.jpg | https://cdn.sanity.io/images/huh1e45n/production/6c812a32ea6c70ceacc1b0757e9f83db38f30ba3-2000x2000.jpg"
24.16,,NO — margin overstated,14.05,36.0,"Aosom","867-154V00BN",NOT PERMITTED — ask supplier,,4,"Rattan Solar Floor Lantern, Brown 20x20cm","<p>The Rattan Solar Floor Lamp is an outdoor lighting solution designed for your garden, courtyard, or patio. Constructed with a robust frame made of steel and PE rattan, it combines decorative appeal with practicality. Standing at 68 cm tall, this solar-powered lamp effortlessly blends into outdoor spaces, offering a yet functional light source. Measuring 20 cm x 20 cm in diameter, the lamp is designed for outdoor use and features an automatic on/off function at dusk and dawn, providing hassle-free operation. The warm white light, emitted by a single LED, creates an inviting atmosphere while requiring minimal maintenance and no direct electrical connection. With IP44 water resistance, you can place this lamp outdoors without concern for light rains or moisture. Its solar panel charges during the day, allowing the lamp to shine all night long.</p><ul><li>Dimensions: 20 x 20 x 68 cm</li><li>Weight: 0.021kg</li><li>Material: Rattan</li><li>Colour: Brown</li></ul><p>Free UK delivery. Sold by Kaiku.</p>",garden-lighting,FILL,1000,39.00,1,FixedPrice,GTC,Bourne End,SL8 5NF,14,"KK-GARL-SOLAR-002",,,"Kaiku","Brown","Rattan","","Rustic",20,20,68,cm,0.021kg,"https://cdn.sanity.io/images/huh1e45n/production/c3d43efd6d66dd1fd4600e1ad7f792c2758d5f16-2000x2000.jpg | https://cdn.sanity.io/images/huh1e45n/production/8dd66a29db48427c46a0d0667fd9032d2366dca1-800x800.jpg | https://cdn.sanity.io/images/huh1e45n/production/836c886669dc635b4635c67c37a2c5ab6742c9bb-2000x2000.jpg | https://cdn.sanity.io/images/huh1e45n/production/e67d3b62f1de13b63921c1426d15362b1bd55adb-2000x2000.jpg"
12.99,,NO — margin overstated,7.50,35.7,"Premier Housewares","5506455",NOT PERMITTED — ask supplier,,6,"Ceramic Jada Small Abstract Planter 13x13cm","<p>The Jada Small Abstract Planter, made from ceramic and glaze, features a colourful abstract design that adds character to your home decor. Measuring 13 × 13 × 11 cm, it's perfect for small plants.</p><ul><li>Dimensions: 13 x 13 x 11 cm</li><li>Material: Ceramic</li></ul><p>Free UK delivery. Sold by Kaiku.</p>",planters,FILL,1000,21.00,1,FixedPrice,GTC,Bourne End,SL8 5NF,14,"KK-PLNT-JADA-003",5018705979878,,"Kaiku","","Ceramic","","Abstract",13,13,11,cm,,"https://cdn.sanity.io/images/huh1e45n/production/d83882438655f249bc4e0182208ad77555efd448-1280x1280.jpg | https://cdn.sanity.io/images/huh1e45n/production/11a773560e93ba47eaa13b101684c8857e7c522c-1280x1280.jpg | https://cdn.sanity.io/images/huh1e45n/production/ce36cc6731ee35381ca7c87b001937615d699395-1280x1280.jpg | https://cdn.sanity.io/images/huh1e45n/production/d331b81ebfd75de7fa976df80eb94b2810937628-1280x1280.jpg | https://cdn.sanity.io/images/huh1e45n/production/e81caadbe4c5b94f3e8d714fd90637363f59978a-1280x1280.jpg | https://cdn.sanity.io/images/huh1e45n/production/00fe9cfec330f52b7a42ff23793d028417a6fdd1-899x1199.jpg"
11.75,,NO — margin overstated,6.76,35.6,"Premier Housewares","1210018",NOT PERMITTED — ask supplier,,1,"Freska Ribbed Round Glass Jar with Acacia Wood Lid 550ml 9x9cm","<p>The Freska Ribbed Round Glass Jar with Acacia Wood Lid holds 550ml and is crafted from high borosilicate glass with an acacia wood lid.</p><ul><li>550ml capacity</li><li>Durable high borosilicate glass</li><li>Stylish acacia wood lid</li></ul><ul><li>Dimensions: 9 x 9 x 12.8 cm</li><li>Material: Acacia</li></ul><p>Free UK delivery. Sold by Kaiku.</p>",kitchen-storage,FILL,1000,19.00,1,FixedPrice,GTC,Bourne End,SL8 5NF,14,"KK-KITS-FRESKA-003",5063227019830,,"Kaiku","","Acacia","","Modern",9,9,12.8,cm,,"https://cdn.sanity.io/images/huh1e45n/production/e8db5f2e256760d23fb746b27cc387dbd4701c7f-439x659.jpg"
30.62,,NO — margin overstated,17.45,35.6,"Premier Housewares","5100308",NOT PERMITTED — ask supplier,,6,"Thread and Loom 6 Piece Warm Sand Towel Set","<p>The Thread and Loom 6 Piece Warm Sand Towel Set is beautifully crafted from cotton. This beige set includes bath, hand, and face towels, ensuring a complete luxury experience.</p><ul><li>100% Cotton</li><li>Classic Beige Colour</li><li>Soft and Absorbent</li><li>Set of 6 Towels</li></ul><p>Free UK delivery. Sold by Kaiku.</p>",bathroom-accessories,FILL,1000,49.00,1,FixedPrice,GTC,Bourne End,SL8 5NF,14,"KK-BATA-THREAD-002",5018705991825,,"Kaiku","","","","Modern",0,0,0,cm,,"https://cdn.sanity.io/images/huh1e45n/production/672d946e5076bf2981ae32c58b12174954490c49-1280x1280.webp | https://cdn.sanity.io/images/huh1e45n/production/bdabdffa5140d3576f2b1d9513078363f74f8c19-900x1200.jpg | https://cdn.sanity.io/images/huh1e45n/production/a550ca01bfa60c419a385f64ce3adcf3d7e25753-900x1200.jpg | https://cdn.sanity.io/images/huh1e45n/production/2028d3b7e5a884102716d36768b7ae63b9d93b3f-1122x1199.jpg | https://cdn.sanity.io/images/huh1e45n/production/b71e5dd58d0bedecfa958d401a128b6e6200d63c-1280x1280.jpg | https://cdn.sanity.io/images/huh1e45n/production/018390e959bb5dae33139517a60feaf556046481-1280x1280.webp"
30.62,,NO — margin overstated,17.45,35.6,"Premier Housewares","5100310",NOT PERMITTED — ask supplier,,3,"Thread and Loom 6 Piece Poppy Seed Towel Set","<p>Crafted from cotton, the Thread and Loom 6 Piece Poppy Seed Towel Set combines a soft touch with effective absorbency for everyday use.</p><ul><li>6-piece towel set</li><li>100% cotton</li><li>Quick absorbency</li></ul><p>Free UK delivery. Sold by Kaiku.</p>",bathroom-accessories,FILL,1000,49.00,1,FixedPrice,GTC,Bourne End,SL8 5NF,14,"KK-BATA-THREAD-003",5018705991863,,"Kaiku","","","","Modern",0,0,0,cm,,"https://cdn.sanity.io/images/huh1e45n/production/0e7ac1c2eebe19bc7b9b1aa051ccc1573fdbbf7d-1280x1280.jpg | https://cdn.sanity.io/images/huh1e45n/production/6e0083f16c2c9020bfebd033f9fc77ad9b2821cb-1280x1280.jpg | https://cdn.sanity.io/images/huh1e45n/production/c5abfdcb112689796dc24722491a6c20391981dc-1280x1280.jpg"
16.91,,NO — margin overstated,9.48,35.1,"Premier Housewares","5535004",NOT PERMITTED — ask supplier,,3,"Allegra Champagne Finish Tumbler 8x8cm","<p>A bathroom tumbler in aluminium with a champagne finish, 8 x 8 x 11cm. Handmade, so each one varies slightly. Wipe clean with a soft cloth and avoid abrasive cleaners.</p><ul><li>Elegant champagne finish</li><li>Durable aluminium construction</li><li>Compact size for convenience</li></ul><ul><li>Dimensions: 8 x 8 x 11 cm</li></ul><p>Free UK delivery. Sold by Kaiku.</p>",bathroom-accessories,FILL,1000,27.00,1,FixedPrice,GTC,Bourne End,SL8 5NF,14,"KK-BATA-ALLEGRA-004",5018705950396,,"Kaiku","","","","Modern",8,8,11,cm,,"https://cdn.sanity.io/images/huh1e45n/production/deba66ff07fa9acd0a5656c57d77a2ed73fb1ee1-1280x1280.jpg | https://cdn.sanity.io/images/huh1e45n/production/9b5f821a7e7602b0ea8abbd45ea9d591f465da30-1280x1280.jpg | https://cdn.sanity.io/images/huh1e45n/production/83ab667f308182e350b6e93332a5e6d3a23248fa-1280x1280.jpg"
41.09,,NO — margin overstated,22.73,35.0,"Aosom","B31-633V00GD",NOT PERMITTED — ask supplier,,4,"Pendant Light with Three Colour Temperatures, Gold 120x20cm","<p>Measuring 120 cm in length, it harmonises beautifully in various spaces, providing adjustable height options to suit your ceiling. Crafted from durable steel and plastic, this light combines functionality with style. The adjustable cable allows you to customise the hanging height between 50 cm and 100 cm, making it suitable for dining rooms, kitchens, and more. Enjoy bright illumination with a luminous flux of 3500 lumens and three colour temperature settings, perfect for creating the right atmosphere for any occasion.</p><ul><li>Dimensions: 120 x 20 x 155 cm</li><li>Weight: 1.4kg</li><li>Colour: Gold</li></ul><p>Free UK delivery. Sold by Kaiku.</p>",lighting,FILL,1000,65.00,1,FixedPrice,GTC,Bourne End,SL8 5NF,3,"KK-LT-PENDANT-001",,,"Kaiku","Gold","","","Modern",120,20,155,cm,1.4kg,"https://cdn.sanity.io/images/huh1e45n/production/e51def99f67c3267da7526be540cc01c2b248dcb-2000x2000.jpg | https://cdn.sanity.io/images/huh1e45n/production/a562de1a70edadb139cad5201c68f372d745860e-2000x2000.jpg | https://cdn.sanity.io/images/huh1e45n/production/ecee4097b8d1ff6649ab62dc43270dc62ff5c700-2000x2000.jpg | https://cdn.sanity.io/images/huh1e45n/production/50e467d2e234bde7ae0a35be452ce0d90f251a8e-2000x2000.jpg"
40.84,,NO — margin overstated,22.00,34.4,"Premier Housewares","1101380",NOT PERMITTED — ask supplier,1,6,"Glass Mize Black Plastic Frame Over Door Mirror 34x3cm","<p>A full-length over-door mirror in real glass with a black frame, 124cm tall x 34cm wide and 3cm deep, weighing 15kg. Hangs over a standard interior door, so in most rooms it needs no drilling.</p><ul><li>Dimensions: 34 x 3 x 124 cm</li><li>Material: Glass, Plastic</li><li>Colour: Black</li></ul><p>Free UK delivery. Sold by Kaiku.</p>",mirrors,FILL,1000,64.00,1,FixedPrice,GTC,Bourne End,SL8 5NF,14,"KK-MIR-MIZE-BLK-001",5018705719726,,"Kaiku","Black","Glass","","Modern",34,3,124,cm,,"https://cdn.sanity.io/images/huh1e45n/production/0f881754aa4637db28ce689e02e2dfd17ed4ed62-1200x1200.jpg | https://cdn.sanity.io/images/huh1e45n/production/871faea811cfe9b4e5c9cecfc62d2387e480737c-1200x1200.jpg | https://cdn.sanity.io/images/huh1e45n/production/6f5e872dbfeec35664f73cfd79f24d384aad8145-1280x1280.jpg | https://cdn.sanity.io/images/huh1e45n/production/72bbac0aa34914d7c420701ec47879d2a1607e94-1280x1280.jpg | https://cdn.sanity.io/images/huh1e45n/production/48aa80b1c50f6a5f6bd3ec36a5200f417a495948-900x1200.jpg | https://cdn.sanity.io/images/huh1e45n/production/b04169129af031198e5c547cf2410fe18b7c2aba-1200x1200.jpg"
49.90,,NO — margin overstated,26.73,34.3,"Premier Housewares","2405953",NOT PERMITTED — ask supplier,49,8,"Maka Natural Croco Rattan Stool 36x36cm","<p>A stool in rattan, 36 x 36 x 45cm. 2.7kg shipped.</p><ul><li>Natural rattan material</li><li>Boho inspired design</li><li>Fully assembled upon arrival</li><li>Compact size for easy placement</li><li>Suitable for outdoor use</li></ul><ul><li>Dimensions: 36 x 36 x 45 cm</li><li>Material: Rattan</li><li>Colour: Natural</li></ul><p>Free UK delivery. Sold by Kaiku.</p>",garden-furniture,FILL,1000,78.00,5,FixedPrice,GTC,Bourne End,SL8 5NF,14,"KK-GARF-MAKA-002",5018705474199,,"Kaiku","Natural","Rattan","","Bohemian",36,36,45,cm,,"https://cdn.sanity.io/images/huh1e45n/production/5ae31a0ed3d36b610b800d8ef54413f3aff7c759-1280x1280.webp | https://cdn.sanity.io/images/huh1e45n/production/76873ef26e11999e998c55dfff5a7262a4661870-1280x1280.jpg | https://cdn.sanity.io/images/huh1e45n/production/77de070020abc66b162c0d8d60ed18e9ff2853cb-1200x1200.jpg | https://cdn.sanity.io/images/huh1e45n/production/b3159275a78242068f560a835e9f7b51ffc0399f-900x1200.jpg | https://cdn.sanity.io/images/huh1e45n/production/8d74d845530bfa9893764303ab454c3bc2ffcf63-1200x1200.jpg | https://cdn.sanity.io/images/huh1e45n/production/fd0cc5ff4b0b237e55b7c18b34c7250d1eb05185-1280x1280.jpg | https://cdn.sanity.io/images/huh1e45n/production/b3af8664136c3d8ab40bed7fc2939f9a02cdee13-1280x1280.jpg | https://cdn.sanity.io/images/huh1e45n/production/76d0daae906b9575ccced042e698ad91b7f5cb58-1280x1280.jpg"
19.73,,NO — margin overstated,10.61,34.2,"Premier Housewares","5535005",NOT PERMITTED — ask supplier,,5,"Allegra Champagne Finish Bathroom Jar 9x9cm","<p>Crafted from 100% aluminium, the Allegra Champagne Finish Bathroom Jar combines style and function, measuring 9 × 9 × 14 cm.</p><ul><li>Stylish decorative jar</li><li>Crafted from durable aluminium</li><li>Versatile bathroom storage solution</li></ul><ul><li>Dimensions: 9 x 9 x 14 cm</li></ul><p>Free UK delivery. Sold by Kaiku.</p>",bathroom-accessories,FILL,1000,31.00,1,FixedPrice,GTC,Bourne End,SL8 5NF,14,"KK-BATA-ALLEGRA-005",5018705950402,,"Kaiku","","","","Modern",9,9,14,cm,,"https://cdn.sanity.io/images/huh1e45n/production/7d7ff86801ffec1cb40a64988d1e31afd4001912-1280x1280.jpg | https://cdn.sanity.io/images/huh1e45n/production/63011918080444c0c7a4cf0387468b8746b73835-1280x1280.jpg | https://cdn.sanity.io/images/huh1e45n/production/a1fcf5d99b9bea6772e0f011ce488d300195aae5-1280x1280.jpg | https://cdn.sanity.io/images/huh1e45n/production/d717ac95665b9fe2f316ea37d95d2cd90bfe1109-1280x1280.jpg | https://cdn.sanity.io/images/huh1e45n/production/eebafef82157c7caf88776a0feaef4eeb39434f8-1280x1280.jpg"
31.34,,NO — margin overstated,16.73,34.1,"Premier Housewares","2200473",NOT PERMITTED — ask supplier,,2,"MDF Destini Classical Black Wall Clock 60x5cm","<p>Made primarily from MDF, it requires 1 x AA battery for operation (not included).</p><ul><li>Dimensions: 60 x 5 x 60 cm</li><li>Material: MDF</li><li>Colour: Black</li></ul><p>Free UK delivery. Sold by Kaiku.</p>",wall-clocks,FILL,1000,49.00,1,FixedPrice,GTC,Bourne End,SL8 5NF,14,"KK-CLK-DESTINI-BLK-001",5018705690179,,"Kaiku","Black","MDF","","Classic",60,5,60,cm,,"https://cdn.sanity.io/images/huh1e45n/production/00562769a0c002ab2b6e02108e70c7c671e1f187-1280x1280.jpg | https://cdn.sanity.io/images/huh1e45n/production/ad482f4fc0c5a34b472f5b3bb7eef1ac7ea12038-1280x1280.jpg"
14.71,,NO — margin overstated,7.74,33.7,"Premier Housewares","5506194",NOT PERMITTED — ask supplier,,6,"Stoneware Yana Small Cream Textured Ceramic Planter 15x15cm","<p>The Yana Small Cream Textured Ceramic Planter is crafted from robust stoneware, lending an artisanal touch to your decor. With dimensions of 15 × 15 × 14 cm, it is perfect for indoor and outdoor plants alike.</p><ul><li>Dimensions: 15 x 15 x 14 cm</li><li>Material: Stoneware</li><li>Colour: Cream</li></ul><p>Free UK delivery. Sold by Kaiku.</p>",planters,FILL,1000,23.00,1,FixedPrice,GTC,Bourne End,SL8 5NF,14,"KK-PLNT-YANA-CRM-001",5018705953458,,"Kaiku","Cream","Stoneware","","Modern",15,15,14,cm,,"https://cdn.sanity.io/images/huh1e45n/production/7685fad89df82c0bf8e01caf4d1f47d8b39a6abb-1280x1280.jpg | https://cdn.sanity.io/images/huh1e45n/production/19052dd2fc8f2ac0eb406ce40f9352403e1d0005-1280x1280.jpg | https://cdn.sanity.io/images/huh1e45n/production/91a5d34e60c296c78c10aa37ea21655a3e5aa45f-1280x1280.jpg | https://cdn.sanity.io/images/huh1e45n/production/9ead48b8407ae43d4c2badce71bba1aaca57f882-1280x1280.jpg | https://cdn.sanity.io/images/huh1e45n/production/d55c19defa7c4d382765beea261a7d2e77811533-1280x1280.jpg | https://cdn.sanity.io/images/huh1e45n/production/1cdeaa4d4b07a05708aa226eda64c67960b6a0f8-899x1199.jpg"
12.12,,NO — margin overstated,6.40,33.7,"Premier Housewares","1210017",NOT PERMITTED — ask supplier,,1,"Freska Ribbed Round Glass Jar with Acacia Wood Lid 800ml 9x9cm","<p>The Freska Ribbed Round Glass Jar combines a high borosilicate glass body with an acacia wood lid, offering an 800ml capacity to keep your contents fresh.</p><ul><li>Ribbed glass design</li><li>Acacia wood lid</li><li>Capacity of 800ml</li></ul><ul><li>Dimensions: 9 x 9 x 17.4 cm</li><li>Material: Acacia</li></ul><p>Free UK delivery. Sold by Kaiku.</p>",kitchen-storage,FILL,1000,19.00,1,FixedPrice,GTC,Bourne End,SL8 5NF,14,"KK-KITS-FRESKA-002",5063227019823,,"Kaiku","","Acacia","","Scandinavian",9,9,17.4,cm,,"https://cdn.sanity.io/images/huh1e45n/production/affcc4df1532f6c2523dead88a377f114719c327-439x659.jpg"
18.00,,NO — margin overstated,9.38,33.5,"Premier Housewares","5535003",NOT PERMITTED — ask supplier,,5,"Allegra Champagne Finish Toothbrush Holder 7x7cm","<p>The Allegra Champagne Finish Toothbrush Holder is made from 100% aluminium, featuring a champagne finish. Measuring 7 × 7 × 12 cm, it’s perfect for adding a luxe touch to your bathroom décor.</p><ul><li>Luxe champagne finish</li><li>Durable aluminium material</li><li>Dishwasher safe for easy cleaning</li></ul><ul><li>Dimensions: 7 x 7 x 12 cm</li></ul><p>Free UK delivery. Sold by Kaiku.</p>",bathroom-accessories,FILL,1000,28.00,1,FixedPrice,GTC,Bourne End,SL8 5NF,14,"KK-BATA-ALLEGRA-003",5018705950389,,"Kaiku","","","","Modern",7,7,12,cm,,"https://cdn.sanity.io/images/huh1e45n/production/2460804586bee26e085bec1abfaf36537e1f7556-1280x1280.jpg | https://cdn.sanity.io/images/huh1e45n/production/28d4647e2c8f494a24b5551b9cd01cdb74188ee4-1280x1280.jpg | https://cdn.sanity.io/images/huh1e45n/production/3b2495b2f804f6e4f64e54ca089c9e78d74e5932-1280x1280.jpg | https://cdn.sanity.io/images/huh1e45n/production/72a77874098f0851365bef32fd5e79841500b1f0-1280x1280.jpg | https://cdn.sanity.io/images/huh1e45n/production/e445f692107ec57482405c16a14d8072e3e492e9-1280x1280.jpg"
61.64,,NO — margin overstated,31.73,33.4,"Aosom","84H-084V00CG",NOT PERMITTED — ask supplier,140,4,"Garden Planter Box with Back Trellis, Grey 72x38cm","<p>This Grey Garden Planter Box with Back Trellis is crafted from sturdy wood-plastic composite, featuring a slatted design perfect for climbing plants. Ideal for outdoor use, this planter adds both functionality and style to your garden.</p><ul><li>Dimensions: 72 x 38 x 150 cm</li><li>Weight: 75kg</li><li>Colour: Grey</li></ul><p>Free UK delivery. Sold by Kaiku.</p>",planters,FILL,1000,95.00,5,FixedPrice,GTC,Bourne End,SL8 5NF,3,"KK-PLNT-BOX-001",,,"Kaiku","Grey","","","Modern",72,38,150,cm,75kg,"https://cdn.sanity.io/images/huh1e45n/production/ac858537e79ba44813acf94c310bdf4dac384d6f-2000x2000.jpg | https://cdn.sanity.io/images/huh1e45n/production/5e6c956b4011c1fb3f8e75d4ddda39d0373ec59d-800x800.jpg | https://cdn.sanity.io/images/huh1e45n/production/efed755d3a33e77da187688ad8fdde37c5b233e0-2000x2000.jpg | https://cdn.sanity.io/images/huh1e45n/production/d1f7d983d79d69376130baa6a1e6e06b3b73fe56-2000x2000.jpg"
18.72,,NO — margin overstated,9.65,33.3,"Premier Housewares","1600571",NOT PERMITTED — ask supplier,,6,"Glass Cassini Chrome Large Swivel Mirror 17x10cm","<p>A mirror in iron, glass, polypropylene and EVA, 17 x 10 x 22.5cm and 5.2kg.</p><ul><li>Dimensions: 17 x 10 x 22.5 cm</li><li>Material: Glass</li></ul><p>Free UK delivery. Sold by Kaiku.</p>",mirrors,FILL,1000,29.00,1,FixedPrice,GTC,Bourne End,SL8 5NF,14,"KK-MIR-CASSINI-003",5018705728773,,"Kaiku","","Glass","","Modern",17,10,22.5,cm,,"https://cdn.sanity.io/images/huh1e45n/production/c0b5914028c79f5e4b2aabcf2ec8fe38189809e2-1280x1280.jpg | https://cdn.sanity.io/images/huh1e45n/production/fb541b3ea524d7666066d8a3b9edc898b7245576-1280x1280.jpg | https://cdn.sanity.io/images/huh1e45n/production/8af8296c2089eb3990925137335ddf7764cfe3bd-1280x1280.jpg | https://cdn.sanity.io/images/huh1e45n/production/1abec53ef40bc68b209a31df21dcb6d01199206e-1280x1280.jpg | https://cdn.sanity.io/images/huh1e45n/production/ae57e6dfd5fa1a81f5fd485b4f731a6388817a55-1280x1280.jpg | https://cdn.sanity.io/images/huh1e45n/production/65444d19895e62c32a242977e018b7600d5c3405-1280x1280.jpg"
43.57,,NO — margin overstated,22.23,33.2,"Premier Housewares","5509210",NOT PERMITTED — ask supplier,,1,"Quackpot Duck Feet Large Plant Stand 25x25cm","<p>The Quackpot Duck Feet Large Plant Stand features a unique sculptural design in aluminium. Its contemporary silver finish enhances its decorative look, combining function with fun.</p><ul><li>Dimensions: 25 x 25 x 25 cm</li></ul><p>Free UK delivery. Sold by Kaiku.</p>",planters,FILL,1000,67.00,1,FixedPrice,GTC,Bourne End,SL8 5NF,14,"KK-PLNT-QUACKPOT-002",5018705962122,,"Kaiku","","","","Contemporary",25,25,25,cm,,"https://cdn.sanity.io/images/huh1e45n/production/f8229e6cea13f022933c18203d41352ccaa7fa1b-1280x1280.jpg"
25.33,5.99,yes,15.51,32.5,"AW Dropship","CSalt-01",NOT PERMITTED — ask supplier,26,4,"Natural Himalayan Salt BBQ Cooking Plate | 30 x 20 x 5cm 30x20cm","<p>A solid Himalayan rock salt BBQ cooking plate, 30 x 20 x 5cm and 8kg.</p><ul><li>Cut from genuine Himalayan rock salt, so no two plates match</li><li>Seasons food gently as it cooks</li><li>Use on charcoal BBQs, gas BBQs or in a conventional oven</li><li>Chill it to serve cheeses, sushi, fruit and desserts</li><li>30 × 20 × 5cm — room for steaks, seafood or vegetables</li><li>Wipe clean with a damp cloth; no detergents</li></ul><ul><li>Dimensions: 30 x 20 x 5 cm</li><li>Weight: 8kg</li><li>Material: Himalayan salt</li><li>Colour: Natural</li></ul><p>Free UK delivery. Sold by Kaiku.</p>",wellness-accessories,FILL,1000,47.75,5,FixedPrice,GTC,Bourne End,SL8 5NF,4,"KK-WA-AW-001",5056422953443,,"Kaiku","Natural","Himalayan salt","Sauna","",30,20,5,cm,8kg,"https://cdn.sanity.io/images/huh1e45n/production/4521710457d57c0ee9eaba80e90151bc71aa3441-2000x2000.jpg | https://cdn.sanity.io/images/huh1e45n/production/c73f71754cddb67c9f755c447235312cae947a6d-2000x2000.jpg | https://cdn.sanity.io/images/huh1e45n/production/188e67b80614dd33b290882361e79e5955329df3-2000x2000.jpg | https://cdn.sanity.io/images/huh1e45n/production/b905ee5885de675f4a5128ce1736025fb6b061cf-2000x2000.jpg"
20.32,,NO — margin overstated,10.02,32.3,"Premier Housewares","5535001",NOT PERMITTED — ask supplier,,4,"Allegra 200ml Champagne Finish Soap Dispenser 7x7cm","<p>A soap dispenser in aluminium and plastic, 7 x 7 x 20cm.</p><ul><li>Champagne finish adds elegance</li><li>Handcrafted for a unique touch</li><li>Removable pump head for convenience</li></ul><ul><li>Dimensions: 7 x 7 x 20 cm</li></ul><p>Free UK delivery. Sold by Kaiku.</p>",bathroom-accessories,FILL,1000,31.00,1,FixedPrice,GTC,Bourne End,SL8 5NF,14,"KK-BATA-ALLEGRA-001",5018705950365,,"Kaiku","","","","Modern",7,7,20,cm,,"https://cdn.sanity.io/images/huh1e45n/production/10b524cac928ce6731713dad692c563d97115234-1280x1280.jpg | https://cdn.sanity.io/images/huh1e45n/production/99381983f47557e8efb5c0c51c53814cfb228e96-1280x1280.jpg | https://cdn.sanity.io/images/huh1e45n/production/eae4cfd371d88fed641ac4be0daf6332e7b290e8-1280x1280.jpg | https://cdn.sanity.io/images/huh1e45n/production/7fe0eaf24bf4f60e95bbd14a1367f51f7c5bb0de-1280x1280.jpg"
25.62,,NO — margin overstated,12.59,32.3,"Premier Housewares","5506562",NOT PERMITTED — ask supplier,,6,"Arlo Small Natural Wooden Planter 18x18cm","<p>The Arlo Small Natural Wooden Planter is crafted from Paulownia wood.</p><ul><li>Dimensions: 18 x 18 x 22 cm</li><li>Colour: Natural</li></ul><p>Free UK delivery. Sold by Kaiku.</p>",planters,FILL,1000,39.00,1,FixedPrice,GTC,Bourne End,SL8 5NF,14,"KK-PLNT-ARLO-NAT-003",5018705986425,,"Kaiku","Natural","","","Rustic",18,18,22,cm,,"https://cdn.sanity.io/images/huh1e45n/production/902e7870cc29deb5a70afc4471815d47b3eb3c00-799x1200.jpg | https://cdn.sanity.io/images/huh1e45n/production/9917234119a7085ab625b3bc5f6789ff759ab5da-799x1200.jpg | https://cdn.sanity.io/images/huh1e45n/production/5650c1a6161eb5f3bf92db74df270aa2670902df-900x1200.jpg | https://cdn.sanity.io/images/huh1e45n/production/7525aa9074aa8fdb487cb5bad235702e5e034535-900x1200.jpg | https://cdn.sanity.io/images/huh1e45n/production/fa48a320d9316a0bda9ce112fcde89c1cce3d738-799x1200.jpg | https://cdn.sanity.io/images/huh1e45n/production/57663a6770477d37b6ce693b27d348efc80d3118-799x1200.jpg"
17.05,,NO — margin overstated,8.36,32.2,"Premier Housewares","5506190",NOT PERMITTED — ask supplier,,6,"Stoneware Yuri Small Terracotta Gold Spotted Planter 14x14cm","<p>The Yuri Small Terracotta Gold Spotted Planter is a beautifully handcrafted stoneware piece.</p><ul><li>Dimensions: 14 x 14 x 14 cm</li><li>Material: Stoneware</li><li>Colour: Gold</li></ul><p>Free UK delivery. Sold by Kaiku.</p>",planters,FILL,1000,26.00,1,FixedPrice,GTC,Bourne End,SL8 5NF,14,"KK-PLNT-YURI-GLD-001",5018705953403,,"Kaiku","Gold","Stoneware","","Minimalist",14,14,14,cm,,"https://cdn.sanity.io/images/huh1e45n/production/33491f91e10ef5177433247abec2a8ff6b294ba9-1280x1280.jpg | https://cdn.sanity.io/images/huh1e45n/production/16486029a8b33c8fd2a84d6966d29b2e226aa6f1-1280x1280.jpg | https://cdn.sanity.io/images/huh1e45n/production/6e52aea34b9ce100c7380a80831cd3d1c19d712b-1280x1280.jpg | https://cdn.sanity.io/images/huh1e45n/production/eaf6ef1629316c2d508c90c096528160c44d790a-1280x1280.jpg | https://cdn.sanity.io/images/huh1e45n/production/f62200205f91e59589ae69451b9a5110b7c6bc79-1280x1280.jpg | https://cdn.sanity.io/images/huh1e45n/production/c4a569ba06a154ddc6e0344333ee2a12dc32b8ed-900x1200.jpg"
51.43,,NO — margin overstated,24.80,32.0,"Aosom","842-135",NOT PERMITTED — ask supplier,,4,"Three-Head Solar Lamp Post with Planter, Black 60x55cm","<p>A three-headed solar lamp post, 189cm tall on a 41.5cm square planter base, moulded in polypropylene and ABS. It comes on at dusk and runs about six hours on a day's charge, putting out 120 lumens of cool white light; 5.6kg.</p><ul><li>Dimensions: 60 x 55 x 189 cm</li><li>Weight: 0.02kg</li><li>Colour: Black</li></ul><p>Free UK delivery. Sold by Kaiku.</p>",garden-lighting,FILL,1000,77.59,1,FixedPrice,GTC,Bourne End,SL8 5NF,3,"KK-GARL-THREE-002",,,"Kaiku","Black","","","Modern",60,55,189,cm,0.02kg,"https://cdn.sanity.io/images/huh1e45n/production/19715886906173c17605e8bcebfdba9d8c162f6c-2000x2000.jpg | https://cdn.sanity.io/images/huh1e45n/production/616fa5be0ab1a3bf3174defb8c8431a9cbc359d8-800x800.jpg | https://cdn.sanity.io/images/huh1e45n/production/938ef9ba73a1d6385d4fd0ac6717d2deada1d5cf-2000x2000.jpg | https://cdn.sanity.io/images/huh1e45n/production/f75c1fd425b0de9d9315b67ff550dd85e3b3f6ce-2000x2000.jpg"
19.80,,NO — margin overstated,9.55,31.8,"Premier Housewares","0507069",NOT PERMITTED — ask supplier,626,3,"Emery Matt Black Wire Tall Basket 28x28cm","<p>The Emery Matt Black Wire Tall Basket is crafted from iron, featuring a tapered design that adds contemporary flair to any room.</p><ul><li>Contemporary design</li><li>Perfect for decorative storage</li><li>Wipe clean with a damp cloth</li></ul><ul><li>Dimensions: 28 x 28 x 26 cm</li><li>Colour: Black</li></ul><p>Free UK delivery. Sold by Kaiku.</p>",bathroom-storage,FILL,1000,30.00,5,FixedPrice,GTC,Bourne End,SL8 5NF,14,"KK-BATS-EMERY-001",5018705481333,,"Kaiku","Black","","","Modern",28,28,26,cm,,"https://cdn.sanity.io/images/huh1e45n/production/01df1bd621b8042fe545a412c4404f33d1f2ea49-1280x1280.jpg | https://cdn.sanity.io/images/huh1e45n/production/044c1e72055a7b48a2b663047e14f9f032bc5f73-1280x1280.jpg | https://cdn.sanity.io/images/huh1e45n/production/f14341e930e75153767c36c5917f4b8de042ba84-1280x1280.jpg"
17.20,,NO — margin overstated,8.21,31.6,"Premier Housewares","0507596",NOT PERMITTED — ask supplier,279,7,"Vertex Rectangular Basket 25x15cm","<p>A handmade basket in iron, 25 x 15 x 15cm and 2.8kg. Not watertight, so it will not hold liquid — use a liner or an inner pot for plants. Each one varies slightly.</p><ul><li>100% Iron Construction</li><li>Sleek Copper Finish</li><li>Versatile Indoor Use</li></ul><ul><li>Dimensions: 25 x 15 x 15 cm</li></ul><p>Free UK delivery. Sold by Kaiku.</p>",bathroom-storage,FILL,1000,26.00,5,FixedPrice,GTC,Bourne End,SL8 5NF,14,"KK-BATS-VERTEX-002",5018705490496,,"Kaiku","","","","Modern",25,15,15,cm,,"https://cdn.sanity.io/images/huh1e45n/production/f2a9ab37c572805b4eff491083c47b2a34e0a82c-1280x1280.jpg | https://cdn.sanity.io/images/huh1e45n/production/27ffeacbb3d17e74575fc9f212f0749d4c828302-1280x1280.jpg | https://cdn.sanity.io/images/huh1e45n/production/85a517fb16d06bcedb131b73267d3d9fe1f858f8-1280x1280.jpg | https://cdn.sanity.io/images/huh1e45n/production/3e767e3d62fd933bb249bc6809953b35599f0190-1280x1280.jpg | https://cdn.sanity.io/images/huh1e45n/production/21bc80a1a13efc89fde013ac10da640c1ba1a048-1280x1280.jpg | https://cdn.sanity.io/images/huh1e45n/production/0d355b30f04c7c85757121483129df1ca377bbd4-1280x1280.jpg | https://cdn.sanity.io/images/huh1e45n/production/9fc5f8dd5a6314bd648e358710ef10d6f6ab827c-1280x1280.jpg"
32.60,,NO — margin overstated,15.46,31.6,"Premier Housewares","5100313",NOT PERMITTED — ask supplier,,3,"Thread and Loom 6 Piece Peach Pink Towel Set","<p>The Thread and Loom 6 Piece Peach Pink Towel Set is expertly crafted from 100% cotton, bringing a soft and absorbent touch to your bathroom.</p><ul><li>Soft and absorbent cotton</li><li>Includes face, hand, and bath towels</li><li>Classic peach pink design</li></ul><ul><li>Colour: Pink</li></ul><p>Free UK delivery. Sold by Kaiku.</p>",bathroom-accessories,FILL,1000,49.00,1,FixedPrice,GTC,Bourne End,SL8 5NF,14,"KK-BATA-THREAD-006",5018705991924,,"Kaiku","Pink","","","Modern",0,0,0,cm,,"https://cdn.sanity.io/images/huh1e45n/production/b8bce793dce1874979b57488e4e5a628e411a469-1280x1280.jpg | https://cdn.sanity.io/images/huh1e45n/production/9d9fa93eb30545482c6784146aae64da01d486df-1280x1280.jpg | https://cdn.sanity.io/images/huh1e45n/production/e27ed27caeab07f2442a8c5c4a6e3ee26cfaf648-1280x1280.jpg"
12.55,,NO — margin overstated,5.96,31.4,"Premier Housewares","1210016",NOT PERMITTED — ask supplier,,1,"Freska Ribbed Round Glass Jar with Acacia Wood Lid 1100ml 9x9cm","<p>The Freska Ribbed Round Glass Jar with Acacia Wood Lid offers an 1100ml capacity, combining high borosilicate glass and an acacia wood lid.</p><ul><li>Ribbed design</li><li>Acacia wood lid</li><li>1100ml capacity</li></ul><ul><li>Dimensions: 9 x 9 x 22.2 cm</li><li>Material: Acacia</li></ul><p>Free UK delivery. Sold by Kaiku.</p>",kitchen-storage,FILL,1000,19.00,1,FixedPrice,GTC,Bourne End,SL8 5NF,14,"KK-KITS-FRESKA-001",5063227019816,,"Kaiku","","Acacia","","Modern",9,9,22.2,cm,,"https://cdn.sanity.io/images/huh1e45n/production/894ba5e36874e049fc5606c7b0ec69f9e0c7a8e5-439x659.jpg"
18.00,,NO — margin overstated,8.39,31.1,"Premier Housewares","5535002",NOT PERMITTED — ask supplier,,4,"Allegra Champagne Finish Soap Dish 12x12cm","<p>The Allegra Champagne Finish Soap Dish is made from 100% aluminium and features a champagne finish. It measures 12 × 12 × 4 cm and is designed to enhance your bathroom decor.</p><ul><li>Aluminium construction</li><li>Elegant champagne finish</li><li>Contemporary design</li></ul><ul><li>Dimensions: 12 x 12 x 4 cm</li></ul><p>Free UK delivery. Sold by Kaiku.</p>",bathroom-accessories,FILL,1000,27.00,1,FixedPrice,GTC,Bourne End,SL8 5NF,14,"KK-BATA-ALLEGRA-002",5018705950372,,"Kaiku","","","","Modern",12,12,4,cm,,"https://cdn.sanity.io/images/huh1e45n/production/31819e78e0475889d8a3288086281826e7792238-1280x1280.jpg | https://cdn.sanity.io/images/huh1e45n/production/a8cebd9b4e17b4bac3b441cd757234c29407952b-1280x1280.jpg | https://cdn.sanity.io/images/huh1e45n/production/5bd8deeb529fe53ae43a453c7b843121d34c27bd-1280x1280.jpg | https://cdn.sanity.io/images/huh1e45n/production/dd757d28f788829770918df2499190ba3c7c3be6-1280x1280.jpg"
15.31,,NO — margin overstated,7.14,31.1,"Premier Housewares","1601843",NOT PERMITTED — ask supplier,,7,"Canyon White Lotion Dispenser - 500ml 9x9cm","<p>A lotion dispenser in bamboo fibre, corn starch, bamboo and mineral powder, 9 x 9 x 18cm. 1.5kg shipped.</p><ul><li>Eco-friendly design</li><li>Sleek white finish</li><li>Removable pump head</li></ul><ul><li>Dimensions: 9 x 9 x 18 cm</li><li>Colour: White</li></ul><p>Free UK delivery. Sold by Kaiku.</p>",bathroom-accessories,FILL,1000,23.00,1,FixedPrice,GTC,Bourne End,SL8 5NF,14,"KK-BATA-CANYON-011",5018705956572,,"Kaiku","White","","","Modern",9,9,18,cm,,"https://cdn.sanity.io/images/huh1e45n/production/9696606c15922af012116a4f1513b43b00b2e50b-1280x1280.jpg | https://cdn.sanity.io/images/huh1e45n/production/93d8efa16f1e6bd8a4071348eacb02bb307bab36-800x1200.jpg | https://cdn.sanity.io/images/huh1e45n/production/343234b0074f3435a0095d036bead2d0e375939e-857x1200.jpg | https://cdn.sanity.io/images/huh1e45n/production/d428bf021c0c944f4567b2d75dd4bd4ba6b911c6-933x1200.jpg | https://cdn.sanity.io/images/huh1e45n/production/6f2c847f14f1a0858232a25a7c7b091d5b939327-1200x1200.jpg | https://cdn.sanity.io/images/huh1e45n/production/7460050206669d40db13c60bbc7ebabf20261061-800x1200.jpg | https://cdn.sanity.io/images/huh1e45n/production/28628bc9a3a7359e5e98b66d3e5b00f2887e2e23-800x1200.jpg"
55.68,8.39,yes,29.30,30.8,"Hill Interiors","21616",yes,,3,"Glass Bloomsbury Wall Clock 6x59cm","<p>A wall clock with a glass face in a metal frame, 59cm across and 2.16kg.</p><ul><li>Dimensions: 6 x 59 x 59 cm</li><li>Weight: 2.16kg</li><li>Material: Glass, Metal</li></ul><p>Free UK delivery. Sold by Kaiku.</p>",wall-clocks,FILL,1000,95.00,1,FixedPrice,GTC,Bourne End,SL8 5NF,14,"KK-CLK-BLOOMSBURY-001",5050140161685,,"Kaiku","","Glass","","Modern",6,59,59,cm,2.16kg,"https://cdn.sanity.io/images/huh1e45n/production/22eae08b24f98926b82d13841e8b582501dc77c0-1800x1789.jpg | https://cdn.sanity.io/images/huh1e45n/production/b677efa4e5f416fed3b3a6472f3758bf42fd603e-1800x1800.jpg | https://cdn.sanity.io/images/huh1e45n/production/a1df242a4e99b33eb4e8eadc6492cf8a2a9bdaa5-1600x1600.jpg"
55.68,8.39,yes,29.30,30.8,"Hill Interiors","21617",yes,,2,"Black Glass Louie Wall Clock 6x59cm","<p>A round wall clock, 59cm across and 6cm deep, weighing 2.16kg.</p><ul><li>Dimensions: 6 x 59 x 59 cm</li><li>Weight: 2.16kg</li><li>Material: Glass, Metal</li><li>Colour: Black</li></ul><p>Free UK delivery. Sold by Kaiku.</p>",wall-clocks,FILL,1000,95.00,1,FixedPrice,GTC,Bourne End,SL8 5NF,14,"KK-CLK-LOUIE-BLK-001",5050140161784,,"Kaiku","Black","Glass","","Minimalist",6,59,59,cm,2.16kg,"https://cdn.sanity.io/images/huh1e45n/production/e5d199681a7bde90b44ac31bce00da0f9820b497-1800x1800.jpg | https://cdn.sanity.io/images/huh1e45n/production/130c060fb31da4444dda257e32afc4c354f4c622-1800x1800.jpg"
55.68,8.39,yes,29.30,30.8,"Hill Interiors","21775",yes,,2,"Ceramic Garda Grey Glazed Tiber Vase 29x29cm","<p>A ceramic vase in grey with a glazed finish, 29 x 29 x 28cm and 7kg.</p><ul><li>Dimensions: 29 x 29 x 28 cm</li><li>Weight: 7kg</li><li>Material: Ceramic</li><li>Colour: Grey</li></ul><p>Free UK delivery. Sold by Kaiku.</p>",vases,FILL,1000,95.00,1,FixedPrice,GTC,Bourne End,SL8 5NF,14,"KK-VASE-GARDA-GRY-004",5050140177587,,"Kaiku","Grey","Ceramic","","Modern",29,29,28,cm,7kg,"https://cdn.sanity.io/images/huh1e45n/production/e5ed6977b3869c81a0b453778ff9c2255f64847f-1800x1800.jpg | https://cdn.sanity.io/images/huh1e45n/production/fb73161c477a878fb72e0fee5212cde7021b0a1d-1800x1800.jpg"
55.68,8.39,yes,29.30,30.8,"Hill Interiors","24299",yes,30,4,"Green Echo French Grey Chair 50x55cm","<p>A moulded outdoor dining chair in polypropylene and fibreglass with a French Grey finish, from the Allura collection. 50 x 55 x 77cm, 5.5kg. UV and weather resistant.</p><ul><li>Dimensions: 50 x 55 x 77 cm</li><li>Weight: 5.5kg</li><li>Colour: Green</li></ul><p>Free UK delivery. Sold by Kaiku.</p>",garden-furniture,FILL,1000,95.00,5,FixedPrice,GTC,Bourne End,SL8 5NF,4,"KK-GARF-ECHO-GRN-001",5050140429983,,"Kaiku","Green","","","",50,55,77,cm,5.5kg,"https://cdn.sanity.io/images/huh1e45n/production/0fde718ce86663fb46fce984f678101036e60452-1600x1600.jpg | https://cdn.sanity.io/images/huh1e45n/production/173fb96bfba9530076c4036d6c1052b1467421d9-1600x1600.jpg | https://cdn.sanity.io/images/huh1e45n/production/f2d49d329fe1b1934dccd6f1313044f91294eb4c-1600x1600.jpg | https://cdn.sanity.io/images/huh1e45n/production/cc6bc4f8f1053c9c1362d67da9932d64cef50574-1600x1600.jpg"
55.68,8.39,yes,29.30,30.8,"Hill Interiors","24298",yes,90,5,"Plastic Echo Putty Grey Chair 50x55cm","<p>An outdoor chair in putty grey, moulded from weather-resistant plastic, 55 x 50 x 77cm and 5.5kg. Some assembly required.</p><ul><li>Stylish grey hue</li><li>Ergonomic design for comfort</li><li>Crafted from weather-resistant materials</li><li>Versatile and portable</li><li>Perfect for outdoor settings</li></ul><ul><li>Dimensions: 50 x 55 x 77 cm</li><li>Weight: 5.5kg</li><li>Material: Plastic</li><li>Colour: Grey</li></ul><p>Free UK delivery. Sold by Kaiku.</p>",garden-furniture,FILL,1000,95.00,5,FixedPrice,GTC,Bourne End,SL8 5NF,14,"KK-GARF-ECHO-GRY-001",5050140429884,,"Kaiku","Grey","Plastic","","Modern",50,55,77,cm,5.5kg,"https://cdn.sanity.io/images/huh1e45n/production/989c36383c883bbbbe727ab84e19df0805163ee5-1600x1600.jpg | https://cdn.sanity.io/images/huh1e45n/production/1f49ae1804163ab195de32dcdffdb9b749bd2adf-1600x1600.jpg | https://cdn.sanity.io/images/huh1e45n/production/1f49ae1804163ab195de32dcdffdb9b749bd2adf-1600x1600.jpg | https://cdn.sanity.io/images/huh1e45n/production/ea671f2a081903f6cfb2fe08ffd7d6c28f23f7e9-1600x1600.jpg | https://cdn.sanity.io/images/huh1e45n/production/ee03747ae54b9144f190d0e72d7e48b69b406bc7-1600x1600.jpg"
39.78,,NO — margin overstated,18.13,30.7,"Premier Housewares","2201123",NOT PERMITTED — ask supplier,,6,"Natural Vitus Large Wooden Wall Clock 60x5cm","<p>The Vitus Large Wooden Wall Clock features a 60cm diameter design in veneer MDF with a natural finish.</p><ul><li>Dimensions: 60 x 5 x 60 cm</li><li>Colour: Natural</li></ul><p>Free UK delivery. Sold by Kaiku.</p>",wall-clocks,FILL,1000,59.00,1,FixedPrice,GTC,Bourne End,SL8 5NF,14,"KK-CLK-VITUS-NAT-001",5018705990811,,"Kaiku","Natural","","","Contemporary",60,5,60,cm,,"https://cdn.sanity.io/images/huh1e45n/production/7bbeb2a48bc45916b555791099f622bbd5a8ae60-1280x1280.jpg | https://cdn.sanity.io/images/huh1e45n/production/94b340f30d88fd4eb63e0832c5fe66f28a3f421d-1280x1280.jpg | https://cdn.sanity.io/images/huh1e45n/production/d5137dfc6838daf79e1c00f51077a7fb31b6253e-900x1200.jpg | https://cdn.sanity.io/images/huh1e45n/production/13d98d11d4369fdb7e260f01b77ca8bafd0550cf-900x1200.jpg | https://cdn.sanity.io/images/huh1e45n/production/848bdd6891069f557ed48842db813bbf7968ff4d-1280x1280.jpg | https://cdn.sanity.io/images/huh1e45n/production/596f6013221b9267da9ae92877a9b9468af34880-1280x1280.jpg"
29.05,,NO — margin overstated,13.10,30.5,"Aosom","B31-562V00SR",NOT PERMITTED — ask supplier,,4,"Spiral LED Wall Lights, Set of 2, Silver 46x15cm","<p>A wall lights in metal and acrylic, 45.6 x 15 x 14cm and 1.2kg.</p><ul><li>Dimensions: 45.6 x 15 x 14 cm</li><li>Weight: 1.2kg</li><li>Colour: Silver</li></ul><p>Free UK delivery. Sold by Kaiku.</p>",lighting,FILL,1000,43.00,1,FixedPrice,GTC,Bourne End,SL8 5NF,14,"KK-LT-SPIRAL-004",,,"Kaiku","Silver","","","Modern",45.6,15,14,cm,1.2kg,"https://cdn.sanity.io/images/huh1e45n/production/c316c762bfeb9087e19d7b2175f9cf931d583a34-2000x2000.jpg | https://cdn.sanity.io/images/huh1e45n/production/0e93fa52e3e65b6e28e0cfb4cd9ed9206711ab2c-800x800.jpg | https://cdn.sanity.io/images/huh1e45n/production/6106ad8cadfc92ad40e71cc6a38e420ac41742fe-2000x2000.jpg | https://cdn.sanity.io/images/huh1e45n/production/0719b0d5506f668faa049a84a9f069d3f9ed3e26-2000x2000.jpg"
26.33,,NO — margin overstated,11.89,30.5,"Aosom","B30-005",NOT PERMITTED — ask supplier,,4,"1.3m Solar Lamp Post Lights, Set of 2, Black 19x19cm","<p>These 2 PCS 1.3M Garden Solar Lamp Post Lights bring both style and functionality to your outdoor areas. Crafted from durable ABS, each lamp features an adjustable height of 129 cm and emits a bright white light at 6000 Kelvin. The solar-powered design ensures you don’t need to worry about wiring, making them easy to install anywhere. Each lamp charges during the day, providing up to 6 hours of lighting at night. The waterproof build ensures they can withstand the elements, making them suitable for outdoor use year-round. Installation is straightforward with included instructions, allowing you to set up your lamps in no time. Enjoy bright light and enhance the ambience of your outdoor spaces effortlessly with these solar lamps.</p><ul><li>Dimensions: 18.5 x 18.5 x 129 cm</li><li>Weight: 0.02kg</li><li>Colour: Black</li></ul><p>Free UK delivery. Sold by Kaiku.</p>",garden-lighting,FILL,1000,39.00,1,FixedPrice,GTC,Bourne End,SL8 5NF,14,"KK-GARL-SOLAR-004",,,"Kaiku","Black","","","Victorian",18.5,18.5,129,cm,0.02kg,"https://cdn.sanity.io/images/huh1e45n/production/7dd93002471e35184244a5f5a202216a4e8aee3c-2000x2000.jpg | https://cdn.sanity.io/images/huh1e45n/production/c1882ad1ce180c7fa5f58b0f49042dc6530851f1-800x800.jpg | https://cdn.sanity.io/images/huh1e45n/production/53d716150da461bfe6e812d974f6e91b354081c6-2000x2000.jpg | https://cdn.sanity.io/images/huh1e45n/production/a0d36c449afff102ecd257152855aebe29626deb-2000x2000.jpg"
42.68,,NO — margin overstated,19.18,30.4,"Premier Housewares","2201105",NOT PERMITTED — ask supplier,,6,"Beauly Metal Wall Clock with Gold Finish 60x3cm","<p>The Beauly Metal Wall Clock features a contemporary gold finish and an airy design, crafted from iron. Measuring 60 cm in diameter, it's perfect for modern interiors.</p><ul><li>Dimensions: 60 x 3 x 60 cm</li><li>Material: Metal</li><li>Colour: Gold</li></ul><p>Free UK delivery. Sold by Kaiku.</p>",wall-clocks,FILL,1000,63.00,1,FixedPrice,GTC,Bourne End,SL8 5NF,14,"KK-CLK-BEAULY-GLD-001",5018705480459,,"Kaiku","Gold","Metal","","Modern",60,3,60,cm,,"https://cdn.sanity.io/images/huh1e45n/production/8af86fc52bfaf6d71c196fb9c2a933f5882b5e38-1280x1280.jpg | https://cdn.sanity.io/images/huh1e45n/production/aaf3dbc80fce17baf57a94601479875b5398a70b-1280x1280.jpg | https://cdn.sanity.io/images/huh1e45n/production/c486a5b0b700629be572fef481fdf66dea28465e-1280x1280.jpg | https://cdn.sanity.io/images/huh1e45n/production/a4dc771e42b76cf86adb6d8bfb756826c34bc437-1280x1280.jpg | https://cdn.sanity.io/images/huh1e45n/production/e806f8cd6b9fa1366a05380aa494a03850fb66af-1280x1280.jpg | https://cdn.sanity.io/images/huh1e45n/production/6d364b82e8af87ee23763557346bf4916a476409-1280x1280.jpg"
20.90,,NO — margin overstated,9.44,30.4,"Premier Housewares","5535019",NOT PERMITTED — ask supplier,,5,"Allegra Hammered Effect Soap Dispenser 8x8cm","<p>The Allegra Hammered Effect Soap Dispenser, crafted from 90% aluminium and 10% plastic, combines durability with design.</p><ul><li>Warm metallic finish</li><li>Crafted from durable aluminium</li><li>Handcrafted with vintage charm</li></ul><ul><li>Dimensions: 8 x 8 x 21 cm</li></ul><p>Free UK delivery. Sold by Kaiku.</p>",bathroom-accessories,FILL,1000,31.00,1,FixedPrice,GTC,Bourne End,SL8 5NF,14,"KK-BATA-ALLEGRA-008",5018705950549,,"Kaiku","","","","Modern",8,8,21,cm,,"https://cdn.sanity.io/images/huh1e45n/production/7829567bb2db8aed0b95d19427a23f3d5c90cdcc-1280x1280.jpg | https://cdn.sanity.io/images/huh1e45n/production/f136c78a2294e71d111fe1edc51e2f2d03a729b9-1280x1280.jpg | https://cdn.sanity.io/images/huh1e45n/production/767c73f88963c5ac9bbb547d718a2c9da7380b49-1024x1024.jpg | https://cdn.sanity.io/images/huh1e45n/production/f9831a81d0100c6f3e45ad79d5fe309b75bfa462-1280x1280.jpg | https://cdn.sanity.io/images/huh1e45n/production/769b0e6481539666070ef0ce8f71d05c422d8af8-1280x1280.jpg"
28.25,,NO — margin overstated,12.62,30.3,"Aosom","920-111V00BK",NOT PERMITTED — ask supplier,,4,"Computer Desk with Hutch Shelf, Black 80x50cm","<p>This Computer Desk combines a black finish with functional features like a cup holder and headphone hook. Made from robust particleboard and metal, it's perfect for home offices or studies, with a load capacity of 40 kg.</p><ul><li>Dimensions: 80 x 50 x 121.7 cm</li><li>Weight: 40kg</li><li>Colour: Black</li></ul><p>Free UK delivery. Sold by Kaiku.</p>",desks,FILL,1000,41.70,1,FixedPrice,GTC,Bourne End,SL8 5NF,14,"KK-DESK-COMPUTER-004",,,"Kaiku","Black","","","Modern",80,50,121.7,cm,40kg,"https://cdn.sanity.io/images/huh1e45n/production/ece5885956918fc6a28d077b1ac56cd3e27787af-2000x2000.jpg | https://cdn.sanity.io/images/huh1e45n/production/2a90f200aea940c3cefd255aba0c522c990b2cd8-800x800.jpg | https://cdn.sanity.io/images/huh1e45n/production/fda79fb2d71caf7c2106b373f80c77f7107b9fec-2000x2000.jpg | https://cdn.sanity.io/images/huh1e45n/production/2ae1ee54ec4873379844dfb33690b13d84521e1f-2000x2000.jpg"
40.30,,NO — margin overstated,17.62,29.9,"Premier Housewares","5506565",NOT PERMITTED — ask supplier,,6,"Arlo Large Wooden Black Ombre Planter 21x21cm","<p>The Arlo Large Wooden Black Ombre Planter is meticulously crafted from Paulownia wood, featuring a black ombre finish.</p><ul><li>Dimensions: 21 x 21 x 27 cm</li><li>Colour: Black</li></ul><p>Free UK delivery. Sold by Kaiku.</p>",planters,FILL,1000,59.00,1,FixedPrice,GTC,Bourne End,SL8 5NF,14,"KK-PLNT-ARLO-BLK-002",5018705986456,,"Kaiku","Black","","","Rustic",21,21,27,cm,,"https://cdn.sanity.io/images/huh1e45n/production/ccaf50a8b80989dcf43aab7bb0269ffdc86c36b4-799x1200.jpg | https://cdn.sanity.io/images/huh1e45n/production/97f92d2aaea51a7232bdadb1a6a5696b96374e43-799x1200.jpg | https://cdn.sanity.io/images/huh1e45n/production/aea0409c2c1a046eed1a7a9a39b8fb5129132569-799x1200.jpg | https://cdn.sanity.io/images/huh1e45n/production/16775a360cea88b92254530ef3f45fa55f349262-799x1200.jpg | https://cdn.sanity.io/images/huh1e45n/production/33d5bf82558caabd78c27c563187be61894d00b6-900x1200.jpg | https://cdn.sanity.io/images/huh1e45n/production/5e7981a63cb1f9175b3f071a195c8cc96a839d8f-899x1199.jpg"
42.38,,NO — margin overstated,18.49,29.8,"Premier Housewares","2502391",NOT PERMITTED — ask supplier,56,7,"Wyra Black Finish Frame Pendant light 30x30cm","<p>The Wyra Black Finish Frame Pendant Light exudes contemporary elegance with its geometric cage design crafted from 100% iron. This pendant light, measuring a height of 150 cm and a width and depth of 30 cm, fits naturally into modern interiors. Designed for indoor use, this pendant light delivers a black finish that adds both character and an urban touch to your home. With a height of 150 cm, it provides an adjustable drop that allows you to tailor its placement to suit your ceiling height. Complement this fixture with a suitable E27 bulb for a warm glow that will enhance any setting. Its subtly aesthetics and solid structure make it an ideal choice for contemporary spaces without compromising on functionality.</p><ul><li>Dimensions: 30 x 30 x 150 cm</li><li>Colour: Black</li></ul><p>Free UK delivery. Sold by Kaiku.</p>",lighting,FILL,1000,62.00,5,FixedPrice,GTC,Bourne End,SL8 5NF,14,"KK-LT-WYRA-003",5018705941141,,"Kaiku","Black","","","Modern",30,30,150,cm,,"https://cdn.sanity.io/images/huh1e45n/production/24e006dd3c3dccd82645b2b922512dc43fa3fe1b-799x1200.jpg | https://cdn.sanity.io/images/huh1e45n/production/cc50f3acba2882bd9025e73f07c84430d1aac166-799x1200.jpg | https://cdn.sanity.io/images/huh1e45n/production/0e3ec1ee43055ffaf7b2e49f454d8f7342995464-799x1200.jpg | https://cdn.sanity.io/images/huh1e45n/production/1e69092762e9c691aa6132bab9c159450e744875-799x1200.jpg | https://cdn.sanity.io/images/huh1e45n/production/94e9720e80cb706e4e848f0a7e882e97e9831754-799x1200.jpg | https://cdn.sanity.io/images/huh1e45n/production/43229806ec467642ea3364603fc53fd77e255ae3-799x1200.jpg | https://cdn.sanity.io/images/huh1e45n/production/ab5b2fc8e82e62134455e8158fbee8c767daf20b-799x1200.jpg"
50.02,,NO — margin overstated,21.68,29.7,"Premier Housewares","2502418",NOT PERMITTED — ask supplier,105,8,"Stockholm Chrome Adjustable Floor Lamp 64x23cm","<p>Crafted from iron, plastic, and rubberwood, the Stockholm Chrome Adjustable Floor Lamp features a chrome finish that complements various decor styles. With a height of 155 cm and a diameter of 23 cm, it is designed to deliver focused lighting in any setting. This versatile lamp is mid-century inspired and boasts an adjustable arm and head, allowing you to direct light precisely where it's needed. Assembly is required upon delivery, ensuring you'll have a lighting feature in no time.</p><ul><li>Dimensions: 64 x 23 x 155 cm</li></ul><p>Free UK delivery. Sold by Kaiku.</p>",lighting,FILL,1000,73.00,5,FixedPrice,GTC,Bourne End,SL8 5NF,14,"KK-LT-STOCKHOLM-004",5018705949932,,"Kaiku","","","","Modern",64,23,155,cm,,"https://cdn.sanity.io/images/huh1e45n/production/d5a4325a9b71694908e2ab62378473aa54f829f1-1280x1280.jpg | https://cdn.sanity.io/images/huh1e45n/production/f03cdb3f670ed60bef2ae9fd959483c250fa930d-1280x1280.jpg | https://cdn.sanity.io/images/huh1e45n/production/6995249b7061b3945b18ec1afeed228ab2beba07-900x1200.jpg | https://cdn.sanity.io/images/huh1e45n/production/d38caf2b2e0699a5e78e5e6686b91f3d792d26c9-1280x1280.jpg | https://cdn.sanity.io/images/huh1e45n/production/5c4b9df1c39940b762ca5869f958295e2076f6af-1280x1280.jpg | https://cdn.sanity.io/images/huh1e45n/production/518eef3694e8457b64b07ca16693e8940a111995-1280x1280.jpg | https://cdn.sanity.io/images/huh1e45n/production/1a67ffa483dc24726af18c02c619ef60f0dfc31b-1280x1280.jpg | https://cdn.sanity.io/images/huh1e45n/production/93515647fb0b36c250994847202b58c31ed18c2d-1280x1280.jpg"
19.81,,NO — margin overstated,8.56,29.5,"Premier Housewares","5506195",NOT PERMITTED — ask supplier,,6,"Stoneware Yana Large Cream Textured Ceramic Planter 20x20cm","<p>A textured stoneware planter in cream, 20cm across and 17cm tall. Wipe clean with a soft, dry cloth. Indoor use.</p><ul><li>Dimensions: 20 x 20 x 17 cm</li><li>Material: Stoneware</li><li>Colour: Cream</li></ul><p>Free UK delivery. Sold by Kaiku.</p>",planters,FILL,1000,29.00,1,FixedPrice,GTC,Bourne End,SL8 5NF,14,"KK-PLNT-YANA-CRM-002",5018705953465,,"Kaiku","Cream","Stoneware","","Organic",20,20,17,cm,,"https://cdn.sanity.io/images/huh1e45n/production/ebefc36b727fc70bcef78f65b1da5b473afb84a0-1280x1280.jpg | https://cdn.sanity.io/images/huh1e45n/production/c3e3684eb0b189867d660c6068852608b844915e-1280x1280.jpg | https://cdn.sanity.io/images/huh1e45n/production/1495556dcadd39f4387c4a8e7f73cc6bad43f0ca-1280x1280.jpg | https://cdn.sanity.io/images/huh1e45n/production/f7cb5a0cf0843475e8081a9c6b5a727c113d3b1e-899x1199.jpg | https://cdn.sanity.io/images/huh1e45n/production/1cdeaa4d4b07a05708aa226eda64c67960b6a0f8-899x1199.jpg | https://cdn.sanity.io/images/huh1e45n/production/4aa6fb046b9326e784d7193d1227693dbe4feb89-1280x1280.jpg"
54.82,,NO — margin overstated,22.79,28.9,"Aosom","845-127V00GY",NOT PERMITTED — ask supplier,,4,"Raised Wooden Planter with Climbing Trellis, Grey 73x32cm","<p>This grey fir wood planter features a trellis. Perfect for both indoor and outdoor use, it combines practicality with decorative appeal.</p><ul><li>Dimensions: 72.5 x 31.5 x 149.5 cm</li><li>Weight: 25kg</li><li>Colour: Grey</li></ul><p>Free UK delivery. Sold by Kaiku.</p>",planters,FILL,1000,79.00,1,FixedPrice,GTC,Bourne End,SL8 5NF,3,"KK-PLNT-RAISED-001",,,"Kaiku","Grey","","","Garden",72.5,31.5,149.5,cm,25kg,"https://cdn.sanity.io/images/huh1e45n/production/ac5e9d6f156bf6fda96b182dd88643bf1c6467a5-2000x2000.jpg | https://cdn.sanity.io/images/huh1e45n/production/164a86dc7bf37c530dfb258cb0309d2736566c30-800x800.jpg | https://cdn.sanity.io/images/huh1e45n/production/ef03386d0cf12ab25b2248da14b1ae010b82f515-2000x2000.jpg | https://cdn.sanity.io/images/huh1e45n/production/a19fd037b3c2eb66e37c46f1914c385096bce72a-2000x2000.jpg"
15.82,,NO — margin overstated,6.63,28.8,"Premier Housewares","5506183",NOT PERMITTED — ask supplier,,6,"Natural Kiso Black Large Stoneware Planter 15x15cm","<p>A stoneware planter with a matte black finish, 15 x 15 x 15cm. Shipped weight 10kg. Not dishwasher safe and not for use on any hob.</p><ul><li>Dimensions: 15 x 15 x 15 cm</li><li>Material: Stoneware</li><li>Colour: Natural</li></ul><p>Free UK delivery. Sold by Kaiku.</p>",planters,FILL,1000,23.00,1,FixedPrice,GTC,Bourne End,SL8 5NF,14,"KK-PLNT-KISO-NAT-002",5018705953304,,"Kaiku","Natural","Stoneware","","Modern",15,15,15,cm,,"https://cdn.sanity.io/images/huh1e45n/production/6192dd1203c82711d8bdd3a394f2d90a204182ce-1200x1200.jpg | https://cdn.sanity.io/images/huh1e45n/production/ebe8a5c012673df7b51e7cee17e149aa06597476-1200x1200.jpg | https://cdn.sanity.io/images/huh1e45n/production/6e894f644264c131208d67ac4100d224fffdf14e-1200x1200.jpg | https://cdn.sanity.io/images/huh1e45n/production/1dd9a49c4b99f72f6d9085b050edb3b7ac060458-799x1200.jpg | https://cdn.sanity.io/images/huh1e45n/production/547c2994ad2aab019b0902dd15f759dc9fcd3bf2-799x1200.jpg | https://cdn.sanity.io/images/huh1e45n/production/28023775dd0127a1d675debb6b8b9da74744f8ff-899x1199.jpg"
16.54,,NO — margin overstated,6.90,28.8,"Premier Housewares","5535031",NOT PERMITTED — ask supplier,,8,"Allegra Brown Glass Bathroom Tumbler 8x8cm","<p>The Allegra Brown Glass Bathroom Tumbler, crafted from 90% glass and 10% stainless steel, combines style and functionality. Measuring 8 × 8 × 13 cm, it's perfect for holding bathroom essentials while enhancing your decor.</p><ul><li>Contemporary design</li><li>Robust glass construction</li><li>Easy to clean</li></ul><ul><li>Dimensions: 8 x 8 x 13 cm</li><li>Material: Glass</li><li>Colour: Brown</li></ul><p>Free UK delivery. Sold by Kaiku.</p>",bathroom-accessories,FILL,1000,24.00,1,FixedPrice,GTC,Bourne End,SL8 5NF,14,"KK-BATA-ALLEGRA-012",5018705950686,,"Kaiku","Brown","Glass","","Modern",8,8,13,cm,,"https://cdn.sanity.io/images/huh1e45n/production/86971d138ae0ba6386709f6b21c871c24ef12a5e-1280x1280.jpg | https://cdn.sanity.io/images/huh1e45n/production/4e50ee56bfc0083d45b7e94eb96b99d5093f3dae-1280x1280.jpg | https://cdn.sanity.io/images/huh1e45n/production/db69ea76cb9a452ebe4a8e75204b054fc15f4fce-1280x1280.jpg | https://cdn.sanity.io/images/huh1e45n/production/3513765cdfdc09a7b9e3de6419bfc629a7bc7b46-1280x1280.jpg | https://cdn.sanity.io/images/huh1e45n/production/76f21fea3bf41e09cd83c5ea1276bc8398e91776-1280x1280.jpg | https://cdn.sanity.io/images/huh1e45n/production/3721ffd65213729e500a24ae41637044172101e3-1280x1280.jpg | https://cdn.sanity.io/images/huh1e45n/production/71a6f4b29a4b9b445070bcd6dbadc61a7074ef8f-1280x1280.jpg | https://cdn.sanity.io/images/huh1e45n/production/a12282c367b73091d735d20f22e1e63a1e71dbad-1280x1280.jpg"
34.06,,NO — margin overstated,14.00,28.6,"Premier Housewares","5506564",NOT PERMITTED — ask supplier,,6,"Arlo Large Natural Wooden Planter 21x21cm","<p>The Arlo Large Natural Wooden Planter, crafted from Paulownia wood, exemplifies rustic charm in your home or garden. Its handcrafted finish offers a unique touch, making it suitable for decorative use.</p><ul><li>Dimensions: 21 x 21 x 27 cm</li><li>Colour: Natural</li></ul><p>Free UK delivery. Sold by Kaiku.</p>",planters,FILL,1000,49.00,1,FixedPrice,GTC,Bourne End,SL8 5NF,14,"KK-PLNT-ARLO-NAT-004",5018705986449,,"Kaiku","Natural","","","Rustic",21,21,27,cm,,"https://cdn.sanity.io/images/huh1e45n/production/6c8e9394267ddf05c0d097d3c1fa11fac7d52dbf-799x1200.jpg | https://cdn.sanity.io/images/huh1e45n/production/0a78785c88e8bb67712fb24b6c4c3585b8882076-799x1200.jpg | https://cdn.sanity.io/images/huh1e45n/production/5650c1a6161eb5f3bf92db74df270aa2670902df-900x1200.jpg | https://cdn.sanity.io/images/huh1e45n/production/3c67027d0ee6ee9e6f6e67bd4270dc75dc0d2452-900x1200.jpg | https://cdn.sanity.io/images/huh1e45n/production/d433d301cf411fdbc2a0f68c35c47c7052962df5-799x1200.jpg | https://cdn.sanity.io/images/huh1e45n/production/f5d884073aa1c31738077438b169db168cd228aa-799x1200.jpg"
29.17,,NO — margin overstated,12.00,28.6,"Premier Housewares","5506563",NOT PERMITTED — ask supplier,,6,"Arlo Small Wooden Black Ombre Planter 18x18cm","<p>The Arlo Small Wooden Black Ombre Planter, made of Paulownia wood, merges functionality with design, perfect for both indoor and outdoor displays.</p><ul><li>Dimensions: 18 x 18 x 22 cm</li><li>Colour: Black</li></ul><p>Free UK delivery. Sold by Kaiku.</p>",planters,FILL,1000,42.00,1,FixedPrice,GTC,Bourne End,SL8 5NF,14,"KK-PLNT-ARLO-BLK-001",5018705986432,,"Kaiku","Black","","","Modern",18,18,22,cm,,"https://cdn.sanity.io/images/huh1e45n/production/2c2eb7f31a6e20a840f26e2aa6d6fdbf3c892753-799x1200.jpg | https://cdn.sanity.io/images/huh1e45n/production/7c9399581304cdd4c35cfd16f838f2ab9e889dfe-799x1200.jpg | https://cdn.sanity.io/images/huh1e45n/production/0dcbee1d59636fa5357f7f9e378b8477f62d1291-1199x799.jpg | https://cdn.sanity.io/images/huh1e45n/production/d07b29ef18b9e45b7ad5a16d2a4ccd27368a39a1-1200x1200.jpg | https://cdn.sanity.io/images/huh1e45n/production/237c06481654372ab7c4c67102973136b68995fe-899x1199.jpg | https://cdn.sanity.io/images/huh1e45n/production/5e7981a63cb1f9175b3f071a195c8cc96a839d8f-899x1199.jpg"
41.76,8.39,yes,20.57,28.6,"Hill Interiors","20782",yes,,3,"White Ceramic Garda Glazed Gisela Vase 18x18cm","<p>A ceramic vase in white with a glossy glaze, 18 x 18cm at the base and 51cm tall, weighing 2.5kg.</p><ul><li>Dimensions: 18 x 18 x 51 cm</li><li>Weight: 2.5kg</li><li>Material: Ceramic</li><li>Colour: White</li></ul><p>Free UK delivery. Sold by Kaiku.</p>",vases,FILL,1000,72.00,1,FixedPrice,GTC,Bourne End,SL8 5NF,14,"KK-VASE-GARDA-WHT-001",5050140078280,,"Kaiku","White","Ceramic","","Contemporary",18,18,51,cm,2.5kg,"https://cdn.sanity.io/images/huh1e45n/production/a127f7f1c08cf17723e6dd03e5606a4748ba75f5-1600x1600.jpg | https://cdn.sanity.io/images/huh1e45n/production/b8f4e69a560709d4ef6ab20d16b0736465ee0530-1600x1600.jpg | https://cdn.sanity.io/images/huh1e45n/production/510e1670b177d89dbe7c8a5b52e3c6d41028cb28-1600x1600.jpg"
41.76,8.39,yes,20.57,28.6,"Hill Interiors","21499",yes,100,5,"Grey Ceramic Marble Effect Ellipse Large Vase 23x23cm","<p>A ceramic vase in grey with a marble-effect finish, 23 x 23cm at the base and 36cm tall, weighing 2.18kg.</p><ul><li>Dimensions: 23 x 23 x 36 cm</li><li>Weight: 2.18kg</li><li>Material: Ceramic</li><li>Colour: Grey</li></ul><p>Free UK delivery. Sold by Kaiku.</p>",vases,FILL,1000,72.00,5,FixedPrice,GTC,Bourne End,SL8 5NF,14,"KK-VASE-MARBLE-GRY-001",5050140149980,,"Kaiku","Grey","Ceramic","","Contemporary",23,23,36,cm,2.18kg,"https://cdn.sanity.io/images/huh1e45n/production/11aa1a29150338ba1af453547cd0272e49e8f4f7-1600x1600.jpg | https://cdn.sanity.io/images/huh1e45n/production/1eaefc033689fe564972106009d7fed0ef34def5-1600x1600.jpg | https://cdn.sanity.io/images/huh1e45n/production/f123df01b0b4fffeac2efab1b4b49b63944594d0-1600x1600.jpg | https://cdn.sanity.io/images/huh1e45n/production/056ddec1879540f3de1fb74218ce2af6fbac9d3b-1600x1600.jpg | https://cdn.sanity.io/images/huh1e45n/production/a9ddf0dbd4c8e9ec282135cedb5664878d691c57-1600x1600.jpg"
41.76,8.39,yes,20.57,28.6,"Hill Interiors","21627",yes,,4,"Grey Metal Rothay Wall Clock 4x49cm","<p>A round battery-operated wall clock, 49cm across and 4cm deep, weighing 1.21kg. Indoor use.</p><ul><li>Dimensions: 4 x 49 x 49 cm</li><li>Weight: 1.21kg</li><li>Material: Metal</li><li>Colour: Grey</li></ul><p>Free UK delivery. Sold by Kaiku.</p>",wall-clocks,FILL,1000,72.00,1,FixedPrice,GTC,Bourne End,SL8 5NF,14,"KK-CLK-ROTHAY-GRY-002",5050140162781,,"Kaiku","Grey","Metal","","Contemporary",4,49,49,cm,1.21kg,"https://cdn.sanity.io/images/huh1e45n/production/d5e81f9e07978d0712c6ec0096d1c2cb8c7c8e04-1800x1800.jpg | https://cdn.sanity.io/images/huh1e45n/production/ccd37db94b335179b8c304f62b4e1f4a39799799-1800x1800.jpg | https://cdn.sanity.io/images/huh1e45n/production/3df134bc25b428f0a92f3af33a7700998716d107-1500x1500.jpg | https://cdn.sanity.io/images/huh1e45n/production/bed1087d0b6abe324e602fab20997d724460b81c-1600x1600.jpg"
41.76,8.39,yes,20.57,28.6,"Hill Interiors","21631",yes,,3,"Grey Metal Ashmount Wall Clock 4x49cm","<p>A wall clock in grey metal, 49cm across and 1.21kg.</p><ul><li>Dimensions: 4 x 49 x 49 cm</li><li>Weight: 1.21kg</li><li>Material: Metal</li><li>Colour: Grey</li></ul><p>Free UK delivery. Sold by Kaiku.</p>",wall-clocks,FILL,1000,72.00,1,FixedPrice,GTC,Bourne End,SL8 5NF,14,"KK-CLK-ASHMOUNT-GRY-002",5050140163184,,"Kaiku","Grey","Metal","","Contemporary",4,49,49,cm,1.21kg,"https://cdn.sanity.io/images/huh1e45n/production/5a05127738e96787fd5232a6855492f853cbc681-1500x1500.jpg | https://cdn.sanity.io/images/huh1e45n/production/1cb9b5ab65e1f1f70d933bf3943334d336fb487f-1500x1500.jpg | https://cdn.sanity.io/images/huh1e45n/production/af450c7c0e6581bd96e1f93b5cba742adff9f064-1500x1500.jpg"
41.76,8.39,yes,20.57,28.6,"Hill Interiors","21634",yes,,4,"White Metal Brandon Wall Clock 4x49cm","<p>A wall clock in white metal, 49cm across and 1.21kg.</p><ul><li>Dimensions: 4 x 49 x 49 cm</li><li>Weight: 1.21kg</li><li>Material: Metal</li><li>Colour: White</li></ul><p>Free UK delivery. Sold by Kaiku.</p>",wall-clocks,FILL,1000,72.00,1,FixedPrice,GTC,Bourne End,SL8 5NF,14,"KK-CLK-BRANDON-WHT-002",5050140163481,,"Kaiku","White","Metal","","Modern",4,49,49,cm,1.21kg,"https://cdn.sanity.io/images/huh1e45n/production/0160b17ecbf3b028444050311a981d3058c7e62f-1500x1500.jpg | https://cdn.sanity.io/images/huh1e45n/production/2372401e2f76aca693d930800f826c674d3afdd8-1500x1500.jpg | https://cdn.sanity.io/images/huh1e45n/production/727779f6d8f8a125af0e40f0e58dc3ebf98b4c53-1500x1500.jpg | https://cdn.sanity.io/images/huh1e45n/production/19ad61b8d6a76b4f581efed023cd751cecb1c6e4-1500x1500.jpg"
41.76,8.39,yes,20.57,28.6,"Hill Interiors","21761",yes,,4,"Ceramic Garda Grey Glazed Gisela Vase 17x17cm","<p>A tall ceramic vase in grey with a glazed finish, 17 x 17 x 57cm and 3.2kg.</p><ul><li>Dimensions: 17 x 17 x 57 cm</li><li>Weight: 3.2kg</li><li>Material: Ceramic</li><li>Colour: Grey</li></ul><p>Free UK delivery. Sold by Kaiku.</p>",vases,FILL,1000,72.00,1,FixedPrice,GTC,Bourne End,SL8 5NF,14,"KK-VASE-GARDA-GRY-001",5050140176184,,"Kaiku","Grey","Ceramic","","Modern",17,17,57,cm,3.2kg,"https://cdn.sanity.io/images/huh1e45n/production/d0f806aef5ba927c9f71afca7856783e5d4f39e3-1600x1600.jpg | https://cdn.sanity.io/images/huh1e45n/production/48d48f32c6e73b23f5a7c89d1e81ba1995bfb1f2-1600x1600.jpg | https://cdn.sanity.io/images/huh1e45n/production/bc0da39537eb7c2b255256cf540cf695a45c092f-1600x1600.jpg | https://cdn.sanity.io/images/huh1e45n/production/84ebd975245c265e9fdc997a4e28c1a17d7e6cda-1600x1600.jpg"
34.80,8.39,yes,17.68,28.5,"Hill Interiors","24621",yes,70,5,"Tarn Large Pot with Handles 32x27cm","<p>A large white ceramic pot with two integrated handles, 32 x 27 x 26cm and 4.9kg. Watertight, so it takes fresh flowers as well as dried. Indoor use only. Flowers not included.</p><ul><li>Dimensions: 32 x 27 x 26 cm</li><li>Weight: 4.91kg</li></ul><p>Free UK delivery. Sold by Kaiku.</p>",planters,FILL,1000,62.00,5,FixedPrice,GTC,Bourne End,SL8 5NF,3,"KK-PLNT-TARN-001",5050140462188,,"Kaiku","","","","",32,27,26,cm,4.91kg,"https://cdn.sanity.io/images/huh1e45n/production/c40abad45672080ffbd8aa7f6ff4441172c62126-1600x1600.jpg | https://cdn.sanity.io/images/huh1e45n/production/1bbdc3271c9884880a8f820c90d71cd9c831e99f-1600x1600.jpg | https://cdn.sanity.io/images/huh1e45n/production/c4678b10fc43475d2dbe6f87a9a7887ee45969b6-1600x1600.jpg | https://cdn.sanity.io/images/huh1e45n/production/b56c9dac19176fcc4cf93b296a61effa6f7946d2-1600x1600.jpg | https://cdn.sanity.io/images/huh1e45n/production/961f6870598525824d6dfb0ee650c38ccdf5d97e-1600x1600.jpg"
55.38,,NO — margin overstated,22.23,28.1,"Aosom","B31-300",NOT PERMITTED — ask supplier,,4,"Eight-Light Crystal Pendant Chandelier, Silver 50x50cm","<p>An eight-light crystal chandelier in steel and crystal with a silver-tone finish, 50cm across and 16cm deep. It takes eight G9 bulbs up to 40W each, hard-wires at 230V and weighs 6kg.</p><ul><li>Dimensions: 50 x 50 x 16 cm</li><li>Weight: 6kg</li><li>Colour: Silver</li></ul><p>Free UK delivery. Sold by Kaiku.</p>",lighting,FILL,1000,79.00,1,FixedPrice,GTC,Bourne End,SL8 5NF,3,"KK-LT-EIGHT-001",,,"Kaiku","Silver","","","Modern",50,50,16,cm,6kg,"https://cdn.sanity.io/images/huh1e45n/production/cb7895c5b2506a81bd6a110617087c52d15057a5-2000x2000.jpg | https://cdn.sanity.io/images/huh1e45n/production/9cd9363be126a4052a110ea50b6c826fb6cb7df4-800x800.jpg | https://cdn.sanity.io/images/huh1e45n/production/6dcb34ae61c569e1937ff0c296c93c042ab2f2a7-2000x2000.jpg | https://cdn.sanity.io/images/huh1e45n/production/0d3d9a5a790cd4770d1e8161dd80ccba0606c184-2000x2000.jpg"
43.48,,NO — margin overstated,17.39,28.0,"Premier Housewares","2502389",NOT PERMITTED — ask supplier,97,6,"Wyra Champagne Gold Frame Pendant light 30x30cm","<p>An open iron cage pendant in a champagne gold finish, 30cm across with a 150cm drop and 1.8kg. Takes one E27 bulb up to 60W, not included.</p><ul><li>Dimensions: 30 x 30 x 150 cm</li><li>Colour: Gold</li></ul><p>Free UK delivery. Sold by Kaiku.</p>",lighting,FILL,1000,62.00,5,FixedPrice,GTC,Bourne End,SL8 5NF,14,"KK-LT-WYRA-001",5018705941127,,"Kaiku","Gold","","","Modern",30,30,150,cm,,"https://cdn.sanity.io/images/huh1e45n/production/015f2a7a8fae7acdd909ab79a7f3e5c75733b6dc-799x1200.jpg | https://cdn.sanity.io/images/huh1e45n/production/c2a69f345a84c06636f10a76c3334dc914210042-799x1200.jpg | https://cdn.sanity.io/images/huh1e45n/production/5ecf844649066952f8049d65223f0231cea62625-799x1200.jpg | https://cdn.sanity.io/images/huh1e45n/production/7be14a5ce0a41a9853a20ab123ba3d758dbc4bdc-799x1200.jpg | https://cdn.sanity.io/images/huh1e45n/production/f4c77510b2f434405687e1b92f192b75d5c91579-799x1200.jpg | https://cdn.sanity.io/images/huh1e45n/production/37897754b59e4e7d554418ff72dca733defcd970-799x1200.jpg"
43.48,,NO — margin overstated,17.39,28.0,"Premier Housewares","2502390",NOT PERMITTED — ask supplier,99,7,"Wyra Chrome Gold Frame Pendant light 30x30cm","<p>The Wyra Chrome Gold Frame Pendant Light features a chrome finish and a geometric iron frame, providing a modern aesthetic that enhances any home decor. Measuring 30 cm in diameter and 150 cm in height, this pendant light is designed to create a play of light and shadow. With its assembled design, it simplifies installation while adding elegance to your space.</p><ul><li>Dimensions: 30 x 30 x 150 cm</li><li>Colour: Gold</li></ul><p>Free UK delivery. Sold by Kaiku.</p>",lighting,FILL,1000,62.00,5,FixedPrice,GTC,Bourne End,SL8 5NF,14,"KK-LT-WYRA-002",5018705941134,,"Kaiku","Gold","","","Modern",30,30,150,cm,,"https://cdn.sanity.io/images/huh1e45n/production/44c6a362cf95652d6d8edb4dfac21a015bccabd1-799x1200.jpg | https://cdn.sanity.io/images/huh1e45n/production/5fc17a48934fda2fdfc84c1d6e633f9ad8d43bb8-799x1200.jpg | https://cdn.sanity.io/images/huh1e45n/production/93080fdf3583798faaef2f2d7610d167e38805e5-799x1200.jpg | https://cdn.sanity.io/images/huh1e45n/production/8cd66b0cd436fe879f2b4eda26c41217c89dbb7b-799x1200.jpg | https://cdn.sanity.io/images/huh1e45n/production/55a907d00ba4d5792ff708ebb3edc7290aa7f8ed-1200x1200.jpg | https://cdn.sanity.io/images/huh1e45n/production/b528b62ac68b7b450369e5d49ee69df2949e270c-799x1200.jpg | https://cdn.sanity.io/images/huh1e45n/production/2c6b699f596f5b3ad0373c451c3b6d64a7bfffb0-799x1200.jpg"
18.13,,NO — margin overstated,7.28,28.0,"Premier Housewares","1411435",NOT PERMITTED — ask supplier,,6,"Grey Zircon Small Ceramic Planter 15x15cm","<p>The Zircon Small Ceramic Planter is a beautifully crafted piece made from 92% clay and 8% glaze, adding an organic charm to any room. Its geometric design in grey enhances the aesthetic of your plants without overpowering them.</p><ul><li>Dimensions: 15 x 15 x 17 cm</li><li>Material: Ceramic</li><li>Colour: Grey</li></ul><p>Free UK delivery. Sold by Kaiku.</p>",planters,FILL,1000,26.00,1,FixedPrice,GTC,Bourne End,SL8 5NF,14,"KK-PLNT-ZIRCON-GRY-001",5018705408163,,"Kaiku","Grey","Ceramic","","Modern",15,15,17,cm,,"https://cdn.sanity.io/images/huh1e45n/production/3bd0a889cdf4e49078b7aca82cd8b9694c6fee38-1280x1280.jpg | https://cdn.sanity.io/images/huh1e45n/production/46ab438b11a72914f3332fcb0d557fd67fd3ee4a-1280x1280.jpg | https://cdn.sanity.io/images/huh1e45n/production/3e6766ab6f88b099fb406f0540f0191fc7523a4a-1280x1280.jpg | https://cdn.sanity.io/images/huh1e45n/production/cf9ed287bf7d6c64bbaaa6c61a2ad6f57d6a08b2-1280x1280.jpg | https://cdn.sanity.io/images/huh1e45n/production/324ef3020944f9a11e88025486b59dba422fd71e-1280x1280.jpg | https://cdn.sanity.io/images/huh1e45n/production/38bc48905d1ccb8368b35ffa360208f8d6554866-900x1200.jpg"
18.13,,NO — margin overstated,7.28,28.0,"Premier Housewares","5506450",NOT PERMITTED — ask supplier,,6,"Ceramic Jada Large Planter 16x16cm","<p>A planter in ceramic and glaze, 16 x 16 x 16cm and 6.6kg.</p><ul><li>Dimensions: 16 x 16 x 16 cm</li><li>Material: Ceramic</li></ul><p>Free UK delivery. Sold by Kaiku.</p>",planters,FILL,1000,26.00,1,FixedPrice,GTC,Bourne End,SL8 5NF,14,"KK-PLNT-JADA-001",5018705979823,,"Kaiku","","Ceramic","","Modern",16,16,16,cm,,"https://cdn.sanity.io/images/huh1e45n/production/590f158834460e7bc6b9f35c2c042641fb04188c-1200x1200.jpg | https://cdn.sanity.io/images/huh1e45n/production/e20649e997094ba665cd8dab5e891876e5f651ba-1200x1200.jpg | https://cdn.sanity.io/images/huh1e45n/production/5a79ffe4173e5890f476216e5d2fddd3e609c380-800x1200.jpg | https://cdn.sanity.io/images/huh1e45n/production/d89cea0dd75d073dd505c56ee821697bbe4b254c-800x1200.jpg | https://cdn.sanity.io/images/huh1e45n/production/e248784b319217d146de31f893e1ee5855add6a4-1200x1200.jpg | https://cdn.sanity.io/images/huh1e45n/production/cd49a69021eed9fab22044555410402f8236a136-900x1200.jpg"
62.56,,NO — margin overstated,24.90,28.0,"Premier Housewares","2406740",NOT PERMITTED — ask supplier,,1,"Depok Rattan Side Table With Metal Legs 50x50cm","<p>A side table in natural rattan, MDF and iron, 50 x 50 x 55cm. Rated to 20kg.</p><ul><li>Dimensions: 50 x 50 x 55 cm</li><li>Material: Rattan</li></ul><p>Free UK delivery. Sold by Kaiku.</p>",garden-furniture,FILL,1000,89.00,1,FixedPrice,GTC,Bourne End,SL8 5NF,14,"KK-GARF-DEPOK-002",5018705970561,,"Kaiku","","Rattan","","Modern",50,50,55,cm,,"https://cdn.sanity.io/images/huh1e45n/production/c5a5cf6a2f4a089a8361714265d3afa1116e5f43-500x500.jpg"
20.25,,NO — margin overstated,8.12,28.0,"Premier Housewares","5535028",NOT PERMITTED — ask supplier,,8,"Allegra Brown Glass Soap Dispenser 7x7cm","<p>The Allegra Brown Glass Soap Dispenser features a robust glass design complemented by stainless steel, with a capacity of 300ml and dimensions of 7 × 7 × 22 cm.</p><ul><li>Robust glass design</li><li>300ml capacity</li><li>Easy refill mechanism</li></ul><ul><li>Dimensions: 7 x 7 x 22 cm</li><li>Material: Glass</li><li>Colour: Brown</li></ul><p>Free UK delivery. Sold by Kaiku.</p>",bathroom-accessories,FILL,1000,29.00,1,FixedPrice,GTC,Bourne End,SL8 5NF,14,"KK-BATA-ALLEGRA-009",5018705950631,,"Kaiku","Brown","Glass","","Modern",7,7,22,cm,,"https://cdn.sanity.io/images/huh1e45n/production/6db0857058413e6d68651ee15707fd039c19b34c-1280x1280.jpg | https://cdn.sanity.io/images/huh1e45n/production/7f60f8ccfb2a64a7cf2a231eb73d0f4cdf7b080d-1280x1280.jpg | https://cdn.sanity.io/images/huh1e45n/production/ffc1f7b40bca23b16926e0ed3805909604926da6-1280x1280.jpg | https://cdn.sanity.io/images/huh1e45n/production/df2ec18b84048e275e59d2bfd90e128e55919f41-1280x1280.jpg | https://cdn.sanity.io/images/huh1e45n/production/3513765cdfdc09a7b9e3de6419bfc629a7bc7b46-1280x1280.jpg | https://cdn.sanity.io/images/huh1e45n/production/c9940f1b831bee42d9b2197f88f96eb24ea43652-1280x1280.jpg | https://cdn.sanity.io/images/huh1e45n/production/db69ea76cb9a452ebe4a8e75204b054fc15f4fce-1280x1280.jpg | https://cdn.sanity.io/images/huh1e45n/production/85477546ae6188ad5a415be9cc6056cabf157838-1280x1280.jpg"
41.47,,NO — margin overstated,16.45,27.9,"Aosom","920-100V70GG",NOT PERMITTED — ask supplier,,4,"LED Computer Desk with Power Outlets, Carbon Fibre Grey 120x50cm","<p>This LED Computer Desk features durable particleboard and steel construction, offering a spacious work surface with RGB lighting and built-in power outlets.</p><ul><li>Dimensions: 120 x 50 x 89.5 cm</li><li>Weight: 60kg</li><li>Colour: Grey</li></ul><p>Free UK delivery. Sold by Kaiku.</p>",desks,FILL,1000,59.00,1,FixedPrice,GTC,Bourne End,SL8 5NF,14,"KK-DESK-LED-001",,,"Kaiku","Grey","","","Industrial",120,50,89.5,cm,60kg,"https://cdn.sanity.io/images/huh1e45n/production/d6185147eb2b3bb0cad403721e2799a4c8eebf17-2000x2000.jpg | https://cdn.sanity.io/images/huh1e45n/production/94204b91b67a7518496889da9cf883c0d5ff6b04-800x800.jpg | https://cdn.sanity.io/images/huh1e45n/production/ab7498c94af19c5a8862d890868e001fb0961c39-2000x2000.jpg | https://cdn.sanity.io/images/huh1e45n/production/e746d8117e9b6b6a55f3bbee21ba994b67128e2a-2000x2000.jpg"
7.66,8.39,yes,6.40,27.8,"Hill Interiors","22094",yes,,4,"Eucalyptus Plant In Stone Effect Pot 19x19cm","<p>An artificial eucalyptus with silvery green foliage, supplied in a stone-effect pot. 19 x 19 x 23cm and 0.23kg, with no assembly needed.</p><ul><li>Dimensions: 19 x 19 x 23 cm</li><li>Weight: 0.23kg</li><li>Material: Stone</li></ul><p>Free UK delivery. Sold by Kaiku.</p>",planters,FILL,1000,23.00,1,FixedPrice,GTC,Bourne End,SL8 5NF,14,"KK-PLNT-EUCALYPTUS-001",5050140209486,,"Kaiku","","Stone","","",19,19,23,cm,0.23kg,"https://cdn.sanity.io/images/huh1e45n/production/b0a4e3c2e54763da08e766c3ae966e75f5e6577f-1600x1600.jpg | https://cdn.sanity.io/images/huh1e45n/production/ad3f39f5c7e59150f663c5deb205acec16c8bc0b-1600x1600.jpg | https://cdn.sanity.io/images/huh1e45n/production/af422f889f401d2b421686df467d88d159e22324-1600x1600.jpg | https://cdn.sanity.io/images/huh1e45n/production/f7f323715f7f76655192057741b0934879fd9fca-1800x1800.jpg"
45.02,,NO — margin overstated,17.82,27.8,"Premier Housewares","2502314",NOT PERMITTED — ask supplier,,1,"Large Leni Black And Gold Pendant Light 39x39cm","<p>A pendant light in iron, 39 x 39 x 168cm. 1.64kg shipped. Arrives assembled.</p><ul><li>Dimensions: 39 x 39 x 168 cm</li><li>Colour: Black</li></ul><p>Free UK delivery. Sold by Kaiku.</p>",lighting,FILL,1000,64.00,1,FixedPrice,GTC,Bourne End,SL8 5NF,14,"KK-LT-LENI-001",5018705478364,,"Kaiku","Black","","","Vintage",39,39,168,cm,,"https://cdn.sanity.io/images/huh1e45n/production/445986c2ca2fa0786156c89f3a724ced144d3ede-500x500.jpg"
48.72,8.39,yes,22.48,27.7,"Hill Interiors","19417",yes,,6,"Aged Stone Ceramic Vase 29x29cm","<p>A ceramic vase with an aged stone-effect finish in a neutral tone, 29 x 29cm at the base and 30cm tall, weighing 7kg.</p><ul><li>Dimensions: 29 x 29 x 30 cm</li><li>Weight: 7kg</li><li>Material: Ceramic</li></ul><p>Free UK delivery. Sold by Kaiku.</p>",vases,FILL,1000,81.00,1,FixedPrice,GTC,Bourne End,SL8 5NF,14,"KK-VASE-AGED-001",5050140941799,,"Kaiku","","Ceramic","","Modern",29,29,30,cm,7kg,"https://cdn.sanity.io/images/huh1e45n/production/ca0ccaff2d38f64bee2c1d1175466953e4c42cd7-1800x1800.jpg | https://cdn.sanity.io/images/huh1e45n/production/e2ff6d4549435f81ea8fa9cd5fdaf5dc82e5f043-1800x1800.jpg | https://cdn.sanity.io/images/huh1e45n/production/8fa8f349557140e4e9fe077cfd0e829033f8441f-1800x1800.jpg | https://cdn.sanity.io/images/huh1e45n/production/df1ecc79a34fde7f2de39e7ad44fafa9fb8e5a9d-1800x1800.jpg | https://cdn.sanity.io/images/huh1e45n/production/b962946937e5861a09a85cab9105bb6659fd62e6-1800x1800.jpg | https://cdn.sanity.io/images/huh1e45n/production/17c6a02daf37fe9844be823daf4468e185730c64-1800x1800.jpg"
48.72,8.39,yes,22.48,27.7,"Hill Interiors","24505",yes,,6,"Wood Mistora Hand Painted Canvas In Frame 3x80cm","<p>A hand-painted canvas in a wood frame, 80 x 80 x 3cm and 2.6kg.</p><ul><li>Dimensions: 3 x 80 x 80 cm</li><li>Weight: 2.6kg</li><li>Material: Wood</li></ul><p>Free UK delivery. Sold by Kaiku.</p>",wall-art,FILL,1000,81.00,1,FixedPrice,GTC,Bourne End,SL8 5NF,14,"KK-ART-MISTORA-001",5050140450581,,"Kaiku","","Wood","","Artistic",3,80,80,cm,2.6kg,"https://cdn.sanity.io/images/huh1e45n/production/dfff3a4ff348d8644cc92228d60ec1b2a20496be-1600x1600.jpg | https://cdn.sanity.io/images/huh1e45n/production/a0c40ea2a17dbcc05e8596e8f5a24874ed190d0b-1600x1600.jpg | https://cdn.sanity.io/images/huh1e45n/production/0d5fbe22d35ee3099d5a8bef5f106179e81650bd-1600x1600.jpg | https://cdn.sanity.io/images/huh1e45n/production/42ba48cdf43aff0c25b51f6206e6bd6de8e102f5-1600x1600.jpg | https://cdn.sanity.io/images/huh1e45n/production/d16bb5a5e85985faa58bd1ce968b1ec2fb29d818-1600x1600.jpg | https://cdn.sanity.io/images/huh1e45n/production/9d96903786963ef71cff8a732ff780ba3b152070-1600x1600.jpg"
48.72,8.39,yes,22.48,27.7,"Hill Interiors","24506",yes,,5,"Wood Silvra Hand Painted Canvas In Frame 3x80cm","<p>A hand-painted canvas in a wood frame, 80 x 80 x 3cm and 2.6kg.</p><ul><li>Dimensions: 3 x 80 x 80 cm</li><li>Weight: 2.6kg</li><li>Material: Wood</li></ul><p>Free UK delivery. Sold by Kaiku.</p>",wall-art,FILL,1000,81.00,1,FixedPrice,GTC,Bourne End,SL8 5NF,14,"KK-ART-SILVRA-001",5050140450680,,"Kaiku","","Wood","","Contemporary",3,80,80,cm,2.6kg,"https://cdn.sanity.io/images/huh1e45n/production/e51a8f7172f168e864063f71fc03a03eadc462be-1600x1600.jpg | https://cdn.sanity.io/images/huh1e45n/production/4332354bb56c718b9dfba100640603d26305ec47-1600x1600.jpg | https://cdn.sanity.io/images/huh1e45n/production/9c67de6dc7925e5b4d76f9376c533c74db993041-1600x1600.jpg | https://cdn.sanity.io/images/huh1e45n/production/e4c84624cd05eaa62f7b0070f9141f5cfb7394f7-1600x1600.jpg | https://cdn.sanity.io/images/huh1e45n/production/4e493b8f083cdb6e47aed9e19e25ca48cc3d6504-1600x1600.jpg"
48.72,8.39,yes,22.48,27.7,"Hill Interiors","20695",yes,280,3,"Resin Antique Gold Marching Hares Lamp With Green Velvet Shade 28x28cm","<p>A table lamp with a sculpted marching-hares base in resin with an antique gold finish, under a green velvet shade. 28 x 28 x 48cm, 1.1kg. Takes an E27 bulb, not included. Indoor use only.</p><ul><li>Dimensions: 28 x 28 x 48 cm</li><li>Weight: 1.1kg</li><li>Material: Resin</li><li>Colour: Gold</li></ul><p>Free UK delivery. Sold by Kaiku.</p>",lighting,FILL,1000,81.00,5,FixedPrice,GTC,Bourne End,SL8 5NF,3,"KK-LT-ANTIQUE-GLD-002",5050140069585,,"Kaiku","Gold","Resin","","",28,28,48,cm,1.1kg,"https://cdn.sanity.io/images/huh1e45n/production/75c4513fd5f7d8e76bdb2b43498271b678e3b93f-1600x1600.jpg | https://cdn.sanity.io/images/huh1e45n/production/02791e25adca671ebf3213edd514c95949fd0bbf-1600x1600.jpg | https://cdn.sanity.io/images/huh1e45n/production/3e2362f445a1174f7e0fb2e1d69dc725b5fc10ca-1600x1600.jpg"
38.98,8.39,yes,18.43,27.5,"Hill Interiors","24479",yes,,5,"White Ceramic Sona Large Hurricane Lantern With Lid 21x21cm","<p>A ceramic and glass hurricane lantern with a lid, in white, 21 x 21 x 50cm and 2.7kg.</p><ul><li>Dimensions: 21 x 21 x 50 cm</li><li>Weight: 2.7kg</li><li>Material: Ceramic, Glass</li><li>Colour: White</li></ul><p>Free UK delivery. Sold by Kaiku.</p>",candles-and-lanterns,FILL,1000,67.00,1,FixedPrice,GTC,Bourne End,SL8 5NF,14,"KK-CAND-SONA-WHT-001",5050140447987,,"Kaiku","White","Ceramic","","Elegant",21,21,50,cm,2.7kg,"https://cdn.sanity.io/images/huh1e45n/production/b20146136be09417222d7832a8976d2f67698a40-1600x1600.jpg | https://cdn.sanity.io/images/huh1e45n/production/d99258deee893832458d319b29ad1ec898cfb69e-1600x1600.jpg | https://cdn.sanity.io/images/huh1e45n/production/02826691a0262c7cf48a58ff1baf3a43c07bdc81-1600x1600.jpg | https://cdn.sanity.io/images/huh1e45n/production/cacbf6c22b64d52a88d9f9e2a3a97470ca5245fa-1600x1600.jpg | https://cdn.sanity.io/images/huh1e45n/production/95e998c0c8c24fbd4e058e4f489e9cb1d2e9f362-1600x1600.jpg"
38.98,8.39,yes,18.43,27.5,"Hill Interiors","22047",yes,75,5,"Metal 2.75m\9ft Plug-In LED 8 Sequence Warm White Cluster String 20x20cm","<p>A 2.75m plug-in LED cluster string with 432 warm white LEDs on flexible silver wire and eight lighting sequences, weighing 0.24kg. Indoor use only.</p><ul><li>Dimensions: 20 x 20 x 520 cm</li><li>Weight: 0.24kg</li><li>Material: Metal</li><li>Colour: White</li></ul><p>Free UK delivery. Sold by Kaiku.</p>",lighting,FILL,1000,67.00,5,FixedPrice,GTC,Bourne End,SL8 5NF,14,"KK-LT-FT-001",5050140204788,,"Kaiku","White","Metal","","",20,20,520,cm,0.24kg,"https://cdn.sanity.io/images/huh1e45n/production/868e1625754b9de668cc374667c87758cffe1eca-1500x1500.jpg | https://cdn.sanity.io/images/huh1e45n/production/b1ef2b603b08a3297c0711eee3d55c030a092035-1500x1500.jpg | https://cdn.sanity.io/images/huh1e45n/production/955cfda94332a6163e25918571a140f07268f72f-1500x1500.jpg | https://cdn.sanity.io/images/huh1e45n/production/a9ab3920263a5afe393caf5f04a06294b14311d5-2064x2064.jpg | https://cdn.sanity.io/images/huh1e45n/production/ac65f40ab57e7f3d39ad73fad3d4253766275fb8-1800x1800.jpg"
41.16,,NO — margin overstated,15.96,27.4,"Aosom","B31-634V00BK",NOT PERMITTED — ask supplier,,4,"Dimmable LED Flush Ceiling Light with Remote, Black 70x30cm","<p>A flush-mounted LED ceiling light, 70 x 30cm and only 7cm deep, in steel and plastic with a black finish. It dims from 10 to 100 per cent and shifts from 3000K to 6000K on the remote; 43W and 1.4kg.</p><ul><li>Dimensions: 70 x 30 x 7 cm</li><li>Weight: 1.4kg</li><li>Colour: Black</li></ul><p>Free UK delivery. Sold by Kaiku.</p>",lighting,FILL,1000,58.19,1,FixedPrice,GTC,Bourne End,SL8 5NF,14,"KK-LT-DIMMABLE-001",,,"Kaiku","Black","","","Modern",70,30,7,cm,1.4kg,"https://cdn.sanity.io/images/huh1e45n/production/617a426e3ec7b6155d1056cf85bd86dd45f996c6-2000x2000.jpg | https://cdn.sanity.io/images/huh1e45n/production/c0a67c718cda8970c3c1d48c111bb6839bf66e8d-800x800.jpg | https://cdn.sanity.io/images/huh1e45n/production/a07953f429810d09d5f456b03421b80eaf1d7938-2000x2000.jpg | https://cdn.sanity.io/images/huh1e45n/production/d4079174aab906448f66a58b6a4cb5da870727df-2000x2000.jpg"
63.16,,NO — margin overstated,24.31,27.3,"Premier Housewares","2406738",NOT PERMITTED — ask supplier,,6,"Black MDF Depok Large Rattan Planter with Metal Stand 29x29cm","<p>The Depok Large Rattan Planter combines natural rattan with a black metal base, measuring 29 x 29 x 64 cm.</p><ul><li>Dimensions: 29 x 29 x 64 cm</li><li>Material: MDF</li><li>Colour: Black</li></ul><p>Free UK delivery. Sold by Kaiku.</p>",planters,FILL,1000,89.00,1,FixedPrice,GTC,Bourne End,SL8 5NF,14,"KK-PLNT-DEPOK-BLK-002",5018705970530,,"Kaiku","Black","MDF","","Modern",29,29,64,cm,,"https://cdn.sanity.io/images/huh1e45n/production/6ec46535bd42db4845fbdcaad848d381766a9537-1200x1200.jpg | https://cdn.sanity.io/images/huh1e45n/production/9808a41710755adddd52b4f5cb453e4778891b13-1200x1200.jpg | https://cdn.sanity.io/images/huh1e45n/production/de4632d2b587bf6528b582ec312182052fa7c232-1200x1200.jpg | https://cdn.sanity.io/images/huh1e45n/production/590a328c46fb87f6922b4c54f5d1169eae865364-899x1199.jpg | https://cdn.sanity.io/images/huh1e45n/production/65f50c58f1e9adc4ae7879c7e9c687352fa83984-899x1199.jpg | https://cdn.sanity.io/images/huh1e45n/production/2cc9c0d043f08def4d11c7797cd16d40bfb1b569-899x1199.jpg"
37.54,,NO — margin overstated,14.47,27.3,"Aosom","B31-596V00OG",NOT PERMITTED — ask supplier,,4,"Tiffany Style Semi-Flush Ceiling Light, Three-Light 34x34cm","<p>A semi-flush ceiling light with a stained glass shade in orange and white, set into copper and metal. 34cm across and 50cm deep, it takes three E27 bulbs up to 40W each and weighs 2.7kg.</p><ul><li>Dimensions: 34 x 34 x 50 cm</li><li>Weight: 2.7kg</li></ul><p>Free UK delivery. Sold by Kaiku.</p>",lighting,FILL,1000,53.00,1,FixedPrice,GTC,Bourne End,SL8 5NF,14,"KK-LT-TIFFANY-001",,,"Kaiku","","","","Vintage",34,34,50,cm,2.7kg,"https://cdn.sanity.io/images/huh1e45n/production/afff581941ba0120071f7ec7cc6ce8b8b762975d-2000x2000.jpg | https://cdn.sanity.io/images/huh1e45n/production/5a4c2701cf45e1828887cf92e1b4908c02af9755-800x800.jpg | https://cdn.sanity.io/images/huh1e45n/production/536cdef4e5232bdd34f1d2b6613240c007fb56e4-2000x2000.jpg | https://cdn.sanity.io/images/huh1e45n/production/854b65bd11015b48e216378d9c12e63493a158ec-2000x2000.jpg"
29.23,8.39,yes,14.38,27.1,"Hill Interiors","24532",yes,66,4,"Glass Decorative Hanging Black Mirror 1x13cm","<p>A tall, narrow wall mirror in a black frame, 13 x 1 x 146cm and 1.58kg.</p><ul><li>Dimensions: 1 x 13 x 146 cm</li><li>Weight: 1.58kg</li><li>Material: Glass</li><li>Colour: Black</li></ul><p>Free UK delivery. Sold by Kaiku.</p>",bedroom-mirrors,FILL,1000,53.00,5,FixedPrice,GTC,Bourne End,SL8 5NF,14,"KK-BEDM-DECORATIVE-BLK-001",5050140453285,,"Kaiku","Black","Glass","","Modern",1,13,146,cm,1.58kg,"https://cdn.sanity.io/images/huh1e45n/production/714fa38d8d1e2dc3af1b11a05e7da5695354a7e2-1600x1600.jpg | https://cdn.sanity.io/images/huh1e45n/production/a67b8bbf74dbcafba7390f6e9bd51cabeff9c844-1600x1600.jpg | https://cdn.sanity.io/images/huh1e45n/production/bcbf93d420a23aa262d5506c959ffbeaa9738246-1600x1600.jpg | https://cdn.sanity.io/images/huh1e45n/production/0069e6d711683e2cfc2e4f809d4ad3841a9e8f11-1600x1600.jpg"
41.33,,NO — margin overstated,15.79,27.1,"Aosom","B31-633V00SR",NOT PERMITTED — ask supplier,,4,"Pendant Light with Three Colour Temperatures, Silver 120x20cm","<p>A pendant light in steel and plastic, 120 x 20 x 155cm and 1.4kg.</p><ul><li>Dimensions: 120 x 20 x 155 cm</li><li>Weight: 1.4kg</li><li>Colour: Silver</li></ul><p>Free UK delivery. Sold by Kaiku.</p>",lighting,FILL,1000,58.19,1,FixedPrice,GTC,Bourne End,SL8 5NF,14,"KK-LT-PENDANT-002",,,"Kaiku","Silver","","","Modern",120,20,155,cm,1.4kg,"https://cdn.sanity.io/images/huh1e45n/production/9a88bf22a2d06774ca405da463af1cb7e79eb1d9-2000x2000.jpg | https://cdn.sanity.io/images/huh1e45n/production/2ade2c211710186a3e4bd4494114bce62d807a88-800x800.jpg | https://cdn.sanity.io/images/huh1e45n/production/516f94711f0f7e7445561fb632edaebaef48013b-2000x2000.jpg | https://cdn.sanity.io/images/huh1e45n/production/af7100dbb1803ac12d90ef107978361282a5e58e-2000x2000.jpg"
30.62,,NO — margin overstated,11.53,26.8,"Premier Housewares","5100311",NOT PERMITTED — ask supplier,,3,"Thread and Loom 6 Piece Dusty Turquoise Towel Set","<p>Discover the Thread and Loom 6 Piece Dusty Turquoise Towel Set, crafted from 100% soft cotton.</p><ul><li>6 towels total</li><li>100% soft cotton</li><li>Quick absorbency</li></ul><p>Free UK delivery. Sold by Kaiku.</p>",bathroom-accessories,FILL,1000,43.00,1,FixedPrice,GTC,Bourne End,SL8 5NF,14,"KK-BATA-THREAD-004",5018705991887,,"Kaiku","","","","Modern",0,0,0,cm,,"https://cdn.sanity.io/images/huh1e45n/production/54484fe50cef9afa0b739f04dd314ec187f0f1ac-1280x1280.jpg | https://cdn.sanity.io/images/huh1e45n/production/6a0e6fb1e4f7b010d8ce145c93f7b0d50d116f2c-1280x1280.jpg | https://cdn.sanity.io/images/huh1e45n/production/bd4b798e7b464e76f92db912ad2600ef0982313e-1280x1280.jpg"
30.62,,NO — margin overstated,11.53,26.8,"Premier Housewares","5100312",NOT PERMITTED — ask supplier,,3,"Thread and Loom 6 Piece Navy Blue Towel Set","<p>This Thread and Loom 6 Piece Navy Blue Towel Set is made from 100% soft cotton, offering ultimate absorbency.</p><ul><li>Soft cotton material</li><li>Quick absorbency</li><li>Classic design</li><li>Includes six towels</li></ul><ul><li>Colour: Blue</li></ul><p>Free UK delivery. Sold by Kaiku.</p>",bathroom-accessories,FILL,1000,43.00,1,FixedPrice,GTC,Bourne End,SL8 5NF,14,"KK-BATA-THREAD-005",5018705991900,,"Kaiku","Blue","","","Modern",0,0,0,cm,,"https://cdn.sanity.io/images/huh1e45n/production/c73bfbf06f5acc6f6de8931aafece4b28ae9b19e-1280x1280.jpg | https://cdn.sanity.io/images/huh1e45n/production/e622332f1d28853fc499f796eeaf939f3175d68c-1280x1280.jpg | https://cdn.sanity.io/images/huh1e45n/production/c634136f1386f5eda97d1fd19ad21014d91d5e8a-1280x1280.jpg"
30.62,,NO — margin overstated,11.53,26.8,"Premier Housewares","5100314",NOT PERMITTED — ask supplier,,3,"Thread and Loom 6 Piece Mustard Towel Set","<p>The Thread and Loom 6 Piece Mustard Towel Set, crafted from 100% cotton, offers absorbency and modern style.</p><ul><li>Includes 2 face towels, 2 hand towels, and 2 bath towels</li><li>Made from 100% cotton for softness</li><li>Quickly absorbs moisture</li></ul><p>Free UK delivery. Sold by Kaiku.</p>",bathroom-accessories,FILL,1000,43.00,1,FixedPrice,GTC,Bourne End,SL8 5NF,14,"KK-BATA-THREAD-007",5018705991948,,"Kaiku","","","","Modern",0,0,0,cm,,"https://cdn.sanity.io/images/huh1e45n/production/bee76806561f0c75206ca84e651fa4d7a719cfc1-1280x1280.jpg | https://cdn.sanity.io/images/huh1e45n/production/945624c01ce324f82c039f035e8778b2f8ed96ec-1280x1280.jpg | https://cdn.sanity.io/images/huh1e45n/production/0fd10559bec1285648205b0981bdf640461b71ba-1280x1280.jpg"
30.62,,NO — margin overstated,11.53,26.8,"Premier Housewares","5100316",NOT PERMITTED — ask supplier,,6,"Thread and Loom 6 Piece Lilac Towel Set","<p>This Thread and Loom 6 Piece Lilac Towel Set is crafted from 100% cotton, offering a soft and absorbent touch for your bathroom.</p><ul><li>Soft and absorbent cotton</li><li>Includes hand and bath towels</li><li>Modern design</li><li>Quick drying texture</li></ul><p>Free UK delivery. Sold by Kaiku.</p>",bathroom-accessories,FILL,1000,43.00,1,FixedPrice,GTC,Bourne End,SL8 5NF,14,"KK-BATA-THREAD-008",5018705997063,,"Kaiku","","","","Modern",0,0,0,cm,,"https://cdn.sanity.io/images/huh1e45n/production/dd21d441d3753e4c6ebfc4086a691d0007015fb9-1280x1280.jpg | https://cdn.sanity.io/images/huh1e45n/production/52e3b454e6b48aa0b404fcc559583a9773db1081-1280x1280.jpg | https://cdn.sanity.io/images/huh1e45n/production/6edf3d3a65202e987ac7944d8c87f12d5ab4aad6-1280x1280.jpg | https://cdn.sanity.io/images/huh1e45n/production/ab769cc33bd41a5a73b1c1c558f9bd29e0514740-1280x1280.jpg | https://cdn.sanity.io/images/huh1e45n/production/8331807d249070ed484f42805b9b5518fc24f0da-1280x1280.jpg | https://cdn.sanity.io/images/huh1e45n/production/ad24428621808695174636d7ac045aeed4b70e19-1280x1280.jpg"
52.93,,NO — margin overstated,19.76,26.7,"Premier Housewares","2406737",NOT PERMITTED — ask supplier,,6,"Black MDF Depok Small Rattan Planter with Metal Stand 26x26cm","<p>A planter in iron, natural rattan and MDF, 26 x 26 x 58cm. 1.3kg shipped. Rated to 10kg.</p><ul><li>Dimensions: 26 x 26 x 58 cm</li><li>Material: MDF</li><li>Colour: Black</li></ul><p>Free UK delivery. Sold by Kaiku.</p>",planters,FILL,1000,74.00,1,FixedPrice,GTC,Bourne End,SL8 5NF,14,"KK-PLNT-DEPOK-BLK-001",5018705970523,,"Kaiku","Black","MDF","","Modern",26,26,58,cm,,"https://cdn.sanity.io/images/huh1e45n/production/010a8dbab3bf89006f75df7373598822849df438-1200x1200.jpg | https://cdn.sanity.io/images/huh1e45n/production/4752011c18605112b534c2bdc49a81fbadbf44cb-1200x1200.jpg | https://cdn.sanity.io/images/huh1e45n/production/719a9adcd5631e292a2be77d9643997b5aff0075-1200x1200.jpg | https://cdn.sanity.io/images/huh1e45n/production/590a328c46fb87f6922b4c54f5d1169eae865364-899x1199.jpg | https://cdn.sanity.io/images/huh1e45n/production/e97c0014d53bb6b86130d9c424d15f4103dbc3d2-1200x1200.jpg | https://cdn.sanity.io/images/huh1e45n/production/bf39854510436290ae46be2ae7c6636abf72233e-1200x1200.jpg"
34.08,,NO — margin overstated,12.53,26.4,"Aosom","836-263GY",NOT PERMITTED — ask supplier,,4,"Computer Desk with Sliding Keyboard Tray, Grey 100x40cm","<p>A grey computer desk with a sliding keyboard tray and a drawer, made from E1 grade particle board with a melamine finish. 100 x 40 x 86.6cm, weight capacity 50kg.</p><ul><li>Dimensions: 100 x 40 x 86.6 cm</li><li>Weight: 50kg</li><li>Colour: Grey</li></ul><p>Free UK delivery. Sold by Kaiku.</p>",desks,FILL,1000,47.52,1,FixedPrice,GTC,Bourne End,SL8 5NF,3,"KK-DESK-COMPUTER-002",,,"Kaiku","Grey","","","Modern",100,40,86.6,cm,50kg,"https://cdn.sanity.io/images/huh1e45n/production/110d63b0017d33f881652d6588829f35fef3f97d-2000x2000.jpg | https://cdn.sanity.io/images/huh1e45n/production/7315b241a67e416123cb6b900b0729312288cba1-800x800.jpg | https://cdn.sanity.io/images/huh1e45n/production/6ce54125cc90e8d551a82e6eb5dc6482cc7fc5e2-2000x2000.jpg | https://cdn.sanity.io/images/huh1e45n/production/7d888fe9f4b48992455671e757611562abd2cbf0-2000x2000.jpg"
29.20,5.99,yes,12.88,26.3,"AW Dropship","",NOT PERMITTED — ask supplier,27,7,"Albasia wood Brown Wooden Storage Crates (Set of 3) 45x30cm","<p>A set of three nesting brown Albasia wood storage crates, 3kg together.</p><ul><li>Dimensions: 45 x 30 x 25 cm</li><li>Weight: 3kg</li><li>Material: Albasia wood, Wood</li><li>Colour: Brown, Bluewash, Greenwash, Whitewash, Natural</li></ul><p>Free UK delivery. Sold by Kaiku.</p>",rustic-reclaimed-furniture,FILL,1000,49.00,5,FixedPrice,GTC,Bourne End,SL8 5NF,14,"KK-RECL-BROWN-BRN-002",5055796597451,,"Kaiku","Brown","Albasia wood","Living room","Vintage & Reclaimed",45,30,25,cm,3kg,"https://cdn.sanity.io/images/huh1e45n/production/dd6a29a6b337c1340c78f0f8e0a20185f052648c-1600x1600.jpg | https://cdn.sanity.io/images/huh1e45n/production/5c6deeb5cba0f5c12864afe4978e11f9fdc3de72-1600x1600.avif | https://cdn.sanity.io/images/huh1e45n/production/7d92630a91ce343ba2500d786b6b9133f0e1d382-1456x1456.avif | https://cdn.sanity.io/images/huh1e45n/production/92f3ff2c1574f14383c7c1f9b44f332924d382bb-1600x1600.avif | https://cdn.sanity.io/images/huh1e45n/production/bfd6254bd17680ba1d467da2baeff8b3d13e0885-1600x1600.jpg | https://cdn.sanity.io/images/huh1e45n/production/63165a616325bdbabf3403af36cb6af2dd97b47e-1600x1600.jpg | https://cdn.sanity.io/images/huh1e45n/production/317c50fe7b1fa1c2d1e3a95b7412222609c6bd73-1600x1600.jpg"
36.19,8.39,yes,16.29,26.3,"Hill Interiors","21637",yes,33,2,"Grey Wood Butchers Cuts Pork Wall Plaque 3x58cm","<p>A wall plaque diagramming the butcher's cuts of pork. 58 x 45cm, 3cm deep, weighing 1.41kg. Indoor use.</p><ul><li>Dimensions: 3 x 58 x 45 cm</li><li>Weight: 1.41kg</li><li>Material: Wood</li><li>Colour: Grey</li></ul><p>Free UK delivery. Sold by Kaiku.</p>",wall-art,FILL,1000,62.00,5,FixedPrice,GTC,Bourne End,SL8 5NF,14,"KK-ART-BUTCHERS-GRY-001",5050140163788,,"Kaiku","Grey","Wood","","Rustic",3,58,45,cm,1.41kg,"https://cdn.sanity.io/images/huh1e45n/production/6737d1adf9569248cae29bb0e3132cd41670b52f-1800x1800.jpg | https://cdn.sanity.io/images/huh1e45n/production/2b9975a02fff8df0c08e91136062ebd2060ab935-1500x1500.jpg"
36.19,8.39,yes,16.29,26.3,"Hill Interiors","23661",yes,79,3,"Ceramic Large Grey Stone Effect Hurricane Lantern 20x20cm","<p>A ceramic hurricane lantern in grey with a stone-effect finish and a glass surround, 20 x 20 x 32cm and 2kg.</p><ul><li>Dimensions: 20 x 20 x 32 cm</li><li>Weight: 2kg</li><li>Material: Ceramic</li><li>Colour: Grey</li></ul><p>Free UK delivery. Sold by Kaiku.</p>",candles-and-lanterns,FILL,1000,62.00,5,FixedPrice,GTC,Bourne End,SL8 5NF,14,"KK-XMSD-GREY-GRY-001",5050140366189,,"Kaiku","Grey","Ceramic","","Modern",20,20,32,cm,2kg,"https://cdn.sanity.io/images/huh1e45n/production/fc823035f97c5cf206fdd1afef896e4cda4e41e8-1800x1800.jpg | https://cdn.sanity.io/images/huh1e45n/production/0c7b77cda820011569723c2550225a52615dd9b2-1800x1800.jpg | https://cdn.sanity.io/images/huh1e45n/production/bf242e35fefe3722771d94eafee09a41c2fecfea-1800x1800.jpg"
36.19,8.39,yes,16.29,26.3,"Hill Interiors","18552",yes,130,5,"Uthina Table Lamp 30x30cm","<p>A table lamp with a wooden base in neutral beige and stone tones under a linen shade. 30 x 30 x 53cm, 2kg. Takes an E27 bulb, not included.</p><ul><li>Dimensions: 30 x 30 x 53 cm</li><li>Weight: 2kg</li></ul><p>Free UK delivery. Sold by Kaiku.</p>",lighting,FILL,1000,62.00,5,FixedPrice,GTC,Bourne End,SL8 5NF,14,"KK-TL-UTHINA-001",,,"Kaiku","","","","",30,30,53,cm,2kg,"https://cdn.sanity.io/images/huh1e45n/production/ffc702c183b3243735179e97e12c597e4b76a900-1600x1600.jpg | https://cdn.sanity.io/images/huh1e45n/production/b01f1b81870bd52833bfa9e31abc7289fb819dd8-1600x1600.jpg | https://cdn.sanity.io/images/huh1e45n/production/537cbae736f7a6e3c662655d0e9a79cc86153da5-1600x1600.jpg | https://cdn.sanity.io/images/huh1e45n/production/48b59f7b04e74927bb2bdfb2c7a239a854419e83-1600x1600.jpg | https://cdn.sanity.io/images/huh1e45n/production/5d33ab77f28dc7d42fe71f95d7f2210779ed3d4c-1600x1600.jpg"
15.31,8.39,yes,8.60,26.1,"Hill Interiors","20836",yes,,2,"Brown Mirrored glass Tristan Mirror And Wood 4X6 Frame 2x24cm","<p>A mirror in a brown wood frame, 24cm wide, 29cm tall and 2cm deep, weighing 0.83kg. The smaller of the two Tristan sizes.</p><ul><li>Dimensions: 2 x 24 x 29 cm</li><li>Weight: 0.83kg</li><li>Material: Mirrored glass, Wood</li><li>Colour: Brown</li></ul><p>Free UK delivery. Sold by Kaiku.</p>",wall-art,FILL,1000,33.00,1,FixedPrice,GTC,Bourne End,SL8 5NF,14,"KK-MIR-TRISTAN-BRN-001",5050140083680,,"Kaiku","Brown","Mirrored glass","","Modern",2,24,29,cm,0.83kg,"https://cdn.sanity.io/images/huh1e45n/production/abe154dd219b84a3334f0ca2456f136c9b0bd50c-1500x1500.jpg | https://cdn.sanity.io/images/huh1e45n/production/31ba6e79769781fbe13b25bd716a9ce2180c3f63-1500x1500.jpg"
56.41,,NO — margin overstated,20.22,25.9,"Premier Housewares","2502429",NOT PERMITTED — ask supplier,23,5,"Heidy Green Glass Table Lamp With White Shade 25x25cm","<p>A table lamp in glass, linen and iron, 25 x 25 x 49cm. 1.8kg shipped. Takes an E14 bulb up to 40W.</p><ul><li>Dimensions: 25 x 25 x 49 cm</li><li>Material: Glass</li><li>Colour: White</li></ul><p>Free UK delivery. Sold by Kaiku.</p>",lighting,FILL,1000,78.00,5,FixedPrice,GTC,Bourne End,SL8 5NF,14,"KK-LT-HEIDY-001",5018705983110,,"Kaiku","White","Glass","","Modern",25,25,49,cm,,"https://cdn.sanity.io/images/huh1e45n/production/5a5357124eb80c04a5ddf96bfa6e634ff584ab4b-799x1200.webp | https://cdn.sanity.io/images/huh1e45n/production/a19c002ab69fe01910c7d6b6db0b565935557ac7-799x1200.jpg | https://cdn.sanity.io/images/huh1e45n/production/576c4ba92e34968aac4eff031da21ba1e8c109bb-799x1200.jpg | https://cdn.sanity.io/images/huh1e45n/production/926ae74ceb3c706020eff070de08de1de1cf3922-1200x1200.webp | https://cdn.sanity.io/images/huh1e45n/production/3ecf88b061d0cbde7e8e88401a6dce4809389d75-799x1200.jpg"
22.35,,NO — margin overstated,7.98,25.8,"Premier Housewares","1411436",NOT PERMITTED — ask supplier,,6,"Grey Ceramic Zircon Large Planter 20x20cm","<p>A planter in ceramic, 20 x 20 x 21cm and 10kg.</p><ul><li>Dimensions: 20 x 20 x 21 cm</li><li>Material: Ceramic</li><li>Colour: Grey</li></ul><p>Free UK delivery. Sold by Kaiku.</p>",planters,FILL,1000,31.00,1,FixedPrice,GTC,Bourne End,SL8 5NF,14,"KK-PLNT-ZIRCON-GRY-002",5018705408170,,"Kaiku","Grey","Ceramic","","Modern",20,20,21,cm,,"https://cdn.sanity.io/images/huh1e45n/production/7febffca3e3bf5ff21b2a98169913afe73d91f4c-1280x1280.jpg | https://cdn.sanity.io/images/huh1e45n/production/033e459c49d9f7fff310949725c3e4c17c759fd4-1280x1280.jpg | https://cdn.sanity.io/images/huh1e45n/production/cf9ed287bf7d6c64bbaaa6c61a2ad6f57d6a08b2-1280x1280.jpg | https://cdn.sanity.io/images/huh1e45n/production/d60db01a3ef847e9a162eadba3fcd64af942c0eb-1280x1280.jpg | https://cdn.sanity.io/images/huh1e45n/production/58a0aacb665e6639270dd9af56b0a05f577a6b05-1280x1280.jpg | https://cdn.sanity.io/images/huh1e45n/production/3e6766ab6f88b099fb406f0540f0191fc7523a4a-1280x1280.jpg"
22.35,,NO — margin overstated,7.98,25.8,"Premier Housewares","5506187",NOT PERMITTED — ask supplier,,6,"Natural Stoneware Yuri Large Ceramic Planter 18x18cm","<p>A stoneware planter in a natural finish, 18 x 18 x 17cm, listed at 14kg empty. Arrives fully assembled. Wipe with a soft cloth and avoid abrasive cleaners.</p><ul><li>Dimensions: 18 x 18 x 17 cm</li><li>Material: Stoneware</li><li>Colour: Natural</li></ul><p>Free UK delivery. Sold by Kaiku.</p>",planters,FILL,1000,31.00,1,FixedPrice,GTC,Bourne End,SL8 5NF,14,"KK-PLNT-YURI-NAT-001",5018705953373,,"Kaiku","Natural","Stoneware","","Modern",18,18,17,cm,,"https://cdn.sanity.io/images/huh1e45n/production/3d50ef4e513e0a3d6b4d85749f2ef3cbefc826ef-1280x1280.jpg | https://cdn.sanity.io/images/huh1e45n/production/8f5f0222dd4decc277d9c99bfb07cfbe2ee4fae9-1280x1280.jpg | https://cdn.sanity.io/images/huh1e45n/production/773a0f39846d0025ec7d10ae8dab303a7f439a5a-1280x1280.jpg | https://cdn.sanity.io/images/huh1e45n/production/a8f9fabad148e6b5de0cbe8a716550871334c6d8-1280x1280.jpg | https://cdn.sanity.io/images/huh1e45n/production/25bd70689f5adc4bcfae6a445ff7ff2bab6fd393-1280x1280.jpg | https://cdn.sanity.io/images/huh1e45n/production/c4a569ba06a154ddc6e0344333ee2a12dc32b8ed-900x1200.jpg"
22.35,,NO — margin overstated,7.98,25.8,"Premier Housewares","5506189",NOT PERMITTED — ask supplier,,6,"Black Stoneware Yuri White And Gold Spotted Planter 18x18cm","<p>The Yuri White And Gold Spotted Planter is crafted from robust stoneware, featuring a speckled finish.</p><ul><li>Dimensions: 18 x 18 x 17 cm</li><li>Material: Stoneware</li><li>Colour: Black</li></ul><p>Free UK delivery. Sold by Kaiku.</p>",planters,FILL,1000,31.00,1,FixedPrice,GTC,Bourne End,SL8 5NF,14,"KK-PLNT-YURI-BLK-003",5018705953397,,"Kaiku","Black","Stoneware","","Contemporary",18,18,17,cm,,"https://cdn.sanity.io/images/huh1e45n/production/eb0711af436ec9968baa8aa7e4b91c02e583d5f1-1280x1280.jpg | https://cdn.sanity.io/images/huh1e45n/production/8755a0a4750d4b97137cbc8dfa8110bbb49d4e70-1280x1280.jpg | https://cdn.sanity.io/images/huh1e45n/production/a6b361087269564ee78f02915cd6518f15756f6c-1280x1280.jpg | https://cdn.sanity.io/images/huh1e45n/production/dac176a179988e27ccd634c815517d02819f3067-1280x1280.jpg | https://cdn.sanity.io/images/huh1e45n/production/dfcf6bce14bea6d068b4f28979f6b0016720271c-1280x1280.jpg | https://cdn.sanity.io/images/huh1e45n/production/545a37c8d5ee4000fc2f3ee4b62b86e78e92197e-899x1199.jpg"
26.45,8.39,yes,12.24,25.5,"Hill Interiors","21615",yes,32,5,"Glass Roco Wall Clock 5x45cm","<p>A round wall clock, 45cm across and 5cm deep, weighing 0.92kg.</p><ul><li>Dimensions: 5 x 45 x 45 cm</li><li>Weight: 0.92kg</li><li>Material: Glass, Metal</li></ul><p>Free UK delivery. Sold by Kaiku.</p>",wall-clocks,FILL,1000,48.00,5,FixedPrice,GTC,Bourne End,SL8 5NF,14,"KK-CLK-ROCO-001",5050140161586,,"Kaiku","","Glass","","Modern",5,45,45,cm,0.92kg,"https://cdn.sanity.io/images/huh1e45n/production/9efde5da92206ffc74db9403aa741610ac0fb786-1600x1600.jpg | https://cdn.sanity.io/images/huh1e45n/production/c27976fad2a040c7458fe3f6456c56925af2f676-1600x1600.jpg | https://cdn.sanity.io/images/huh1e45n/production/e27941de143afc7f06a87b6207ef6c3d14e2eb24-1600x1600.jpg | https://cdn.sanity.io/images/huh1e45n/production/ebecaa5a628c53f690ced78f600f5e718ce256cb-1600x1600.jpg | https://cdn.sanity.io/images/huh1e45n/production/f2af14636b805741be88ce64a917f8a4b42e8624-1600x1600.jpg"
26.45,8.39,yes,12.24,25.5,"Hill Interiors","23888",yes,100,4,"Grey Augusta Column Table Lamp With Linen Shade 12x12cm","<p>A table lamp with a column-turned wooden base and a linen shade, included. 12 x 12 x 31cm, 0.51kg. Takes an E14 bulb, not included.</p><ul><li>Dimensions: 12 x 12 x 31 cm</li><li>Weight: 0.51kg</li><li>Material: Linen, Wood</li><li>Colour: Grey</li></ul><p>Free UK delivery. Sold by Kaiku.</p>",lighting,FILL,1000,48.00,5,FixedPrice,GTC,Bourne End,SL8 5NF,14,"KK-LT-AUGUSTA-GRY-001",5050140388884,,"Kaiku","Grey","Linen","","",12,12,31,cm,0.51kg,"https://cdn.sanity.io/images/huh1e45n/production/06429b4e7f05a69c227aba6ebec834183f54f903-1500x1500.jpg | https://cdn.sanity.io/images/huh1e45n/production/abd65c6d14ca21b8910fb342aa68e3859e23ff13-1500x1500.jpg | https://cdn.sanity.io/images/huh1e45n/production/d5adbd732e3de8d1de5cd8a1b68ccfe878dca207-1500x1500.jpg | https://cdn.sanity.io/images/huh1e45n/production/0e59741a65738ecaf0c26470b24229afa1b01bab-1500x1500.jpg"
26.45,8.39,yes,12.24,25.5,"Hill Interiors","23887",yes,,4,"Grey Belluno Urn Table Lamp With Linen Shade 11x11cm","<p>A small table lamp with a wooden urn-shaped base and a linen shade in grey, 11 x 11 x 24cm and 0.45kg. For indoor use.</p><ul><li>Dimensions: 11 x 11 x 24 cm</li><li>Weight: 0.45kg</li><li>Material: Linen, Wood</li><li>Colour: Grey</li></ul><p>Free UK delivery. Sold by Kaiku.</p>",lighting,FILL,1000,48.00,1,FixedPrice,GTC,Bourne End,SL8 5NF,14,"KK-LT-BELLUNO-GRY-001",5050140388785,,"Kaiku","Grey","Linen","","Classic",11,11,24,cm,0.45kg,"https://cdn.sanity.io/images/huh1e45n/production/9e32f34ed72636c6cdd2c8966ca29c525ff05f24-1500x1500.jpg | https://cdn.sanity.io/images/huh1e45n/production/b6ff8fc7fd00bead8112023d3ed392edea1fa2ca-1500x1500.jpg | https://cdn.sanity.io/images/huh1e45n/production/53ea969d2be2064dacaad4ad087089a849cd968e-1500x1500.jpg | https://cdn.sanity.io/images/huh1e45n/production/7b88be32f913c40e9f49b3fe8be193a4efeba1d9-1500x1500.jpg"
45.86,,NO — margin overstated,16.00,25.4,"Aosom","B31-001",NOT PERMITTED — ask supplier,,4,"K9 Crystal Droplet Chandelier, Three-Light 40x40cm","<p>A chandelier in k9 crystal and metal, 40 x 40 x 28cm and 5.2kg. Takes a bulb up to 25W.</p><ul><li>Dimensions: 40 x 40 x 28 cm</li><li>Weight: 5.2kg</li></ul><p>Free UK delivery. Sold by Kaiku.</p>",lighting,FILL,1000,63.00,1,FixedPrice,GTC,Bourne End,SL8 5NF,14,"KK-LT-CRYSTAL-001",,,"Kaiku","","","","Elegant",40,40,28,cm,5.2kg,"https://cdn.sanity.io/images/huh1e45n/production/6e4b24ae3905b9194e7c56e23d4c606a2b467014-2000x2000.jpg | https://cdn.sanity.io/images/huh1e45n/production/0c0514ddf7155818065251c28cc80e2374a56caa-1500x1500.jpg | https://cdn.sanity.io/images/huh1e45n/production/a20046d7b2a49bab6594b619a44271928630bfbd-2000x2000.jpg | https://cdn.sanity.io/images/huh1e45n/production/153cd11fb263cdbb34a8c26ff613164c595556f0-2000x2000.jpg"
64.91,,NO — margin overstated,22.56,25.3,"Premier Housewares","2502410",NOT PERMITTED — ask supplier,27,7,"Stockholm Shiny Brass Tapered Floor Lamp 45x45cm","<p>Crafted from a blend of iron, rubberwood, and polyster, the Stockholm Shiny Brass Tapered Floor Lamp combines contemporary flair with a luxe finish. Measuring 151 cm in height with a 45 cm diameter, its versatile design means it fits beautifully in any modern home or office setting. The lamp features a shiny brass frame topped with a white fabric tapered shade, ensuring it offers ample light whilst seamlessly complementing your existing décor. With assembly required upon delivery, the lamp arrives safely packaged in a compact box. Please enjoy its beauty indoors, and clean it carefully using a soft cloth to maintain its appearance.</p><ul><li>Dimensions: 45 x 45 x 151 cm</li><li>Colour: Brass</li></ul><p>Free UK delivery. Sold by Kaiku.</p>",lighting,FILL,1000,89.00,5,FixedPrice,GTC,Bourne End,SL8 5NF,14,"KK-LT-STOCKHOLM-001",5018705949857,,"Kaiku","Brass","","","Modern",45,45,151,cm,,"https://cdn.sanity.io/images/huh1e45n/production/ecf7de7cbf4ee21dcd0cceb9455d5f5d86db64de-1280x1280.jpg | https://cdn.sanity.io/images/huh1e45n/production/9fd304e411124d938a9d08384e0c20629f5818ab-1280x1280.jpg | https://cdn.sanity.io/images/huh1e45n/production/a3387cbbbd6a3501ab344f82fa70ee458e195ad2-1280x1280.jpg | https://cdn.sanity.io/images/huh1e45n/production/ed85cb4693baf9ef346a389bd273530c4dccac9e-1280x1280.jpg | https://cdn.sanity.io/images/huh1e45n/production/10d9c1084b7dc42e4f282d3c6cdf7bc25fbdd689-1280x1280.jpg | https://cdn.sanity.io/images/huh1e45n/production/819e5842933c3f8fab2b5ba502a1a7408dedac12-1280x1280.jpg | https://cdn.sanity.io/images/huh1e45n/production/d901d7dd393049189eddc20342cf213143d04c52-1280x1280.jpg"
49.15,,NO — margin overstated,16.65,24.8,"Premier Housewares","5506429",NOT PERMITTED — ask supplier,,6,"Brown Resin Darnell Large Rustic Face Planter 27x23cm","<p>A planter in magnesia, inorganic resin and fiberglass, 26.5 x 23 x 34cm and 7.3kg. 20 litre capacity.</p><ul><li>Dimensions: 26.5 x 23 x 34 cm</li><li>Material: Resin</li><li>Colour: Brown</li></ul><p>Free UK delivery. Sold by Kaiku.</p>",planters,FILL,1000,67.00,1,FixedPrice,GTC,Bourne End,SL8 5NF,14,"KK-PLNT-DARNELL-BRN-005",5018705977270,,"Kaiku","Brown","Resin","","Rustic",26.5,23,34,cm,,"https://cdn.sanity.io/images/huh1e45n/production/d612f9a8adc517a1fbf9bf67fecd25f336f5103a-1200x1200.jpg | https://cdn.sanity.io/images/huh1e45n/production/3a6a412f670621f1cab1312b6fb0211931b906bc-799x1200.jpg | https://cdn.sanity.io/images/huh1e45n/production/7b981541734d56ee07c7805aebe94d796c497baa-799x1200.jpg | https://cdn.sanity.io/images/huh1e45n/production/cf4ce787969328d54c77a3730b58085de5c8e815-900x1200.jpg | https://cdn.sanity.io/images/huh1e45n/production/49ff9e97d5a5aab0c9ac5311b141946e7409695b-866x1199.jpg | https://cdn.sanity.io/images/huh1e45n/production/3807c96b3edf2f5b906a495d3bc9f04739300850-799x1200.jpg"
33.41,8.39,yes,14.15,24.8,"Hill Interiors","21767",yes,,2,"Ceramic Garda Grey Glazed Chive Vase 23x23cm","<p>A cube-shaped ceramic vase in grey with a glazed finish, 23 x 23 x 23cm and 1.6kg.</p><ul><li>Dimensions: 23 x 23 x 23 cm</li><li>Weight: 1.6kg</li><li>Material: Ceramic</li><li>Colour: Grey</li></ul><p>Free UK delivery. Sold by Kaiku.</p>",vases,FILL,1000,57.00,1,FixedPrice,GTC,Bourne End,SL8 5NF,14,"KK-VASE-GARDA-GRY-002",5050140176788,,"Kaiku","Grey","Ceramic","","Modern",23,23,23,cm,1.6kg,"https://cdn.sanity.io/images/huh1e45n/production/755d37c8f9f6a993b64afb8fa7c50f8be50c453c-1800x1800.jpg | https://cdn.sanity.io/images/huh1e45n/production/2d45bf7b12bce4f7f96fc4073e83b356ca78ce04-1800x1800.jpg"
33.41,8.39,yes,14.15,24.8,"Hill Interiors","16291",yes,130,5,"Neutral Linen Aegina Table Lamp 13x13cm","<p>A table lamp with a carved wooden base in a weathered neutral finish and a linen shade. 13 x 13 x 40cm, 0.9kg. Takes an E14 bulb, not included.</p><ul><li>Dimensions: 13 x 13 x 40 cm</li><li>Weight: 0.9kg</li><li>Material: Linen, Wood</li><li>Colour: Neutral</li></ul><p>Free UK delivery. Sold by Kaiku.</p>",lighting,FILL,1000,57.00,5,FixedPrice,GTC,Bourne End,SL8 5NF,14,"KK-LT-AEGINA-NTL-001",5050140601297,,"Kaiku","Neutral","Linen","","",13,13,40,cm,0.9kg,"https://cdn.sanity.io/images/huh1e45n/production/a3f20f1cd9a6764718305ca3d680fd9fbf833762-1600x1600.jpg | https://cdn.sanity.io/images/huh1e45n/production/a2113086d0280597e8bdcb591a2e1291653f61b2-1600x1600.jpg | https://cdn.sanity.io/images/huh1e45n/production/8316e6568ca6a69069cc6872c71f52c3a575c184-1600x1600.jpg | https://cdn.sanity.io/images/huh1e45n/production/2e46d5fdaa98e7e5f3b045b535d08cac59762f04-1600x1600.jpg | https://cdn.sanity.io/images/huh1e45n/production/4a8b5ced1f0d7d48e53c0772a3a53b8c0b58ea26-1600x1600.jpg"
69.17,,NO — margin overstated,23.22,24.7,"Premier Housewares","1411661",NOT PERMITTED — ask supplier,,6,"Alden Black Floor Standing Planter 31x31cm","<p>The Alden Black Floor Standing Planter is a robust iron planter with a black finish. Its caged design adds a modern touch.</p><ul><li>Dimensions: 30.5 x 30.5 x 61 cm</li><li>Colour: Black</li></ul><p>Free UK delivery. Sold by Kaiku.</p>",planters,FILL,1000,94.00,1,FixedPrice,GTC,Bourne End,SL8 5NF,14,"KK-PLNT-ALDEN-BLK-001",5018705978987,,"Kaiku","Black","","","Industrial",30.5,30.5,61,cm,,"https://cdn.sanity.io/images/huh1e45n/production/3e5f23c39137b53bfe929371e11204a955f6cb58-1280x1280.jpg | https://cdn.sanity.io/images/huh1e45n/production/9fb9774fcd9091d8c0c095ffca119848a76321f2-1280x1280.jpg | https://cdn.sanity.io/images/huh1e45n/production/3b691df8670c861a5a4d045699b59d021758ff71-1280x1280.jpg | https://cdn.sanity.io/images/huh1e45n/production/b76f9f78348d7de1c8e0878a096b03e8664d20c2-1280x1280.jpg | https://cdn.sanity.io/images/huh1e45n/production/e01ce1aa8a79145c76ba48cca9eba5daeaa73f5c-1280x1280.jpg | https://cdn.sanity.io/images/huh1e45n/production/0faf38b3d5fd59187855f86a7e0568542d723a47-1280x1280.jpg"
30.62,8.39,yes,12.99,24.5,"Hill Interiors","20806",yes,,2,"Metal Square Decorative Hanging Collage Mirror In Silver 2x14cm","<p>A vertical column of square mirror sections in a silver metal frame, 14cm wide, 145cm tall and 2cm deep, weighing 1.86kg.</p><ul><li>Dimensions: 2 x 14 x 145 cm</li><li>Weight: 1.86kg</li><li>Material: Metal, Mirrored glass</li><li>Colour: Silver</li></ul><p>Free UK delivery. Sold by Kaiku.</p>",mirrors,FILL,1000,53.00,1,FixedPrice,GTC,Bourne End,SL8 5NF,14,"KK-MIR-SQUARE-001",5050140080689,,"Kaiku","Silver","Metal","","Modern",2,14,145,cm,1.86kg,"https://cdn.sanity.io/images/huh1e45n/production/146540c8a9f93612f5cd4f9108e4a2d01b32fa33-1800x1800.jpg | https://cdn.sanity.io/images/huh1e45n/production/87e933310bf2271495c5e3cf4f827b137e33e9d2-1800x1800.jpg"
30.62,8.39,yes,12.99,24.5,"Hill Interiors","21501",yes,70,4,"Grey Ceramic Marble Effect Pudding Vase 25x25cm","<p>A ceramic vase in grey with a marble-effect finish, in a rounded 'pudding' shape, 25 x 25 x 23cm and 2.24kg.</p><ul><li>Dimensions: 25 x 25 x 23 cm</li><li>Weight: 2.24kg</li><li>Material: Ceramic</li><li>Colour: Grey</li></ul><p>Free UK delivery. Sold by Kaiku.</p>",vases,FILL,1000,53.00,5,FixedPrice,GTC,Bourne End,SL8 5NF,14,"KK-VASE-MARBLE-GRY-002",5050140150184,,"Kaiku","Grey","Ceramic","","Modern",25,25,23,cm,2.24kg,"https://cdn.sanity.io/images/huh1e45n/production/29b426e7832935e3da3d055a774999e198b3ca6d-1600x1600.jpg | https://cdn.sanity.io/images/huh1e45n/production/99f674dfc92749e326cc98834472a87d50e9a160-1600x1600.jpg | https://cdn.sanity.io/images/huh1e45n/production/efed6ced97356bb21c553d70ba3fc8b6ab64398d-1600x1600.jpg | https://cdn.sanity.io/images/huh1e45n/production/b59c9a73d39c25c3fa052bde4c837087be378471-1600x1600.jpg"
30.62,8.39,yes,12.99,24.5,"Hill Interiors","21706",yes,,6,"Silver Punch Faced Ceramic Large Candle Holder 21x21cm","<p>A ceramic candle holder with a punch-faced texture, 21 x 21 x 24cm and 2.5kg.</p><ul><li>Dimensions: 21 x 21 x 24 cm</li><li>Weight: 2.5kg</li><li>Material: Ceramic</li><li>Colour: Silver</li></ul><p>Free UK delivery. Sold by Kaiku.</p>",candles-and-lanterns,FILL,1000,53.00,1,FixedPrice,GTC,Bourne End,SL8 5NF,14,"KK-CAND-SILVER-001",5050140170687,,"Kaiku","Silver","Ceramic","","Elegant",21,21,24,cm,2.5kg,"https://cdn.sanity.io/images/huh1e45n/production/3c796a6b36dfd2b019f038b181e7bf332c2d5426-1600x1600.jpg | https://cdn.sanity.io/images/huh1e45n/production/ad6a6c0c6f8531f9aaaaa0f9b20b0286b25a0ee6-1600x1600.jpg | https://cdn.sanity.io/images/huh1e45n/production/cc36ad4a972f92bf2a7cbc7d7aa123167934a245-1600x1600.jpg | https://cdn.sanity.io/images/huh1e45n/production/7b341360ccab30ccddd079346013ad808927cf8c-1600x1600.jpg | https://cdn.sanity.io/images/huh1e45n/production/8b8835daa7a397bea6b703d706fccc9beb293c8c-1600x1600.jpg | https://cdn.sanity.io/images/huh1e45n/production/b60f2034d90afc7c443e2e399ecad18c97426268-1600x1600.jpg"
30.62,8.39,yes,12.99,24.5,"Hill Interiors","22485",yes,0,4,"Square Decorative Hanging Collage Mirror in Black 2x14cm","<p>A handcrafted hanging mirror in a slim vertical arrangement of square panes, in a black metal frame. 14cm wide, 145cm high and 2cm deep, weighing 1.86kg.</p><ul><li>Dimensions: 2 x 14 x 145 cm</li><li>Weight: 1.86kg</li><li>Colour: Black</li></ul><p>Free UK delivery. Sold by Kaiku.</p>",bedroom-mirrors,FILL,1000,53.00,1,FixedPrice,GTC,Bourne End,SL8 5NF,3,"KK-BEDM-SQUARE-001",5050140248584,,"Kaiku","Black","","","",2,14,145,cm,1.86kg,"https://cdn.sanity.io/images/huh1e45n/production/40c4fbadda35fdafe02d3631aa56b61c81e3b4b8-3096x3096.jpg | https://cdn.sanity.io/images/huh1e45n/production/ffa203733265189f0a53370546cf133bb671b1e4-1500x1500.jpg | https://cdn.sanity.io/images/huh1e45n/production/340d3e45fda7b4599e75ca676747af2e5a17cf8b-1800x1800.jpg | https://cdn.sanity.io/images/huh1e45n/production/caa8de311489b130ca21378028e0f8ee29ffd53d-1800x1800.jpg"
30.62,8.39,yes,12.99,24.5,"Hill Interiors","18554",yes,200,5,"Symi Slim Table Lamp 22x22cm","<p>A handcrafted table lamp with a slim white wooden base with distressed edges, under a linen shade. 22 x 22 x 45cm, 0.72kg. Takes an E14 bulb, not included.</p><ul><li>Dimensions: 22 x 22 x 45 cm</li><li>Weight: 0.72kg</li></ul><p>Free UK delivery. Sold by Kaiku.</p>",lighting,FILL,1000,53.00,5,FixedPrice,GTC,Bourne End,SL8 5NF,3,"KK-LT-SYMI-001",5050140855492,,"Kaiku","","","","",22,22,45,cm,0.72kg,"https://cdn.sanity.io/images/huh1e45n/production/5689dae8a11aaa0495fd974b96b238b34c52d9a1-1600x1600.jpg | https://cdn.sanity.io/images/huh1e45n/production/9cacd663c6f7eec87d1d217db2ad42ec7035194e-1600x1600.jpg | https://cdn.sanity.io/images/huh1e45n/production/fcfc0dba40fd562de54c4b2466391488578b75a4-1600x1600.jpg | https://cdn.sanity.io/images/huh1e45n/production/07f0abbb06c3ed91d419139963164592598a04b3-1600x1600.jpg | https://cdn.sanity.io/images/huh1e45n/production/1c3e873805e9ed9188fb91faf4c0cc3da6ca4a33-1600x1600.jpg"
30.62,8.39,yes,12.99,24.5,"Hill Interiors","16288",yes,200,5,"Teos Table Lamp 25x25cm","<p>A table lamp with a handcrafted wooden base in a light whitewash under a linen shade. 25 x 25 x 53cm, 2.5kg. Takes an E27 bulb, not included.</p><ul><li>Dimensions: 25 x 25 x 53 cm</li><li>Weight: 2.5kg</li></ul><p>Free UK delivery. Sold by Kaiku.</p>",lighting,FILL,1000,53.00,5,FixedPrice,GTC,Bourne End,SL8 5NF,3,"KK-TL-TEOS-001",5050140628898,,"Kaiku","","","","",25,25,53,cm,2.5kg,"https://cdn.sanity.io/images/huh1e45n/production/472027ab041bc43c65db1ea5ce5183495de7dfa3-1600x1600.jpg | https://cdn.sanity.io/images/huh1e45n/production/23c3b7245850792ff372b11ffc4a5079c14798eb-1600x1600.jpg | https://cdn.sanity.io/images/huh1e45n/production/4186d426528a50fb8c22c04e15c0adad678691a4-1600x1600.jpg | https://cdn.sanity.io/images/huh1e45n/production/bd05795b27b082c96cb36d983d1e69afe1af2785-1600x1600.jpg | https://cdn.sanity.io/images/huh1e45n/production/f84d8d2df8876df8d8b30927a68845ead7163a3e-1600x1600.jpg"
15.84,8.39,yes,8.07,24.5,"Hill Interiors","23674",yes,30,2,"Metal 7.2m Plug In LED Warm White Cluster Micro Lights 6x6cm","<p>Create a warm, inviting atmosphere with the 7.2m Plug In LED Warm White Cluster Micro Lights. Featuring 400 individual warm white micro LEDs arranged on delicate silver wire, these versatile decorative lights are designed to add subtle ambience and depth to interiors. Perfect for styling shelves, fireplaces, mirrors, furniture displays and decorative arrangements, the flexible cluster design allows you to create lighting effects throughout the home. Unlike traditional seasonal lighting, these micro lights can be styled throughout the year to enhance everyday interiors with a soft, atmospheric glow.</p><ul><li>Dimensions: 6 x 6 x 720 cm</li><li>Weight: 0.15kg</li><li>Material: Metal</li><li>Colour: White</li></ul><p>Free UK delivery. Sold by Kaiku.</p>",lighting,FILL,1000,33.00,5,FixedPrice,GTC,Bourne End,SL8 5NF,14,"KK-LT-PLUG-WHT-001",5050140367483,,"Kaiku","White","Metal","","",6,6,720,cm,0.15kg,"https://cdn.sanity.io/images/huh1e45n/production/491f6b98fac536202efc260887005bcaad954a5e-1500x1500.jpg | https://cdn.sanity.io/images/huh1e45n/production/9cbff17213aaf2be15b80806b830ed902cfb3b89-1500x1500.jpg"
65.26,,NO — margin overstated,21.22,24.1,"Premier Housewares","2800682",NOT PERMITTED — ask supplier,,1,"Glass Abstract Blue 2 Framed Wall Art 35x6cm","<p>The Abstract Blue 2 Framed Wall Art features a watercolour design crafted from glass, offering a visual impact for any room.</p><ul><li>Dimensions: 35 x 6 x 80 cm</li><li>Material: Glass</li><li>Colour: Blue</li></ul><p>Free UK delivery. Sold by Kaiku.</p>",wall-art,FILL,1000,88.00,1,FixedPrice,GTC,Bourne End,SL8 5NF,14,"KK-ART-ABSTRACT-001",5018705760346,,"Kaiku","Blue","Glass","","Modern",35,6,80,cm,,"https://cdn.sanity.io/images/huh1e45n/production/e0acd4329254f22f7cc1b4a1484066ba4f65bf2e-1280x1280.jpg"
11.52,8.39,yes,6.48,24.0,"Hill Interiors","23718",yes,2,4,"Plastic Blue Agapanthus Plant In Pot","<p>An artificial blue agapanthus supplied in its own pot, weighing 0.82kg. Made for indoor use, or a shaded spot outdoors.</p><ul><li>Weight: 0.82kg</li><li>Material: Plastic</li><li>Colour: Blue</li></ul><p>Free UK delivery. Sold by Kaiku.</p>",planters,FILL,1000,27.00,2,FixedPrice,GTC,Bourne End,SL8 5NF,14,"KK-PLNT-BLUE-BLU-001",5050140371886,,"Kaiku","Blue","Plastic","","Contemporary",,,,cm,0.82kg,"https://cdn.sanity.io/images/huh1e45n/production/5ac7eda49a2e59862b5dc73db6b106dacfe6efb1-1500x1500.jpg | https://cdn.sanity.io/images/huh1e45n/production/262f5d53a0fe1303f506069741b1fd3f2bc53edc-1500x1500.jpg | https://cdn.sanity.io/images/huh1e45n/production/0c47b32b94f082734bbd477b07d588d857422f51-1500x1500.jpg | https://cdn.sanity.io/images/huh1e45n/production/7ac43a4f906db28f4dc4e41c6b1e41454d893d71-1500x1500.jpg"
36.31,,NO — margin overstated,11.75,24.0,"Premier Housewares","2200480",NOT PERMITTED — ask supplier,,1,"Plastic Verdian Multi Coloured Circles DIY Wall Clock 31x3cm","<p>The Verdian Multi Coloured Circles DIY Wall Clock features a funky design that invites creativity, crafted from assorted materials. With a diameter of 31 cm, it’s a statement piece that enhances any contemporary decor.</p><ul><li>Dimensions: 31 x 3 x 31 cm</li><li>Material: Plastic</li></ul><p>Free UK delivery. Sold by Kaiku.</p>",wall-clocks,FILL,1000,49.00,1,FixedPrice,GTC,Bourne End,SL8 5NF,14,"KK-CLK-VERDIAN-001",5018705690759,,"Kaiku","","Plastic","","Modern",31,3,31,cm,,"https://cdn.sanity.io/images/huh1e45n/production/c71b4900c44fd5e21b3943c30ef71e26d4ed415c-1280x1280.jpg"
5.57,8.39,yes,4.55,24.0,"Hill Interiors","24015",yes,70,3,"Brown Large Rustic Metal Hanging Bell 8x8cm","<p>A small hanging bell in metal with a rustic brown-toned finish, 8 x 8 x 10cm and 0.08kg. Comes with its own hanging fitting.</p><ul><li>Dimensions: 8 x 8 x 10 cm</li><li>Weight: 0.08kg</li><li>Material: Metal</li><li>Colour: Brown</li></ul><p>Free UK delivery. Sold by Kaiku.</p>",christmas-decorations,FILL,1000,19.00,5,FixedPrice,GTC,Bourne End,SL8 5NF,14,"KK-XMSD-RUSTIC-BRN-001",5050140401583,,"Kaiku","Brown","Metal","","Rustic",8,8,10,cm,0.08kg,"https://cdn.sanity.io/images/huh1e45n/production/6174d5978bb06893cbc576ecb3b365610929c1d0-1600x1600.jpg | https://cdn.sanity.io/images/huh1e45n/production/a792c7095970ff44e1bc8cd1156a91a06ea21222-1600x1600.jpg | https://cdn.sanity.io/images/huh1e45n/production/2bded3c9d24666735e5f0b2d499d746b34d45f5f-1600x1600.jpg"
32.60,,NO — margin overstated,10.54,24.0,"Premier Housewares","5509209",NOT PERMITTED — ask supplier,,1,"Quackpot Duck Feet Small Plant Stand 19x19cm","<p>The Quackpot Duck Feet Small Plant Stand is a whimsical and decorative aluminium piece, featuring a silver finish that enhances indoor or outdoor plants beautifully. Perfect for those seeking a plant display solution, it measures 19 x 19 x 18 cm.</p><ul><li>Dimensions: 19 x 19 x 18 cm</li></ul><p>Free UK delivery. Sold by Kaiku.</p>",planters,FILL,1000,44.00,1,FixedPrice,GTC,Bourne End,SL8 5NF,14,"KK-PLNT-QUACKPOT-001",5018705962115,,"Kaiku","","","","Whimsical",19,19,18,cm,,"https://cdn.sanity.io/images/huh1e45n/production/16306c01f9e68aa7bf9469cc2bac7288242c1543-1280x1280.jpg"
69.16,,NO — margin overstated,22.25,23.9,"Premier Housewares","2406741",NOT PERMITTED — ask supplier,,1,"Depok Rattan Round Coffee Table With Cross Metal Legs 60x60cm","<p>A coffee table in natural rattan, iron and MDF, 60 x 60 x 41cm and 4.3kg.</p><ul><li>Natural Rattan Top</li><li>Black Metal Base</li><li>Fully Assembled</li><li>Compact Size</li><li>Stylish Design</li></ul><ul><li>Dimensions: 60 x 60 x 41 cm</li><li>Material: Rattan</li></ul><p>Free UK delivery. Sold by Kaiku.</p>",garden-furniture,FILL,1000,93.00,1,FixedPrice,GTC,Bourne End,SL8 5NF,14,"KK-GARF-DEPOK-003",5018705970578,,"Kaiku","","Rattan","","Modern",60,60,41,cm,,"https://cdn.sanity.io/images/huh1e45n/production/1e7656c560127f70d56ac62eb91db9b48a75b6cc-500x500.jpg"
28.89,,NO — margin overstated,9.32,23.9,"Premier Housewares","5506457",NOT PERMITTED — ask supplier,,6,"Ceramic Jada Large Abstract Vase 15x15cm","<p>The Jada Large Abstract Vase is crafted from ceramic and glaze. With dimensions of 15 × 15 × 40 cm, this piece is perfect for adding a touch of artistry indoors.</p><ul><li>Dimensions: 15 x 15 x 40 cm</li><li>Material: Ceramic</li></ul><p>Free UK delivery. Sold by Kaiku.</p>",vases,FILL,1000,39.00,1,FixedPrice,GTC,Bourne End,SL8 5NF,14,"KK-VASE-JADA-001",5018705979892,,"Kaiku","","Ceramic","","Modern",15,15,40,cm,,"https://cdn.sanity.io/images/huh1e45n/production/5b0508507cd91c022e9091aceb976f619c8dbad9-1280x1280.jpg | https://cdn.sanity.io/images/huh1e45n/production/ca1a2c826c32345f2ff3716294753a14c548dae0-1280x1280.jpg | https://cdn.sanity.io/images/huh1e45n/production/5bfe9c26ef4a43fdbde44b2e6cf7a5341faa5406-1280x1280.jpg | https://cdn.sanity.io/images/huh1e45n/production/36549d5f1817d376cd5f83394dc1b83778a7019c-1280x1280.jpg | https://cdn.sanity.io/images/huh1e45n/production/b7bbe28503b6a1e3d244eed2bcc5038f088e62aa-1280x1280.jpg | https://cdn.sanity.io/images/huh1e45n/production/1c7e21b8d87ef9edb345850fc4b577a8cc6546cb-899x1199.jpg"
39.05,,NO — margin overstated,12.33,23.6,"Aosom","B31-573V00BK",NOT PERMITTED — ask supplier,,4,"Three-Light Crystal Semi-Flush Ceiling Light 39x39cm","<p>A black metal and crystal semi-flush ceiling light, 39cm across and 32cm tall. It takes three E14 bulbs up to 40W each, hard-wires to a ceiling point and weighs 2kg.</p><ul><li>Dimensions: 39 x 39 x 32 cm</li><li>Weight: 2kg</li></ul><p>Free UK delivery. Sold by Kaiku.</p>",lighting,FILL,1000,52.37,1,FixedPrice,GTC,Bourne End,SL8 5NF,14,"KK-LT-THREE-001",,,"Kaiku","","","","Modern",39,39,32,cm,2kg,"https://cdn.sanity.io/images/huh1e45n/production/942ed130c507bb9b3114edf520e70d3dd66cf27d-2000x2000.jpg | https://cdn.sanity.io/images/huh1e45n/production/9421a244692590b70ea63cb742aad8e1695b6339-2000x2000.jpg | https://cdn.sanity.io/images/huh1e45n/production/07bcb711c6587df3ba0877fbcf1aa73b54c72c57-2000x2000.jpg | https://cdn.sanity.io/images/huh1e45n/production/c7c171d051dda25702aa69dcb8e14b13e3b64daa-2000x2000.jpg"
50.02,,NO — margin overstated,15.77,23.5,"Premier Housewares","2502417",NOT PERMITTED — ask supplier,72,8,"Stockholm Shiny Brass Adjustable Floor Lamp 64x23cm","<p>A floor lamp in iron, plastic and rubberwood, 64 x 23 x 155cm. Takes a bulb up to 40W, not included.</p><ul><li>Dimensions: 64 x 23 x 155 cm</li><li>Colour: Brass</li></ul><p>Free UK delivery. Sold by Kaiku.</p>",lighting,FILL,1000,67.00,5,FixedPrice,GTC,Bourne End,SL8 5NF,14,"KK-LT-STOCKHOLM-003",5018705949925,,"Kaiku","Brass","","","Modern",64,23,155,cm,,"https://cdn.sanity.io/images/huh1e45n/production/c3580e4de7c208a1414fe7e2740de4ea2531bdf1-1280x1280.jpg | https://cdn.sanity.io/images/huh1e45n/production/024ef1876ae1ae6c6a187baabeb00d1d90fe173b-1280x1280.jpg | https://cdn.sanity.io/images/huh1e45n/production/1315d5d6f7aedc0ce565e50742895879cb14eb60-1280x1280.jpg | https://cdn.sanity.io/images/huh1e45n/production/d3c792e9dfa14c7f7d0809271e2ab65f966cd032-900x1200.jpg | https://cdn.sanity.io/images/huh1e45n/production/6f382bbc65197d6a99a07c9bcb3666364cc6042b-1280x1280.jpg | https://cdn.sanity.io/images/huh1e45n/production/cc036116cf3d78110a3545d21dcf954f00e5819b-1280x1280.jpg | https://cdn.sanity.io/images/huh1e45n/production/3f924048d2d3768bd51eac749fce7a67c7b5cf07-1280x1280.jpg | https://cdn.sanity.io/images/huh1e45n/production/cca2ac321f9da3ae5a32960dc42a6b140f7eb5dd-1280x1280.jpg"
23.66,8.39,yes,10.10,23.5,"Hill Interiors","16210",yes,0,3,"White Glass Candle Holder 14x14cm","<p>A glass candle holder in white, 14 x 14cm at the base and 33cm tall, weighing 3.5kg. Takes standard votive or pillar candles.</p><ul><li>Dimensions: 14 x 14 x 33 cm</li><li>Weight: 3.5kg</li><li>Material: Glass</li><li>Colour: White</li></ul><p>Free UK delivery. Sold by Kaiku.</p>",candles-and-lanterns,FILL,1000,43.00,1,FixedPrice,GTC,Bourne End,SL8 5NF,14,"KK-CAND-GLASS-WHT-001",5050140621097,,"Kaiku","White","Glass","","Elegant",14,14,33,cm,3.5kg,"https://cdn.sanity.io/images/huh1e45n/production/0df310d91d01cc0427061a8e9b4577f62abbd004-1800x1800.jpg | https://cdn.sanity.io/images/huh1e45n/production/4bd9010a94bc9446c3d7287c83beed740fa7fe2c-1800x1800.jpg | https://cdn.sanity.io/images/huh1e45n/production/a92452173c7a4ba3e89a7636d2fbc6a53155cde6-1800x1800.jpg"
23.66,8.39,yes,10.10,23.5,"Hill Interiors","19428",yes,150,3,"Large Conical Ceramic Lattice Hurricane Lantern 17x17cm","<p>A ceramic hurricane lantern in bright white with a cut lattice pattern, 17 x 17cm at the base and 22cm tall, weighing 1.4kg.</p><ul><li>Dimensions: 17 x 17 x 22 cm</li><li>Weight: 1.4kg</li><li>Material: Ceramic</li></ul><p>Free UK delivery. Sold by Kaiku.</p>",candles-and-lanterns,FILL,1000,43.00,5,FixedPrice,GTC,Bourne End,SL8 5NF,14,"KK-CAND-CONICAL-001",5050140942895,,"Kaiku","","Ceramic","","Modern",17,17,22,cm,1.4kg,"https://cdn.sanity.io/images/huh1e45n/production/bf036ad95ea708c15a63d87e534e5267cb8698b5-1800x1800.jpg | https://cdn.sanity.io/images/huh1e45n/production/17319d21bdc93026209c8739710fd88708d00bb6-1800x1800.jpg | https://cdn.sanity.io/images/huh1e45n/production/5cdf4220c3c2ca99d8d4c8d00493ceda196adcea-1800x1800.jpg"
23.66,8.39,yes,10.10,23.5,"Hill Interiors","21358",yes,,3,"Ceramic Darcy Ople Vase 20x20cm","<p>A cube-shaped ceramic vase, 20 x 20 x 20cm and 1.38kg, for indoor use with fresh or dried flowers.</p><ul><li>Dimensions: 20 x 20 x 20 cm</li><li>Weight: 1.38kg</li><li>Material: Ceramic</li></ul><p>Free UK delivery. Sold by Kaiku.</p>",vases,FILL,1000,43.00,1,FixedPrice,GTC,Bourne End,SL8 5NF,14,"KK-VASE-DARCY-001",5050140135884,,"Kaiku","","Ceramic","","Modern",20,20,20,cm,1.38kg,"https://cdn.sanity.io/images/huh1e45n/production/6068d59eb3bfc986179ed0fe821cdb8e98755312-1600x1600.jpg | https://cdn.sanity.io/images/huh1e45n/production/8e3d4d7f4fe114f14c2ba521520db5ce6fcc1ac4-1600x1600.jpg | https://cdn.sanity.io/images/huh1e45n/production/a7237a901b025734ac67d2d3a6f42198fb25a60b-1600x1600.jpg"
17.05,,NO — margin overstated,5.40,23.5,"Premier Housewares","5506186",NOT PERMITTED — ask supplier,,6,"Black Stoneware Yuri Ceramic Planter 14x14cm","<p>The Yuri Ceramic Planter is a contemporary stoneware pot that beautifully combines organic charm with a black finish. Ideal for enhancing any room, its robust construction ensures durability for your indoor plants.</p><ul><li>Dimensions: 14 x 14 x 14 cm</li><li>Material: Stoneware</li><li>Colour: Black</li></ul><p>Free UK delivery. Sold by Kaiku.</p>",planters,FILL,1000,23.00,1,FixedPrice,GTC,Bourne End,SL8 5NF,14,"KK-PLNT-YURI-BLK-001",5018705953366,,"Kaiku","Black","Stoneware","","Modern",14,14,14,cm,,"https://cdn.sanity.io/images/huh1e45n/production/2ead216c88530dc40f74723fe2b3cfa24f97ebee-1280x1280.jpg | https://cdn.sanity.io/images/huh1e45n/production/0ed75d33d95fc3c233b739f112d4f17dc21b8514-1280x1280.jpg | https://cdn.sanity.io/images/huh1e45n/production/6e7cedfa5e34c76fb67e02b40e435aeb53bde356-1280x1280.jpg | https://cdn.sanity.io/images/huh1e45n/production/68b6543446d308d431194fc10a0195013024fc92-1280x1280.jpg | https://cdn.sanity.io/images/huh1e45n/production/a83f505ed4cb6825175616e3595315166649ff1f-1280x1280.jpg | https://cdn.sanity.io/images/huh1e45n/production/c4a569ba06a154ddc6e0344333ee2a12dc32b8ed-900x1200.jpg"
17.05,,NO — margin overstated,5.40,23.5,"Premier Housewares","5506188",NOT PERMITTED — ask supplier,,6,"Black Stoneware Yuri Small Ceramic Planter 14x14cm","<p>The Yuri Small Ceramic Planter is crafted from stoneware, providing a home for your plants. With a contemporary speckled finish, it's perfect for any indoor or outdoor setting.</p><ul><li>Dimensions: 14 x 14 x 14 cm</li><li>Material: Stoneware</li><li>Colour: Black</li></ul><p>Free UK delivery. Sold by Kaiku.</p>",planters,FILL,1000,23.00,1,FixedPrice,GTC,Bourne End,SL8 5NF,14,"KK-PLNT-YURI-BLK-002",5018705953380,,"Kaiku","Black","Stoneware","","Contemporary",14,14,14,cm,,"https://cdn.sanity.io/images/huh1e45n/production/a175cb53131793ba03249529ad7f0b147bdf4574-1280x1280.jpg | https://cdn.sanity.io/images/huh1e45n/production/67d547b877002916cd603a9eb2161509eb26169e-1280x1280.jpg | https://cdn.sanity.io/images/huh1e45n/production/29e78f65cae4144de30e3d28b83e7a99297792aa-1280x1280.jpg | https://cdn.sanity.io/images/huh1e45n/production/bee3d4d98828bb81d9db63e361aa0cce0fc35539-1280x1280.jpg | https://cdn.sanity.io/images/huh1e45n/production/5fe226a795c177f64abe57a8f3b5dc5432086ef1-1280x1280.jpg | https://cdn.sanity.io/images/huh1e45n/production/6c877f432a7391a83200449111744240773ba529-1280x1280.jpg"
23.66,8.39,yes,10.10,23.5,"Hill Interiors","23881",yes,,5,"White Antia Stem Table Lamp With Linen Shade 9x9cm","<p>A slim table lamp with a wooden stem and a natural linen shade. 9 x 9 x 29cm, 0.35kg. Takes an E14 bulb, not included. Indoor use only.</p><ul><li>Dimensions: 9 x 9 x 29 cm</li><li>Weight: 0.35kg</li><li>Material: Linen, Wood</li><li>Colour: White</li></ul><p>Free UK delivery. Sold by Kaiku.</p>",lighting,FILL,1000,43.00,1,FixedPrice,GTC,Bourne End,SL8 5NF,14,"KK-LT-ANTIA-WHT-001",5050140388181,,"Kaiku","White","Linen","","",9,9,29,cm,0.35kg,"https://cdn.sanity.io/images/huh1e45n/production/6adc687e91f5129ddb8e2a8765201b2c8814b51f-1500x1500.jpg | https://cdn.sanity.io/images/huh1e45n/production/0bd39e86837b1f3df010288c6a6853d628ca7000-1500x1500.jpg | https://cdn.sanity.io/images/huh1e45n/production/1d9af9f3d2a268389ddb8902ae66b3f0700e0d8a-1500x1500.jpg | https://cdn.sanity.io/images/huh1e45n/production/9d651a5be4d9ce1c4a7a098148fc133f4ca907ae-1500x1500.jpg | https://cdn.sanity.io/images/huh1e45n/production/3e42aad1980c95528f1d90d25718c72c8dd685e5-1600x1600.jpg"
20.17,,NO — margin overstated,6.22,23.1,"Premier Housewares","5535018",NOT PERMITTED — ask supplier,,3,"Allegra Etched Metallic Bathroom Tray 23x13cm","<p>The Allegra Etched Metallic Bathroom Tray is made of 100% aluminium with a champagne finish, measuring 23 × 13 × 3 cm.</p><ul><li>Elegant champagne finish</li><li>Delicate etched design</li><li>Compact and versatile</li></ul><ul><li>Dimensions: 23 x 13 x 3 cm</li></ul><p>Free UK delivery. Sold by Kaiku.</p>",bathroom-accessories,FILL,1000,27.00,1,FixedPrice,GTC,Bourne End,SL8 5NF,14,"KK-BATA-ALLEGRA-007",5018705950532,,"Kaiku","","","","Modern",23,13,3,cm,,"https://cdn.sanity.io/images/huh1e45n/production/c9cf4823f0b85f47488f6c6a213586547aaa59c7-1280x1280.jpg | https://cdn.sanity.io/images/huh1e45n/production/3536f1c3672374539ec5e16eb2519b409c7cb7c4-1280x1280.jpg | https://cdn.sanity.io/images/huh1e45n/production/62c3aa322e8f3bbf7788c297346188ff6996fc78-1280x1280.jpg"
11.83,8.39,yes,6.17,22.9,"Hill Interiors","21248",yes,,3,"White Plastic Luxe Collection Natural Glow S/ 2 Ivory LED Dinner Candles 2x2cm","<p>A pair of flameless LED dinner candles in ivory, 2 x 2cm and 25cm tall, 0.3kg for the set. Battery powered, with a flickering-light effect.</p><ul><li>Dimensions: 2 x 2 x 25 cm</li><li>Weight: 0.3kg</li><li>Material: Plastic</li><li>Colour: White</li></ul><p>Free UK delivery. Sold by Kaiku.</p>",candles-and-lanterns,FILL,1000,27.00,1,FixedPrice,GTC,Bourne End,SL8 5NF,14,"KK-CAND-LUXE-WHT-001",5050140124789,,"Kaiku","White","Plastic","","Modern",2,2,25,cm,0.3kg,"https://cdn.sanity.io/images/huh1e45n/production/45b34e00b26b29846064e2080454c2aeb76ff808-1800x1800.jpg | https://cdn.sanity.io/images/huh1e45n/production/29d022b60fa40a24e2f3592192d3684734a2d734-1800x1800.jpg | https://cdn.sanity.io/images/huh1e45n/production/16d05fc3194f3ca2ee26b767759a11c39a6359af-1800x1800.jpg"
52.05,,NO — margin overstated,15.72,22.8,"Premier Housewares","5506422",NOT PERMITTED — ask supplier,,6,"Resin Darnell Brown Textured Planter 28x28cm","<p>The Darnell Brown Textured Planter is a beautifully designed planter made from a combination of inorganic resin, fiberglass, and magnesia.</p><ul><li>Dimensions: 28 x 28 x 29 cm</li><li>Material: Resin</li><li>Colour: Brown</li></ul><p>Free UK delivery. Sold by Kaiku.</p>",planters,FILL,1000,69.00,1,FixedPrice,GTC,Bourne End,SL8 5NF,14,"KK-PLNT-DARNELL-BRN-001",5018705977201,,"Kaiku","Brown","Resin","","Modern",28,28,29,cm,,"https://cdn.sanity.io/images/huh1e45n/production/ca808cfdb4dfc33f6b47fb85bc61fce580462258-1200x1200.jpg | https://cdn.sanity.io/images/huh1e45n/production/f4da926574a1f2a799f8736a2182f0bcf34241b4-1200x1200.jpg | https://cdn.sanity.io/images/huh1e45n/production/080df32806dfe8f658922ed4bb64d750911827e5-1200x1200.jpg | https://cdn.sanity.io/images/huh1e45n/production/2e9e2e1932fae4f28717f9b2303bfe111a8ff93b-1200x1200.jpg | https://cdn.sanity.io/images/huh1e45n/production/1f562bdd5fb67a2ce869eafd58336582e8b9842c-1200x1200.jpg | https://cdn.sanity.io/images/huh1e45n/production/55995c4288fed3d925d1e8d9dff46d8cf535a8bc-1200x1200.jpg"
21.82,,NO — margin overstated,6.54,22.6,"Premier Housewares","5506454",NOT PERMITTED — ask supplier,,6,"Ceramic Jada Large Abstract Planter 19x19cm","<p>The Jada Large Abstract Planter combines an abstract geometric pattern and a sturdy ceramic construction. Its artistic appeal complements any interior or garden setting.</p><ul><li>Dimensions: 19 x 19 x 16 cm</li><li>Material: Ceramic</li></ul><p>Free UK delivery. Sold by Kaiku.</p>",planters,FILL,1000,29.00,1,FixedPrice,GTC,Bourne End,SL8 5NF,14,"KK-PLNT-JADA-002",5018705979861,,"Kaiku","","Ceramic","","Modern",19,19,16,cm,,"https://cdn.sanity.io/images/huh1e45n/production/320a3f60966291bff2521f8c44cee677b64a3614-1280x1280.jpg | https://cdn.sanity.io/images/huh1e45n/production/f32664a2714710802b1f898c36eb126041e5baf6-1280x1280.jpg | https://cdn.sanity.io/images/huh1e45n/production/ddfd2f21f637cd71785b1eb9f883bb3ce9a3be59-1280x1280.jpg | https://cdn.sanity.io/images/huh1e45n/production/e9c19f293cbba2004da60b3c5607f51d7395bf86-1280x1280.jpg | https://cdn.sanity.io/images/huh1e45n/production/6fee9829ad71a60e741e8a9ca08af758dd020b6c-1280x1280.jpg | https://cdn.sanity.io/images/huh1e45n/production/00fe9cfec330f52b7a42ff23793d028417a6fdd1-899x1199.jpg"
17.41,,NO — margin overstated,5.04,21.9,"Premier Housewares","0507597",NOT PERMITTED — ask supplier,298,4,"Vertex Square Basket 25x25cm","<p>A woven iron basket with a copper finish, 25 x 25cm and 20cm tall, weighing about 4.2kg. Square rather than round, so several line up on a shelf without gaps, and it arrives ready to use.</p><ul><li>Stylish copper finish</li><li>Weaved tapered design</li><li>Durable iron construction</li></ul><ul><li>Dimensions: 25 x 25 x 20 cm</li></ul><p>Free UK delivery. Sold by Kaiku.</p>",bathroom-storage,FILL,1000,23.00,5,FixedPrice,GTC,Bourne End,SL8 5NF,14,"KK-BATS-VERTEX-003",5018705490502,,"Kaiku","","","","Contemporary",25,25,20,cm,,"https://cdn.sanity.io/images/huh1e45n/production/6fb2b80db12b7a26abb3877f34c13dbd893a0dc3-1280x1280.jpg | https://cdn.sanity.io/images/huh1e45n/production/025036369a0b539d8b58529321be2eab89dad98d-1280x1280.jpg | https://cdn.sanity.io/images/huh1e45n/production/bfe8ffef896dee38985d9862861f386b51389efe-1280x1280.jpg | https://cdn.sanity.io/images/huh1e45n/production/49ecc2a7a9d896994edad5b582034c8faf5ae6ca-1280x1280.jpg"
16.70,8.39,yes,7.21,21.9,"Hill Interiors","24480",yes,,4,"White Ceramic Rhea Large Lighthouse Tealight Holder 11x11cm","<p>A ceramic lighthouse-shaped tealight holder in white, 11 x 11 x 28cm and 0.8kg.</p><ul><li>Dimensions: 11 x 11 x 28 cm</li><li>Weight: 0.8kg</li><li>Material: Ceramic</li><li>Colour: White</li></ul><p>Free UK delivery. Sold by Kaiku.</p>",candles-and-lanterns,FILL,1000,33.00,1,FixedPrice,GTC,Bourne End,SL8 5NF,14,"KK-CAND-RHEA-WHT-001",5050140448083,,"Kaiku","White","Ceramic","","Artisanal",11,11,28,cm,0.8kg,"https://cdn.sanity.io/images/huh1e45n/production/4fb02cfccd6564066eeaccab17cd75da851833fe-1600x1600.jpg | https://cdn.sanity.io/images/huh1e45n/production/7b63ada72c7ef514f0ce4c3846701e0512e99c32-1600x1600.jpg | https://cdn.sanity.io/images/huh1e45n/production/03d85f4fcc8c7710b20cd97d301b3fb1f2f5d894-1600x1600.jpg | https://cdn.sanity.io/images/huh1e45n/production/3e60e4b8584aaa0a43f4a5244cf03eb28b3451fe-1600x1600.jpg"
40.44,,NO — margin overstated,11.57,21.8,"Premier Housewares","1411603",NOT PERMITTED — ask supplier,,6,"Plastic Lentigo Set Of Two Natural Planters 33x33cm","<p>This Lentigo Set of Two Natural Planters, crafted from seagrass and wood, adds rustic charm to any indoor or outdoor space.</p><ul><li>Dimensions: 33 x 33 x 41 cm</li><li>Material: Plastic</li><li>Colour: Natural</li></ul><p>Free UK delivery. Sold by Kaiku.</p>",planters,FILL,1000,53.00,1,FixedPrice,GTC,Bourne End,SL8 5NF,14,"KK-PLNT-LENTIGO-NAT-001",5018705964515,,"Kaiku","Natural","Plastic","","Boho",33,33,41,cm,,"https://cdn.sanity.io/images/huh1e45n/production/b774cfbd7d9ca9ec2666785da8716ebac8a48834-1280x1280.jpg | https://cdn.sanity.io/images/huh1e45n/production/f44452ee5dcaf07493c9086c8630569cc1204a24-1280x1280.jpg | https://cdn.sanity.io/images/huh1e45n/production/485944ace8df13761894410694deda72a19c4016-1280x1280.jpg | https://cdn.sanity.io/images/huh1e45n/production/097e51f8e719e460a88bd79016dc4e62e2da808d-1280x1280.jpg | https://cdn.sanity.io/images/huh1e45n/production/84f3cad718cb9d6b9c289695910cf1d7be6027cb-1280x1280.jpg | https://cdn.sanity.io/images/huh1e45n/production/1a3d8d1a9d7d268939360e7807e04658d97753de-1280x1280.jpg"
9.05,8.39,yes,5.01,21.8,"Hill Interiors","24724",yes,100,2,"Small Blue Flora Planter Pot 16x16cm","<p>A small glazed ceramic planter with a blue and white botanical pattern, 16 x 16 x 14cm and 1kg. Plants are not included.</p><ul><li>Dimensions: 16 x 16 x 14 cm</li><li>Weight: 1kg</li><li>Colour: Blue</li></ul><p>Free UK delivery. Sold by Kaiku.</p>",planters,FILL,1000,23.00,5,FixedPrice,GTC,Bourne End,SL8 5NF,14,"KK-PLNT-BLUE-001",5050140472484,,"Kaiku","Blue","","","",16,16,14,cm,1kg,"https://cdn.sanity.io/images/huh1e45n/production/b34a154a5e0767c2fcedcdccb0d122535de49aec-1600x1600.jpg | https://cdn.sanity.io/images/huh1e45n/production/a7f077dd51b3d506f5222301f845ff505f56949b-1600x1600.jpg"
25.88,,NO — margin overstated,7.41,21.8,"Premier Housewares","1210022",NOT PERMITTED — ask supplier,,1,"Freska Set of Five Ribbed Round Clear Glass Jars with Acacia Wood Lids 9x9cm","<p>The Freska Set of Five Ribbed Round Clear Glass Jars with Acacia Wood Lids combines functionality and aesthetic appeal. Made from high borosilicate glass and finished with acacia wood lids, these jars are both durable, perfect for any kitchen.</p><ul><li>Set of 5 stylish jars</li><li>High borosilicate glass construction</li><li>Acacia wood lids for freshness</li></ul><ul><li>Dimensions: 9 x 9 x 27.8 cm</li><li>Material: Acacia</li><li>Colour: Clear</li></ul><p>Free UK delivery. Sold by Kaiku.</p>",kitchen-storage,FILL,1000,34.00,1,FixedPrice,GTC,Bourne End,SL8 5NF,14,"KK-KITS-FRESKA-006",5063227019878,,"Kaiku","Clear","Acacia","","Modern",9,9,27.8,cm,,"https://cdn.sanity.io/images/huh1e45n/production/63d107af02accc53aba13cc3cdb6430e7df0ff03-500x333.jpg"
30.54,,NO — margin overstated,8.66,21.6,"Premier Housewares","1210020",NOT PERMITTED — ask supplier,,1,"Freska Set of Five Ribbed Round Glass Jars with Acacia Wood Lids 10x10cm","<p>The Freska Set of Five Ribbed Round Glass Jars with Acacia Wood Lids is a versatile storage solution for any kitchen, crafted from high borosilicate glass and featuring sturdy acacia wood lids.</p><ul><li>Set of 5 jars</li><li>Ribbed glass design</li><li>Durable acacia wood lids</li></ul><ul><li>Dimensions: 10 x 10 x 25.6 cm</li><li>Material: Acacia</li></ul><p>Free UK delivery. Sold by Kaiku.</p>",kitchen-storage,FILL,1000,40.00,1,FixedPrice,GTC,Bourne End,SL8 5NF,14,"KK-KITS-FRESKA-005",5063227019854,,"Kaiku","","Acacia","","Modern",10,10,25.6,cm,,"https://cdn.sanity.io/images/huh1e45n/production/e804241f79cc83d3163197609489febd4595bfed-500x333.jpg"
59.85,,NO — margin overstated,16.78,21.5,"Premier Housewares","2502320",NOT PERMITTED — ask supplier,,1,"Lenno Large White Pendant Light 40x40cm","<p>The Lenno Large White Pendant Light features a dome-shaped design crafted from iron, offering both durability and elegance. Measuring H145 x D40 x W40 cm, this pendant light suits various ceiling heights and modern decors. As this light is hard-wired, proper electrical installation is required. Note that the Lenno does not include a bulb, so you'll need to acquire an E27 bulb, with a maximum wattage of 40W for optimal performance.</p><ul><li>Dimensions: 40 x 40 x 145 cm</li><li>Colour: White</li></ul><p>Free UK delivery. Sold by Kaiku.</p>",lighting,FILL,1000,78.00,1,FixedPrice,GTC,Bourne End,SL8 5NF,14,"KK-LT-LENNO-002",5018705478449,,"Kaiku","White","","","Modern",40,40,145,cm,,"https://cdn.sanity.io/images/huh1e45n/production/1467c0484b69a175309c27c66dae7aa71d47091c-500x500.jpg"
38.32,,NO — margin overstated,10.73,21.5,"Premier Housewares","2201120",NOT PERMITTED — ask supplier,,6,"Vitus Gold Finish Wall Clock 56x4cm","<p>The Vitus Gold Finish Wall Clock features a skeleton design crafted from iron, measuring 56cm in diameter.</p><ul><li>Dimensions: 56 x 4 x 56 cm</li><li>Colour: Gold</li></ul><p>Free UK delivery. Sold by Kaiku.</p>",wall-clocks,FILL,1000,50.00,1,FixedPrice,GTC,Bourne End,SL8 5NF,14,"KK-CLK-VITUS-GLD-002",5018705961248,,"Kaiku","Gold","","","Modern",56,4,56,cm,,"https://cdn.sanity.io/images/huh1e45n/production/b5fe30c296fd4205b8e211a1f0a7a805a345f5dc-1280x1280.jpg | https://cdn.sanity.io/images/huh1e45n/production/9b73a6243c6ef356f9a5fe82462d56d4f4bc3744-1200x1200.jpg | https://cdn.sanity.io/images/huh1e45n/production/d220f086a7875b5272a4b34cf89363b762bda9d8-1200x1200.jpg | https://cdn.sanity.io/images/huh1e45n/production/3f01e8d9b82c5c99aa7af88a8263c1e531772f24-1200x1200.jpg | https://cdn.sanity.io/images/huh1e45n/production/ca6751efcaf8ddfa8bbc17ccd4d11f39148a1b0f-1200x1200.jpg | https://cdn.sanity.io/images/huh1e45n/production/9c52bc01fc3316ec5f887159038af0c1e9efc157-1200x1200.jpg"
43.77,,NO — margin overstated,12.17,21.4,"Premier Housewares","5505799",NOT PERMITTED — ask supplier,,6,"Black Resin Darnell Small Chevron Planter 22x22cm","<p>The Darnell Small Chevron Planter combines a black finish with an etched chevron pattern, supported by beechwood legs. It is crafted from a blend of durable materials.</p><ul><li>Dimensions: 22 x 22 x 43 cm</li><li>Material: Resin</li><li>Colour: Black</li></ul><p>Free UK delivery. Sold by Kaiku.</p>",planters,FILL,1000,57.00,1,FixedPrice,GTC,Bourne End,SL8 5NF,14,"KK-PLNT-DARNELL-BLK-007",5018705468303,,"Kaiku","Black","Resin","","Modern",22,22,43,cm,,"https://cdn.sanity.io/images/huh1e45n/production/c6578f19d8aa87337952316f84ee71678a4dae83-799x1200.jpg | https://cdn.sanity.io/images/huh1e45n/production/192e6deb2611a77d9625ddca27919519de507052-799x1200.jpg | https://cdn.sanity.io/images/huh1e45n/production/9676381d4a7b38d649c590d1ef755bc8f486c004-1280x853.jpg | https://cdn.sanity.io/images/huh1e45n/production/a4c9f4e18dc5cf3c2b51815838d96d3eab1872a4-799x1200.jpg | https://cdn.sanity.io/images/huh1e45n/production/0dcbee1d59636fa5357f7f9e378b8477f62d1291-1199x799.jpg | https://cdn.sanity.io/images/huh1e45n/production/1eeffb8fbb6dcf9825a8dcb4148f7e7f63861bc0-899x1199.jpg"
22.27,8.39,yes,8.54,21.3,"Hill Interiors","21766",yes,,3,"Green Ceramic Garda Emerald Glazed Liv Vase 18x18cm","<p>A ceramic vase in green with an emerald glazed finish, 18 x 18 x 28cm and 1.5kg.</p><ul><li>Dimensions: 18 x 18 x 28 cm</li><li>Weight: 1.5kg</li><li>Material: Ceramic</li><li>Colour: Green</li></ul><p>Free UK delivery. Sold by Kaiku.</p>",vases,FILL,1000,40.00,1,FixedPrice,GTC,Bourne End,SL8 5NF,14,"KK-VASE-GARDA-GRN-001",5050140176689,,"Kaiku","Green","Ceramic","","Modern",18,18,28,cm,1.5kg,"https://cdn.sanity.io/images/huh1e45n/production/ab38647537b4784bc2858481306d37bd126584f8-1800x1800.jpg | https://cdn.sanity.io/images/huh1e45n/production/14f140a56b13869636e6cfda1dcf16bfa95d48e9-1800x1800.jpg | https://cdn.sanity.io/images/huh1e45n/production/5cdf4220c3c2ca99d8d4c8d00493ceda196adcea-1800x1800.jpg"
22.27,8.39,yes,8.54,21.3,"Hill Interiors","23677",yes,130,2,"13.6m Warm White Decorative LED String Lights","<p>A 13.6m plug-in LED string with 500 warm white light points on silver-toned wire, weighing 0.43kg. LEDs included.</p><ul><li>Weight: 0.43kg</li><li>Colour: White</li></ul><p>Free UK delivery. Sold by Kaiku.</p>",lighting,FILL,1000,40.00,5,FixedPrice,GTC,Bourne End,SL8 5NF,14,"KK-LT-WARM-001",5050140367780,,"Kaiku","White","","Garden","",,,,cm,0.43kg,"https://cdn.sanity.io/images/huh1e45n/production/d963ada651fa29754512f8ebca2e7eee5797df98-1600x1600.jpg | https://cdn.sanity.io/images/huh1e45n/production/a2d92862e3c0b149b389c3ab57b04a104e37f293-1600x1600.jpg"
21.41,,NO — margin overstated,5.97,21.3,"Premier Housewares","0507598",NOT PERMITTED — ask supplier,286,6,"Vertex Hexagonal Basket 38x13cm","<p>A woven iron basket in a hexagonal frame, 38cm wide x 33cm tall and only 13cm deep, weighing 4.3kg. Shallow enough to sit flat against a wall on a shelf or worktop.</p><ul><li>Contemporary design</li><li>Sleek iron construction</li><li>Warm metallic finish</li></ul><ul><li>Dimensions: 38 x 13 x 33 cm</li></ul><p>Free UK delivery. Sold by Kaiku.</p>",bathroom-storage,FILL,1000,28.00,5,FixedPrice,GTC,Bourne End,SL8 5NF,14,"KK-BATS-VERTEX-004",5018705490519,,"Kaiku","","","","Contemporary",38,13,33,cm,,"https://cdn.sanity.io/images/huh1e45n/production/9b3352cf372d7694eb114a5d31dc5b6268b8e8a1-1280x1280.jpg | https://cdn.sanity.io/images/huh1e45n/production/ddfce11b7c9f63df725fba3769d8f65250d0ffbf-1280x1280.jpg | https://cdn.sanity.io/images/huh1e45n/production/250926619d9e9f7fe366c88e61d7bf104abd6987-1280x1280.jpg | https://cdn.sanity.io/images/huh1e45n/production/2a200c3bfb13bd46b85499e5d4fb9d1f2b72795f-1280x1280.jpg | https://cdn.sanity.io/images/huh1e45n/production/d071b903d4dcd6e16f1733c83a3374f1e8f48f9e-1280x1280.jpg | https://cdn.sanity.io/images/huh1e45n/production/7a22a3c6ab34f2781703f76b6f77eeeffd20866c-1280x1280.jpg"
36.08,,NO — margin overstated,10.02,21.3,"Premier Housewares","2201020",NOT PERMITTED — ask supplier,,1,"Glass Baillie Rose Gold and Mirror Wall Clock 40x6cm","<p>The Baillie Rose Gold and Mirror Wall Clock features a minimal design with a mirrored face, crafted from durable materials including glass and iron.</p><ul><li>Dimensions: 40 x 6 x 40 cm</li><li>Material: Glass</li><li>Colour: Gold</li></ul><p>Free UK delivery. Sold by Kaiku.</p>",wall-clocks,FILL,1000,47.00,1,FixedPrice,GTC,Bourne End,SL8 5NF,14,"KK-CLK-BAILLIE-GLD-001",5018705402109,,"Kaiku","Gold","Glass","","Modern",40,6,40,cm,,"https://cdn.sanity.io/images/huh1e45n/production/ce039b1dcc06276f14764b6c060bbbc509e50ee1-1200x1200.jpg"
38.41,,NO — margin overstated,10.64,21.3,"Premier Housewares","1411604",NOT PERMITTED — ask supplier,,5,"Plastic Lentigo Set Of Two White Planters 33x33cm","<p>The Lentigo Set of Two White Planters features a woven pattern made from plastic, seagrass, and wood. Ideal for adding a rustic touch and perfect for various indoor plants.</p><ul><li>Dimensions: 33 x 33 x 41 cm</li><li>Material: Plastic</li><li>Colour: White</li></ul><p>Free UK delivery. Sold by Kaiku.</p>",planters,FILL,1000,50.00,1,FixedPrice,GTC,Bourne End,SL8 5NF,14,"KK-PLNT-LENTIGO-WHT-001",5018705964522,,"Kaiku","White","Plastic","","Boho",33,33,41,cm,,"https://cdn.sanity.io/images/huh1e45n/production/39d1d9fc15cd5d983bee1259d877b565cac30f76-1280x1280.jpg | https://cdn.sanity.io/images/huh1e45n/production/6850b41d675c75284d336d7c904b7b5308323336-1280x1280.jpg | https://cdn.sanity.io/images/huh1e45n/production/4485b71be46e998f26d8d57374cb5e2945745705-1280x1280.jpg | https://cdn.sanity.io/images/huh1e45n/production/21ca022978867c2e5b0427700bd6c04d0248bc26-1280x1280.jpg | https://cdn.sanity.io/images/huh1e45n/production/cc212ff0dbb1eca80226e9ba84a2386699079bef-1280x1280.jpg"
47.70,,NO — margin overstated,13.17,21.2,"Premier Housewares","5506324",NOT PERMITTED — ask supplier,,6,"Hania Large Glass Vase with Abstract Pattern 14x14cm","<p>The Hania Large Glass Vase, crafted from glass, features an abstract pattern and measures 14 × 14 × 38 cm.</p><ul><li>Dimensions: 14 x 14 x 38 cm</li><li>Material: Glass</li></ul><p>Free UK delivery. Sold by Kaiku.</p>",vases,FILL,1000,62.00,1,FixedPrice,GTC,Bourne End,SL8 5NF,14,"KK-VASE-HANIA-002",5018705974736,,"Kaiku","","Glass","","Modern",14,14,38,cm,,"https://cdn.sanity.io/images/huh1e45n/production/4b31d654593a30d033ff0dbc7e12a23601821488-1280x1280.jpg | https://cdn.sanity.io/images/huh1e45n/production/2de903cc559ef838dc0602460806e1d870f96a0b-1280x1280.jpg | https://cdn.sanity.io/images/huh1e45n/production/c580c29cdf1499281d586433ce86aa1d66169cf5-1280x1280.jpg | https://cdn.sanity.io/images/huh1e45n/production/9e8ff112eb2d07d9fbcf795afa83eb4974fb1ac6-1280x1280.jpg | https://cdn.sanity.io/images/huh1e45n/production/ba8377e767cab616c9f2dc352cbb16a86e3736e7-1280x1280.jpg | https://cdn.sanity.io/images/huh1e45n/production/357429b2380b2291c8d57f8da6036b8ba1458a9d-1280x1280.jpg"
52.40,,NO — margin overstated,14.38,21.1,"Premier Housewares","1411648",NOT PERMITTED — ask supplier,,5,"Avento Set Of Three Black Finish Planters 15x15cm","<p>Avento Set Of Three Black Finish Planters are crafted from iron. Each planter features a black finish, making them suitable for any décor.</p><ul><li>Dimensions: 15 x 15 x 26 cm</li><li>Colour: Black</li></ul><p>Free UK delivery. Sold by Kaiku.</p>",planters,FILL,1000,68.00,1,FixedPrice,GTC,Bourne End,SL8 5NF,14,"KK-PLNT-AVENTO-BLK-002",5018705978314,,"Kaiku","Black","","","Modern",15,15,26,cm,,"https://cdn.sanity.io/images/huh1e45n/production/cbddbe1cbbb10393c82acacfbc9ebd9088b0aabe-1200x1200.jpg | https://cdn.sanity.io/images/huh1e45n/production/601bd8f56eb3e1edc0dcf29ef1c8d6e008fd54c6-1200x1200.jpg | https://cdn.sanity.io/images/huh1e45n/production/24648406ab931d77e8472e44bf6b262edc2c3f3f-1200x1200.jpg | https://cdn.sanity.io/images/huh1e45n/production/9b3faa7daa789153b6867e2793bafb236de05f8b-1200x1200.jpg | https://cdn.sanity.io/images/huh1e45n/production/d7da378bfc55abd2b07ae5e482e9e1bf432d118c-1200x1200.jpg"
29.98,,NO — margin overstated,8.23,21.1,"Premier Housewares","5535006",NOT PERMITTED — ask supplier,,4,"Allegra Champagne Finish Tissue Box 13x13cm","<p>A tissue box in aluminium, 13 x 13 x 13cm. 3.1kg shipped.</p><ul><li>Chic champagne finish</li><li>Textured aluminium surface</li><li>Versatile minimalist design</li></ul><ul><li>Dimensions: 13 x 13 x 13 cm</li></ul><p>Free UK delivery. Sold by Kaiku.</p>",bathroom-accessories,FILL,1000,39.00,1,FixedPrice,GTC,Bourne End,SL8 5NF,14,"KK-BATA-ALLEGRA-006",5018705950419,,"Kaiku","","","","Modern",13,13,13,cm,,"https://cdn.sanity.io/images/huh1e45n/production/587d25fbcb7639ee6de5e58624b98564f061cde4-1280x1280.jpg | https://cdn.sanity.io/images/huh1e45n/production/27c7ae45e49927bbb5bdf3fb3ed7c511b17c94e9-1280x1280.jpg | https://cdn.sanity.io/images/huh1e45n/production/fa1cedbfb0e7b3550d1ee17dc9750595150172b0-1280x1280.jpg | https://cdn.sanity.io/images/huh1e45n/production/88e498a8cc923894916754f62fa0c6e78f753fda-1280x1280.jpg"
46.24,,NO — margin overstated,12.66,21.1,"Premier Housewares","5505788",NOT PERMITTED — ask supplier,,4,"Darnell Small White Finish Rounded Planter 31x31cm","<p>A planter in magnesia fibreglass and beechwood, 31 x 31 x 46cm. 3.5kg shipped.</p><ul><li>Dimensions: 31 x 31 x 46 cm</li><li>Colour: White</li></ul><p>Free UK delivery. Sold by Kaiku.</p>",planters,FILL,1000,60.00,1,FixedPrice,GTC,Bourne End,SL8 5NF,14,"KK-PLNT-DARNELL-WHT-002",5018705468198,,"Kaiku","White","","","Modern",31,31,46,cm,,"https://cdn.sanity.io/images/huh1e45n/production/8eea6290f18c310c632572d033a5d5b75010102f-1280x1280.jpg | https://cdn.sanity.io/images/huh1e45n/production/ad06d9af27f76da8d60bf00b4b19d3ff96f49313-1280x1280.jpg | https://cdn.sanity.io/images/huh1e45n/production/2a3ae56efe3d7a4c463bbe765eb37b2a9eaf0efc-1280x1280.jpg | https://cdn.sanity.io/images/huh1e45n/production/b05ae4aee3b8167157ba6e2995b54ddf68b64447-1280x1280.jpg"
48.72,8.39,yes,15.58,21.1,"Hill Interiors","24308",yes,4,4,"Green Plastic Kyra French Grey Chair 46x43cm","<p>An outdoor chair moulded from plastic in a French grey finish, 46 x 43 x 80cm and 4.6kg.</p><ul><li>Ergonomic design</li><li>UV-resistant finish</li><li>Eco-friendly construction</li><li>Classic French grey</li><li>Durable garden furniture</li></ul><ul><li>Dimensions: 46 x 43 x 80 cm</li><li>Weight: 4.6kg</li><li>Material: Plastic</li><li>Colour: Green</li></ul><p>Free UK delivery. Sold by Kaiku.</p>",garden-furniture,FILL,1000,74.00,4,FixedPrice,GTC,Bourne End,SL8 5NF,3,"KK-GARF-KYRA-GRN-001",5050140430880,,"Kaiku","Green","Plastic","","Elegant",46,43,80,cm,4.6kg,"https://cdn.sanity.io/images/huh1e45n/production/5de22b00c9fde00ab5d9675f2a30f777da9b28dd-1600x1600.jpg | https://cdn.sanity.io/images/huh1e45n/production/30ffb1ed7a85dc55f3d992f4dd5b72af6b6dad11-1600x1600.jpg | https://cdn.sanity.io/images/huh1e45n/production/abf142ec51b1ccd4e6a5acd621225a19d502f4cf-1600x1600.jpg | https://cdn.sanity.io/images/huh1e45n/production/58f2fce37d0ab735759651a9fffff3da60ed0023-1600x1600.jpg"
47.05,,NO — margin overstated,12.84,21.0,"Premier Housewares","1411658",NOT PERMITTED — ask supplier,,6,"Asher Two Tier Black Plant Stand 22x22cm","<p>The Asher Two Tier Black Plant Stand is a robust iron planter designed for indoor use.</p><ul><li>Dimensions: 22 x 22 x 53 cm</li><li>Colour: Black</li></ul><p>Free UK delivery. Sold by Kaiku.</p>",planters,FILL,1000,61.00,1,FixedPrice,GTC,Bourne End,SL8 5NF,14,"KK-PLNT-ASHER-BLK-001",5018705978956,,"Kaiku","Black","","","Modern",22,22,53,cm,,"https://cdn.sanity.io/images/huh1e45n/production/f4ceaac1c4f9a878801803bf505618484bd1aefb-1280x1280.jpg | https://cdn.sanity.io/images/huh1e45n/production/aceb04fbfd5f692ab735d02f50a32c5aba23cd8e-1280x1280.jpg | https://cdn.sanity.io/images/huh1e45n/production/e46329d28b2b053cef2cc3c2e1c58806dcd09995-1280x1280.jpg | https://cdn.sanity.io/images/huh1e45n/production/e745451099162015852ab08aa752748721ba9d68-899x1199.jpg | https://cdn.sanity.io/images/huh1e45n/production/80ce6e28be32d34fc21b0de1eb2404ca29ddea82-1280x1280.jpg | https://cdn.sanity.io/images/huh1e45n/production/7591a7f8004c5d6b2e3fe77d20daeefb42b8d85b-1280x1280.jpg"
41.76,8.39,yes,13.68,21.0,"Hill Interiors","18282",yes,1,3,"Blue Ceramic Medium Conran Vase 22x22cm","<p>A ceramic vase in blue, 22 x 22cm at the base and 38cm tall, weighing 3.85kg. For indoor use with fresh or dried flowers.</p><ul><li>Dimensions: 22 x 22 x 38 cm</li><li>Weight: 3.85kg</li><li>Material: Ceramic</li><li>Colour: Blue</li></ul><p>Free UK delivery. Sold by Kaiku.</p>",vases,FILL,1000,65.00,1,FixedPrice,GTC,Bourne End,SL8 5NF,14,"KK-VASE-CONRAN-BLU-001",5050140818299,,"Kaiku","Blue","Ceramic","","Modern",22,22,38,cm,3.85kg,"https://cdn.sanity.io/images/huh1e45n/production/07095e03a45b4357effb08b90a7212b585be2804-1800x1800.jpg | https://cdn.sanity.io/images/huh1e45n/production/dca69bcd9ef45c664af66b9b38b4c8ccaab7578d-1800x1800.jpg | https://cdn.sanity.io/images/huh1e45n/production/41f13b60ffe7dd71c22be01dc6a6e7b73722c028-1800x1800.jpg"
64.91,,NO — margin overstated,17.63,21.0,"Premier Housewares","2502411",NOT PERMITTED — ask supplier,77,5,"Stockholm Chrome Finish Tapered Floor Lamp 45x45cm","<p>The Stockholm Chrome Finish Tapered Floor Lamp combines contemporary elegance with functionality, featuring a chrome finish and a white fabric tapered shade. Standing at 151 cm tall with a diameter of 45 cm, it suits various modern interiors and is a perfect fit for living rooms, bedrooms, and office spaces. Crafted from a blend of materials, including iron and polycotton, this floor lamp adds a luxe touch to your decor. With its adjustable placed effectively in tight spaces, it invites a warm glow while saving room without sacrificing style. Complete with assembly instructions, the lamp requires attention when setting up. Importantly, it does not come with a light bulb, requiring an E27 cap type bulb of up to 60 watts for completion.</p><ul><li>Dimensions: 45 x 45 x 151 cm</li></ul><p>Free UK delivery. Sold by Kaiku.</p>",lighting,FILL,1000,84.00,5,FixedPrice,GTC,Bourne End,SL8 5NF,14,"KK-LT-STOCKHOLM-002",5018705949864,,"Kaiku","","","","Modern",45,45,151,cm,,"https://cdn.sanity.io/images/huh1e45n/production/8f18ac19776ef4cd38f126fe3d59609e4e597c34-1280x1280.jpg | https://cdn.sanity.io/images/huh1e45n/production/4b3fb33826faeaf2f6a2e367aa51e4ff9e8e24b7-1280x1280.jpg | https://cdn.sanity.io/images/huh1e45n/production/314a0b37ac539432dc1bc7b0d00c990a7f18812f-1280x1280.jpg | https://cdn.sanity.io/images/huh1e45n/production/215a01f5e575d299b89fa92312e07698f50a79d1-1280x1280.jpg | https://cdn.sanity.io/images/huh1e45n/production/710fa257eaa76c2448f6e4fd263c4f80f5beeecb-1280x1280.jpg"
63.41,,NO — margin overstated,17.16,20.9,"Premier Housewares","2200970",NOT PERMITTED — ask supplier,,1,"Vitus Black and Gold Metal Wall Clock 80x4cm","<p>A wall clock in metal, 80 x 4 x 80cm and 2.6kg. Takes 1 x AA, not supplied.</p><ul><li>Dimensions: 80 x 4 x 80 cm</li><li>Material: Metal</li><li>Colour: Gold</li></ul><p>Free UK delivery. Sold by Kaiku.</p>",wall-clocks,FILL,1000,82.00,1,FixedPrice,GTC,Bourne End,SL8 5NF,14,"KK-CLK-VITUS-GLD-001",5018705344751,,"Kaiku","Gold","Metal","","Modern",80,4,80,cm,,"https://cdn.sanity.io/images/huh1e45n/production/c812562ddff28c506ccedf7f406b7ddf1b9c5936-1200x1200.jpg"
57.21,,NO — margin overstated,15.48,20.9,"Premier Housewares","5506424",NOT PERMITTED — ask supplier,,6,"Natural Resin Darnell Brown Planter With Angular Legs 28x28cm","<p>A footed planter in magnesia and fibreglass with beech wood legs, 28cm in diameter and 49.5cm tall, 9.6kg empty. Plant it in place — filled with damp compost it is considerably heavier.</p><ul><li>Dimensions: 28 x 28 x 49.5 cm</li><li>Material: Resin</li><li>Colour: Natural</li></ul><p>Free UK delivery. Sold by Kaiku.</p>",planters,FILL,1000,74.00,1,FixedPrice,GTC,Bourne End,SL8 5NF,14,"KK-PLNT-DARNELL-NAT-008",5018705977225,,"Kaiku","Natural","Resin","","Modern",28,28,49.5,cm,,"https://cdn.sanity.io/images/huh1e45n/production/a71cb0e75bc390594dc3a4a9ae96a8bfcb11e5fd-1200x1200.jpg | https://cdn.sanity.io/images/huh1e45n/production/999d1f35291c3ac039417912c2ac747d3a136dd3-1200x1200.jpg | https://cdn.sanity.io/images/huh1e45n/production/7d4ef14ecb76a68feaa612331823ee2aa2028f3d-1200x1200.jpg | https://cdn.sanity.io/images/huh1e45n/production/1ec954b7f0cea41b7e3491a008d308c9b0fb5732-1200x1200.jpg | https://cdn.sanity.io/images/huh1e45n/production/aa4b0f1a5c21e8d6a2237d99052cb2254c85f0e7-1200x1200.jpg | https://cdn.sanity.io/images/huh1e45n/production/8798540c2782dad78cf7e840ff8c1ee15a8b501a-1200x1200.jpg"
46.39,,NO — margin overstated,12.51,20.8,"Premier Housewares","1411659",NOT PERMITTED — ask supplier,,6,"Asher Two Tier Grey Plant Stand 22x22cm","<p>The Asher Two Tier Grey Plant Stand is crafted from robust iron, featuring a grey finish. Its two-tier design offers ample space for greenery without taking up much room.</p><ul><li>Dimensions: 22 x 22 x 53 cm</li><li>Colour: Grey</li></ul><p>Free UK delivery. Sold by Kaiku.</p>",planters,FILL,1000,60.00,1,FixedPrice,GTC,Bourne End,SL8 5NF,14,"KK-PLNT-ASHER-GRY-001",5018705978963,,"Kaiku","Grey","","","Modern",22,22,53,cm,,"https://cdn.sanity.io/images/huh1e45n/production/1de2ef025af1c946beb63a57f9b82ed3fe342539-1280x1280.jpg | https://cdn.sanity.io/images/huh1e45n/production/ac87ed927435e6ed352e2df9302a70b468a095c2-1280x1280.jpg | https://cdn.sanity.io/images/huh1e45n/production/2a4673b1e6d166889a862b8083a2f8c2bb2bee7f-1280x1280.jpg | https://cdn.sanity.io/images/huh1e45n/production/84af88e39481457fc39f5c97512fd1f2e66f070d-899x1199.jpg | https://cdn.sanity.io/images/huh1e45n/production/50d1c8438d1a64f774eb68c1a825784a2f5e1243-1280x1280.jpg | https://cdn.sanity.io/images/huh1e45n/production/a2d65a01bcce73d4a7727885f7252448befc5076-1280x1280.jpg"
56.55,,NO — margin overstated,15.16,20.8,"Premier Housewares","2201113",NOT PERMITTED — ask supplier,,6,"Grey Glass Vitus Large Wall Clock 60x5cm","<p>The Vitus Large Wall Clock features a contemporary design crafted from wood and glass. With a diameter of 60cm, it perfectly complements various home settings, from an office to a living room.</p><ul><li>Dimensions: 60 x 5 x 60 cm</li><li>Material: Glass, Plastic, Wood</li><li>Colour: Grey</li></ul><p>Free UK delivery. Sold by Kaiku.</p>",wall-clocks,FILL,1000,73.00,1,FixedPrice,GTC,Bourne End,SL8 5NF,14,"KK-CLK-VITUS-GRY-001",5018705961170,,"Kaiku","Grey","Glass","","Modern",60,5,60,cm,,"https://cdn.sanity.io/images/huh1e45n/production/81ca94f57cb272e02efb7dfb3d7f72dfd3b80da2-1280x1280.jpg | https://cdn.sanity.io/images/huh1e45n/production/dbe347d888b6f5261abaf901be754496abaaa5e1-1200x1200.jpg | https://cdn.sanity.io/images/huh1e45n/production/0ad1c7fd378eeadf0ca5ec00d129884767ff4850-1280x1280.jpg | https://cdn.sanity.io/images/huh1e45n/production/3bce408a3b9a69beb928150a8663977d1c3086c5-1200x1200.jpg | https://cdn.sanity.io/images/huh1e45n/production/a92ace15eea1e5f6ec7c0c2ba48f0bb54038151e-1200x1200.jpg | https://cdn.sanity.io/images/huh1e45n/production/6695b235e27cfafed5a28d3147e166acfea88fba-1280x1280.jpg"
22.35,,NO — margin overstated,6.01,20.7,"Premier Housewares","5506191",NOT PERMITTED — ask supplier,,6,"Stoneware Yuri Large Terracotta Gold Spotted Planter 18x18cm","<p>The Yuri Large Terracotta Gold Spotted Planter is a handcrafted stoneware pot with a gold-spotted finish.</p><ul><li>Dimensions: 18 x 18 x 17 cm</li><li>Material: Stoneware</li><li>Colour: Gold</li></ul><p>Free UK delivery. Sold by Kaiku.</p>",planters,FILL,1000,29.00,1,FixedPrice,GTC,Bourne End,SL8 5NF,14,"KK-PLNT-YURI-001",5018705953410,,"Kaiku","Gold","Stoneware","","Modern",18,18,17,cm,,"https://cdn.sanity.io/images/huh1e45n/production/1c68afae8b4f9bf169b62660711d69e432a435ac-1280x1280.jpg | https://cdn.sanity.io/images/huh1e45n/production/c087fbd386b64a15f75df7c2e1ec4f09a4395fab-1280x1280.jpg | https://cdn.sanity.io/images/huh1e45n/production/e5149d665f2cef6f5468068786c98064f03a74b9-1280x1280.jpg | https://cdn.sanity.io/images/huh1e45n/production/d211aa59b5176a80feddd1c7c945eea67388a203-1280x1280.jpg | https://cdn.sanity.io/images/huh1e45n/production/128433987aedfc86406e2b3b6e8fdf66df43e3a2-1280x1280.jpg | https://cdn.sanity.io/images/huh1e45n/production/c4a569ba06a154ddc6e0344333ee2a12dc32b8ed-900x1200.jpg"
61.25,,NO — margin overstated,16.36,20.7,"Premier Housewares","5505783",NOT PERMITTED — ask supplier,,5,"Darnell Large Black Geometric Planter with Legs 39x39cm","<p>Crafted from a blend of magnesia and fibreglass, it features a geometric design and sturdy beechwood legs.</p><ul><li>Dimensions: 39 x 39 x 62 cm</li><li>Colour: Black</li></ul><p>Free UK delivery. Sold by Kaiku.</p>",planters,FILL,1000,79.00,1,FixedPrice,GTC,Bourne End,SL8 5NF,14,"KK-PLNT-DARNELL-BLK-001",5018705468143,,"Kaiku","Black","","","Modern",39,39,62,cm,,"https://cdn.sanity.io/images/huh1e45n/production/8f72b347f39d73b63a6c4d0c1c589b3eac468a44-1280x1280.jpg | https://cdn.sanity.io/images/huh1e45n/production/ce58352fba1bbba911d0a7547817f131771ac362-1280x1280.jpg | https://cdn.sanity.io/images/huh1e45n/production/d1fcd78347b3768a1e7f7a1d62a68f9f6ed31633-1280x1280.jpg | https://cdn.sanity.io/images/huh1e45n/production/4422467403ffaefac0d7e3279d73715057f55451-1280x1280.jpg | https://cdn.sanity.io/images/huh1e45n/production/8209b2a80f20e316dd36d47f885b5baccf410695-1280x1280.jpg"
44.14,,NO — margin overstated,11.80,20.7,"Premier Housewares","5505801",NOT PERMITTED — ask supplier,,2,"Resin Darnell Small Black And White Finish Planter 22x22cm","<p>A planter on beech wood legs with a magnesia composite bowl in a black and white finish, 21.5cm across and 42cm tall, weighing 12.7kg empty. Arrives fully assembled.</p><ul><li>Dimensions: 21.5 x 21.5 x 42 cm</li><li>Material: Resin</li><li>Colour: Black</li></ul><p>Free UK delivery. Sold by Kaiku.</p>",planters,FILL,1000,57.00,1,FixedPrice,GTC,Bourne End,SL8 5NF,14,"KK-PLNT-DARNELL-BLK-002",5018705977157,,"Kaiku","Black","Resin","","Modern",21.5,21.5,42,cm,,"https://cdn.sanity.io/images/huh1e45n/production/8974c99b3d762c9385677890df8c5065d6e8c185-1200x1200.jpg | https://cdn.sanity.io/images/huh1e45n/production/bf7dcaf2b653b1e3181ea04a14d27b033d720889-1200x1200.jpg"
44.15,,NO — margin overstated,11.80,20.7,"Premier Housewares","5506395",NOT PERMITTED — ask supplier,,2,"Deomali Black Finish Large Bottle Vase 13x12cm","<p>The Deomali Black Finish Large Bottle Vase is a handcrafted piece made from 100% aluminium, showcasing an etched linear design. Perfect for adding a contemporary touch to any decor, it measures 13 × 12 × 37 cm.</p><ul><li>Dimensions: 13 x 12 x 37 cm</li><li>Colour: Black</li></ul><p>Free UK delivery. Sold by Kaiku.</p>",vases,FILL,1000,57.00,1,FixedPrice,GTC,Bourne End,SL8 5NF,14,"KK-VASE-DEOMALI-BLK-001",5018705975832,,"Kaiku","Black","","","Modern",13,12,37,cm,,"https://cdn.sanity.io/images/huh1e45n/production/8a20c29bbd6ec4089a96800ccd962bd1d7787e9c-1280x1280.jpg | https://cdn.sanity.io/images/huh1e45n/production/241d21ff83a429e5ae6d631defab48feefd7c01c-1280x1280.jpg"
64.40,,NO — margin overstated,17.15,20.7,"Premier Housewares","2404467",NOT PERMITTED — ask supplier,,1,"Polyester Black Garden Chair 60x72cm","<p>The Black Garden Chair boasts a strong aluminium frame and a monochrome colour scheme, perfect for enhancing your outdoor space. Measuring 60 × 72 × 86 cm, this chair is designed for comfortable seating. Ideal for gardens, patios, or balconies, it complements various outdoor styles effortlessly. Suitable for everyday use, it can easily become a staple in your garden furniture collection. With its water-resistant coating, this chair is prepared for occasional summer showers. Its black colour adds a modern touch, suitable for both traditional and contemporary garden settings while promising a yet functional addition to your outdoor furniture.</p><ul><li>Aluminium frame</li><li>Water-resistant coating</li><li>Soft armrests</li><li>Monochrome design</li></ul><ul><li>Dimensions: 60 x 72 x 86 cm</li><li>Material: Polyester</li><li>Colour: Black</li></ul><p>Free UK delivery. Sold by Kaiku.</p>",garden-furniture,FILL,1000,83.00,1,FixedPrice,GTC,Bourne End,SL8 5NF,14,"KK-GARF-BLACK-BLK-001",5018705336299,,"Kaiku","Black","Polyester","","Modern",60,72,86,cm,,"https://cdn.sanity.io/images/huh1e45n/production/635bd1352f69304a7deb880a0f4519b1687137f8-1200x1200.jpg"
54.30,,NO — margin overstated,14.45,20.6,"Premier Housewares","5505128",NOT PERMITTED — ask supplier,,6,"Glass Kensington Townhouse Nickel Finish Large Floorstanding Candle Holder","<p>The Kensington Townhouse Nickel Finish Large Floorstanding Candle Holder features a nickel-coated aluminium design, standing at 113 cm tall.</p><ul><li>Dimensions: 21 x 21 x 113 cm</li><li>Material: Glass</li></ul><p>Free UK delivery. Sold by Kaiku.</p>",candles-and-lanterns,FILL,1000,70.00,1,FixedPrice,GTC,Bourne End,SL8 5NF,14,"KK-CAND-KENSINGTON-002",5018705392769,,"Kaiku","","Glass","","Modern",21,21,113,cm,,"https://cdn.sanity.io/images/huh1e45n/production/3a3937f3ecb92d13e4724ab8bd5a939653b14ab9-1280x1280.jpg | https://cdn.sanity.io/images/huh1e45n/production/a80d488eeea1c0e9e3cc46c8a7ea702555c6d06e-1280x1280.jpg | https://cdn.sanity.io/images/huh1e45n/production/c64f2d4dfe88c78f41de09f9b66448a7f06cf33c-1280x1280.jpg | https://cdn.sanity.io/images/huh1e45n/production/f7651d1d144e8f52a3c8c9ea01204f85a83b5221-1280x1280.jpg | https://cdn.sanity.io/images/huh1e45n/production/b2c6e23142f4fad5b686c942a7af432681f28ab3-1280x1280.jpg | https://cdn.sanity.io/images/huh1e45n/production/f658ddd1c50561d86ff41994e7413189e51ffbbc-900x1200.jpg"
54.31,,NO — margin overstated,14.44,20.6,"Premier Housewares","5505789",NOT PERMITTED — ask supplier,,6,"Darnell Medium Grey Speckled Planter 41x41cm","<p>A planter in beechwood and magnesia fibreglass, 41 x 41 x 56cm.</p><ul><li>Dimensions: 41 x 41 x 56 cm</li><li>Colour: Grey</li></ul><p>Free UK delivery. Sold by Kaiku.</p>",planters,FILL,1000,70.00,1,FixedPrice,GTC,Bourne End,SL8 5NF,14,"KK-PLNT-DARNELL-GRY-002",5018705468204,,"Kaiku","Grey","","","Modern",41,41,56,cm,,"https://cdn.sanity.io/images/huh1e45n/production/8e1cf9b994758d97b49657acf7324bb30f8c6d96-1280x1280.jpg | https://cdn.sanity.io/images/huh1e45n/production/151dd68d1fc3cdec8a5a83a72f2ccf039f17e09b-1280x1280.jpg | https://cdn.sanity.io/images/huh1e45n/production/eff795a627998474c64b9de6280a69dadd32034f-1280x1280.jpg | https://cdn.sanity.io/images/huh1e45n/production/7d31fb925e5660f0ce6f278a16425a87e9728c2e-1280x1280.jpg | https://cdn.sanity.io/images/huh1e45n/production/1d2d16bb4d81a6e27f24712b2e5895f118b96773-900x1200.png | https://cdn.sanity.io/images/huh1e45n/production/cfc716b40f58667d8427be4ae8398de57861432d-1200x1200.png"
62.89,,NO — margin overstated,16.70,20.6,"Premier Housewares","5505793",NOT PERMITTED — ask supplier,,5,"Resin Darnell Small White Planter 29x29cm","<p>The Darnell Small White Planter features a crisp white exterior and a gold finish interior, made from a blend of renewable materials for eco-friendly indoor or outdoor planting.</p><ul><li>Dimensions: 29 x 29 x 55 cm</li><li>Material: Resin</li><li>Colour: White</li></ul><p>Free UK delivery. Sold by Kaiku.</p>",planters,FILL,1000,81.00,1,FixedPrice,GTC,Bourne End,SL8 5NF,14,"KK-PLNT-DARNELL-WHT-003",5018705988733,,"Kaiku","White","Resin","","Modern",29,29,55,cm,,"https://cdn.sanity.io/images/huh1e45n/production/41662c91bf2b1a62ce0d62c06b0e26551c31c9e3-1280x1280.jpg | https://cdn.sanity.io/images/huh1e45n/production/41662c91bf2b1a62ce0d62c06b0e26551c31c9e3-1280x1280.jpg | https://cdn.sanity.io/images/huh1e45n/production/b37257606120fe8304dacacb65af368b37dc3176-1280x1280.jpg | https://cdn.sanity.io/images/huh1e45n/production/e7112ca2eed88c1ac033314b645241253d58e141-1280x1280.jpg | https://cdn.sanity.io/images/huh1e45n/production/de4cb9cfd8e3c97d70e565b314d55cbbfecce073-1280x1280.jpg"
62.89,,NO — margin overstated,16.70,20.6,"Premier Housewares","5515084",NOT PERMITTED — ask supplier,8,8,"Batu Set Of 2 Natural Rattan Baskets 40x40cm","<p>A basket in rattan and iron, 40 x 40 x 35cm. 2.5kg shipped.</p><ul><li>Set of 2 baskets</li><li>Sustainable rattan</li><li>Black strap handles</li></ul><ul><li>Dimensions: 40 x 40 x 35 cm</li><li>Material: Rattan</li><li>Colour: Natural</li></ul><p>Free UK delivery. Sold by Kaiku.</p>",bathroom-storage,FILL,1000,81.00,5,FixedPrice,GTC,Bourne End,SL8 5NF,14,"KK-BATS-BATU-001",5018705495958,,"Kaiku","Natural","Rattan","","Boho",40,40,35,cm,,"https://cdn.sanity.io/images/huh1e45n/production/ac05b34d8d14b32130c247c15489431280dc1179-1280x1280.jpg | https://cdn.sanity.io/images/huh1e45n/production/07c939ff5c5b4f89f4acec4a32b0412610e31ad1-1280x1280.jpg | https://cdn.sanity.io/images/huh1e45n/production/095fa88866fbcffc60569c0c22628c47d95d6186-1280x1280.jpg | https://cdn.sanity.io/images/huh1e45n/production/68245523701565487cdc84bfdd648fbf7768bcc3-1280x1280.jpg | https://cdn.sanity.io/images/huh1e45n/production/5cfc469531cda49736d429d17548c745b3cf509d-1280x1280.jpg | https://cdn.sanity.io/images/huh1e45n/production/4607deab99a29abb46e0921c59b37a923cacb8f8-1280x1280.jpg | https://cdn.sanity.io/images/huh1e45n/production/30253b0fff52f96c21489214c7e7c6f0afeee774-1280x1280.jpg | https://cdn.sanity.io/images/huh1e45n/production/4ca437077763d1352c687df0b3ef9e0237ad1b5e-1280x1280.jpg"
52.78,,NO — margin overstated,14.00,20.6,"Premier Housewares","2404883",NOT PERMITTED — ask supplier,,6,"Selby Natural Tropical Hevea Wood Square Plant Stand 31x31cm","<p>The Selby Natural Tropical Hevea Wood Square Plant Stand is made from tropical hevea wood, providing a minimalist and functional addition to any space. Its natural finish showcases the wood's beauty while offering support for your favourite pots.</p><ul><li>Dimensions: 31 x 31 x 76 cm</li><li>Material: Wood</li><li>Colour: Natural</li></ul><p>Free UK delivery. Sold by Kaiku.</p>",planters,FILL,1000,68.00,1,FixedPrice,GTC,Bourne End,SL8 5NF,14,"KK-PLNT-SELBY-NAT-001",5018705356402,,"Kaiku","Natural","Wood","","Modern",31,31,76,cm,,"https://cdn.sanity.io/images/huh1e45n/production/1ce094b8bd993041fe63671cbb0f87b2b848e0a2-1280x1280.jpg | https://cdn.sanity.io/images/huh1e45n/production/f57d7f1b3d4276c477f6c3e47f24800f6dd703a1-1280x1280.jpg | https://cdn.sanity.io/images/huh1e45n/production/55e10d1a39b6b5ede6a9029881323edcccd20980-1280x1280.jpg | https://cdn.sanity.io/images/huh1e45n/production/6e34e44c3eb5cb943bc7a7a158962413b0f86bd8-1280x1280.jpg | https://cdn.sanity.io/images/huh1e45n/production/14a84b76d5ff9eeb00e5c1b4b1d7a3835c86e891-1280x1280.jpg | https://cdn.sanity.io/images/huh1e45n/production/461c397e8da45a36d751cf54ee30798ebfa92acb-1280x1280.jpg"
30.97,,NO — margin overstated,8.23,20.6,"Premier Housewares","2200872",NOT PERMITTED — ask supplier,,5,"Cheston White Antique Finish Wall Clock 38x6cm","<p>The Cheston White Antique Finish Wall Clock features a durable, vintage-style frame made from 100% materials and is designed with an easy-to-read clock face.</p><ul><li>Dimensions: 38 x 6 x 38 cm</li><li>Colour: White</li></ul><p>Free UK delivery. Sold by Kaiku.</p>",wall-clocks,FILL,1000,40.00,1,FixedPrice,GTC,Bourne End,SL8 5NF,14,"KK-CLK-CHESTON-WHT-001",5018705775371,,"Kaiku","White","","","Vintage",38,6,38,cm,,"https://cdn.sanity.io/images/huh1e45n/production/08bf2b3dd6c2b15ee2bcbefccea92aa72da3f502-1280x1280.jpg | https://cdn.sanity.io/images/huh1e45n/production/0ddeece491b89b9894f8763dc029e58077774cb9-1280x1280.jpg | https://cdn.sanity.io/images/huh1e45n/production/c0db94fd1e9fe3b7c14f27e86ed0aa0c195729ff-1280x1280.jpg | https://cdn.sanity.io/images/huh1e45n/production/9cb21df2bcf403f71eb2b4ecc415fe11774739ba-1280x1280.jpg | https://cdn.sanity.io/images/huh1e45n/production/78d892f367d1001be36f0175a0e1dad21ab86ab8-1280x1280.jpg"
69.16,,NO — margin overstated,18.31,20.6,"Premier Housewares","5511872",NOT PERMITTED — ask supplier,,1,"Carta Taupe Etched Linear Design Papier Mache Domed Table Lamp 27x27cm","<p>A table lamp in iron and paper mache, 27 x 27 x 36cm. Arrives assembled.</p><ul><li>Dimensions: 27 x 27 x 36 cm</li><li>Colour: Taupe</li></ul><p>Free UK delivery. Sold by Kaiku.</p>",lighting,FILL,1000,89.00,1,FixedPrice,GTC,Bourne End,SL8 5NF,14,"KK-LT-CARTA-010",5063227021260,,"Kaiku","Taupe","","","Modern",27,27,36,cm,,"https://cdn.sanity.io/images/huh1e45n/production/fceb8cf19a167e774346dcbd5150abe5c85ad1b7-439x659.jpg"
73.85,,NO — margin overstated,19.53,20.6,"Premier Housewares","5511823",NOT PERMITTED — ask supplier,,1,"Carta Black and White Stripe Papier Mache Table Lamp 23x23cm","<p>Made from a sustainable blend of paper mache and iron, this lamp measures 23 × 23 × 34 cm. Arriving fully assembled, the lamp's black and white finish allows it to seamlessly integrate into modern decor styles. The perfect addition to accentuate your space, it brings a touched warmth while contributing to an eco-friendly lifestyle. It requires a compatible bulb to operate effectively, giving you the freedom to choose the brightness that suits your mood. Designed for indoor use, the Carta lamp showcases a silhouette and practical form. Whether placed on a bedside table or living room console, its design provides style while illuminating your surroundings beautifully.</p><ul><li>Dimensions: 23 x 23 x 34 cm</li><li>Colour: Black</li></ul><p>Free UK delivery. Sold by Kaiku.</p>",lighting,FILL,1000,95.00,1,FixedPrice,GTC,Bourne End,SL8 5NF,14,"KK-LT-CARTA-003",5063227014972,,"Kaiku","Black","","","Modern",23,23,34,cm,,"https://cdn.sanity.io/images/huh1e45n/production/79e2ccf2e3dbe20866554588d01419d56a04ae8c-417x659.jpg"
73.85,,NO — margin overstated,19.53,20.6,"Premier Housewares","5511868",NOT PERMITTED — ask supplier,,1,"Carta Brown and White Stripe Papier Mache Table Lamp 23x23cm","<p>The Carta Brown and White Stripe Papier Mache Table Lamp is a beautifully crafted lighting accessory made from sustainable materials. Measuring 23 cm in width and depth, and 34 cm in height, this table lamp is perfect for various placements including side tables, desks or bedside tables. Its intriguing look and practical size make it an ideal choice for both decor and utility. This lamp arrives fully assembled, allowing for immediate placement in your desired space. Its paper mache construction combined with iron components ensures a lightweight yet durable design, perfect for adding both style and function to your home décor.</p><ul><li>Dimensions: 23 x 23 x 34 cm</li><li>Colour: White</li></ul><p>Free UK delivery. Sold by Kaiku.</p>",lighting,FILL,1000,95.00,1,FixedPrice,GTC,Bourne End,SL8 5NF,14,"KK-LT-CARTA-006",5063227021215,,"Kaiku","White","","","Modern",23,23,34,cm,,"https://cdn.sanity.io/images/huh1e45n/production/7e6be98d378754f620096fa8edfbfd8af732f445-439x659.jpg"
61.40,,NO — margin overstated,16.21,20.5,"Aosom","B31-240",NOT PERMITTED — ask supplier,200,4,"Square Crystal Chandelier, Five-Light, Silver 78x87cm","<p>Illuminate your living space with the Modern Crystal Ceiling Light, a chandelier that combines design with practicality. Crafted from steel and crystal glass, its dimensions of 80 x 25 x 23 cm make it a perfect fit for dining rooms, living rooms, and halls. This chandelier features five E14 lamp holders, accommodating bulbs with a maximum wattage of 40W (bulbs not included). With a silver finish, it promises durability while maintaining an aesthetic. Ideal for indoor use, it is designed to enhance your home's ambiance in any setting. Assembly is required, but the straightforward design ensures that you can easily install this piece to enjoy its beauty. Mains-wired fittings should be connected by a qualified electrician.</p><ul><li>Dimensions: 78 x 87 x 100 cm</li><li>Weight: 11.5kg</li><li>Colour: Silver</li></ul><p>Free UK delivery. Sold by Kaiku.</p>",lighting,FILL,1000,79.00,5,FixedPrice,GTC,Bourne End,SL8 5NF,3,"KK-LT-CRYSTAL-002",,,"Kaiku","Silver","","","Modern",78,87,100,cm,11.5kg,"https://cdn.sanity.io/images/huh1e45n/production/5a5e402b712fc0c6cae356e6d54359d2a0a76c52-2000x2000.png | https://cdn.sanity.io/images/huh1e45n/production/0cc0b7d0c2405f3a5ddbfdab671efe96a5939e72-800x800.jpg | https://cdn.sanity.io/images/huh1e45n/production/744824ea6fc47f49db81cdd079921a793a7e5952-2000x2000.jpg | https://cdn.sanity.io/images/huh1e45n/production/49160acae7b612f69a6e117c008a9a19f955c7ea-2000x2000.jpg"
73.12,,NO — margin overstated,19.27,20.5,"Premier Housewares","2907097",NOT PERMITTED — ask supplier,,6,"Natural Plastic Fiori Mixed Succulents In Wood Wall Planter 40x5cm","<p>The Fiori Mixed Succulents in Wood Wall Planter adds a touch of natural charm to your home. Made from a combination of cement, foam, and plastic, it's a delightful choice for any decor.</p><ul><li>Dimensions: 40 x 5 x 40 cm</li><li>Material: Plastic</li><li>Colour: Natural</li></ul><p>Free UK delivery. Sold by Kaiku.</p>",planters,FILL,1000,94.00,1,FixedPrice,GTC,Bourne End,SL8 5NF,14,"KK-PLNT-FIORI-NAT-001",5018705953205,,"Kaiku","Natural","Plastic","","Natural",40,5,40,cm,,"https://cdn.sanity.io/images/huh1e45n/production/c75d35f499ba29269f71b7d45dc1585d7287824e-1280x1280.jpg | https://cdn.sanity.io/images/huh1e45n/production/a223874ec588f34670309b09a7deab6fc0c997ad-1280x1280.jpg | https://cdn.sanity.io/images/huh1e45n/production/16456f66724636b57f690f203dfd069ec04eac53-900x1200.jpg | https://cdn.sanity.io/images/huh1e45n/production/ea07d842e1a1237bf8b1ec57891a74194a0f4d9f-1280x1280.jpg | https://cdn.sanity.io/images/huh1e45n/production/cf3d753877e4cd77af689919dca920a30530e6cd-900x1200.jpg | https://cdn.sanity.io/images/huh1e45n/production/d6da90d0aa8a1a6459e93532a91970b9ca20897e-1280x1280.jpg"
52.86,,NO — margin overstated,13.92,20.5,"Premier Housewares","5506419",NOT PERMITTED — ask supplier,,6,"Resin Darnell Round Natural And Black Vase 30x30cm","<p>The Darnell Round Natural And Black Vase is designed from durable magnesia fibreglass, featuring an abstract pattern. Its dimensions of 29.5 cm make it an ideal choice for modern plant lovers.</p><ul><li>Dimensions: 29.5 x 29.5 x 30 cm</li><li>Material: Resin</li><li>Colour: Natural</li></ul><p>Free UK delivery. Sold by Kaiku.</p>",planters,FILL,1000,68.00,1,FixedPrice,GTC,Bourne End,SL8 5NF,14,"KK-PLNT-DARNELL-NAT-005",5018705977171,,"Kaiku","Natural","Resin","","Contemporary",29.5,29.5,30,cm,,"https://cdn.sanity.io/images/huh1e45n/production/1eb1801f9fda1f72fe7a0194ed9425361df6758f-1200x1200.jpg | https://cdn.sanity.io/images/huh1e45n/production/396aca859db2d65b33c005666127af6188e69706-1200x1200.jpg | https://cdn.sanity.io/images/huh1e45n/production/13e711ee6a570c7d3e882f65a9b93a795f9f6899-799x1200.jpg | https://cdn.sanity.io/images/huh1e45n/production/b97d3f52ba65ec8e18eef0f789d3f5b7c5413049-799x1200.jpg | https://cdn.sanity.io/images/huh1e45n/production/00e03ee0002045b30ae827bf2a73e22e48ab9ded-799x1200.jpg | https://cdn.sanity.io/images/huh1e45n/production/5e3a89fb28fd385b38279b121e2ce1bab0ab10b7-800x1200.jpg"
52.86,,NO — margin overstated,13.92,20.5,"Premier Housewares","5506423",NOT PERMITTED — ask supplier,,6,"Resin Darnell Round Brown Vase 30x30cm","<p>The Darnell Round Brown Vase combines a contemporary design with durable materials including magnesia and fiberglass. Perfect for indoor plants, this vase has a unique engraved detail and a vibrant brown finish.</p><ul><li>Dimensions: 29.5 x 29.5 x 30 cm</li><li>Material: Resin</li><li>Colour: Brown</li></ul><p>Free UK delivery. Sold by Kaiku.</p>",planters,FILL,1000,68.00,1,FixedPrice,GTC,Bourne End,SL8 5NF,14,"KK-PLNT-DARNELL-BRN-002",5018705977218,,"Kaiku","Brown","Resin","","Contemporary",29.5,29.5,30,cm,,"https://cdn.sanity.io/images/huh1e45n/production/ebc238cd1c25af507e1cbc8e5519efa22673a0af-1200x1200.jpg | https://cdn.sanity.io/images/huh1e45n/production/4874b48214167886806aa3a5c74fe15da8d666e1-1200x1200.jpg | https://cdn.sanity.io/images/huh1e45n/production/ed79166305a1b6dde5bb71601730c96a98a7f445-799x1200.jpg | https://cdn.sanity.io/images/huh1e45n/production/cecb87d22ede71c62fa1076b4a8061647f0e9a9f-900x1200.jpg | https://cdn.sanity.io/images/huh1e45n/production/ccc7111785dce175bd8b9e348ac2a553850da28b-899x1199.jpg | https://cdn.sanity.io/images/huh1e45n/production/4df8b118223bdbad15b23634e3f0c0dc004cfe5a-799x1200.jpg"
70.08,,NO — margin overstated,18.37,20.4,"Premier Housewares","5509128",NOT PERMITTED — ask supplier,,6,"Sabia Green And Gold Two Tiered Plant Stand 55x55cm","<p>A plant stand in iron, 55 x 55 x 25cm and 3.5kg.</p><ul><li>Dimensions: 55 x 55 x 25 cm</li><li>Colour: Gold</li></ul><p>Free UK delivery. Sold by Kaiku.</p>",planters,FILL,1000,90.00,1,FixedPrice,GTC,Bourne End,SL8 5NF,14,"KK-PLNT-SABIA-GLD-002",5018705959986,,"Kaiku","Gold","","","Modern",55,55,25,cm,,"https://cdn.sanity.io/images/huh1e45n/production/433ea19f3a6f228dbe09da6b45ed1c2dd5ae3963-1280x1280.jpg | https://cdn.sanity.io/images/huh1e45n/production/7d9d6022dea1a3656a4a9207df0dfeed2e0214a9-1280x1280.jpg | https://cdn.sanity.io/images/huh1e45n/production/ca0ab5a22b046f0b5b74a5fc36a68b0131caad29-1280x1280.jpg | https://cdn.sanity.io/images/huh1e45n/production/19d098d1fc7b6f7b6c68f4877ddd45e54f45cca4-1280x1280.jpg | https://cdn.sanity.io/images/huh1e45n/production/a3052067efe403bad7db5734dbf3f5e35d2c10be-1280x1280.jpg | https://cdn.sanity.io/images/huh1e45n/production/1f4b97d6364554e9a003fd10180b91b922c9a5c3-1280x1280.jpg"
76.36,,NO — margin overstated,19.97,20.4,"Premier Housewares","2406739",NOT PERMITTED — ask supplier,,1,"Depok Rattan Coffee Table With Cross Metal Base 60x60cm","<p>A coffee table in natural rattan, MDF and iron, 60 x 60 x 50cm. 4.5kg shipped.</p><ul><li>Natural Rattan</li><li>Black Metal Base</li><li>Contemporary Design</li><li>Easy to Maintain</li><li>Compact Dimensions</li></ul><ul><li>Dimensions: 60 x 60 x 50 cm</li><li>Material: Rattan</li></ul><p>Free UK delivery. Sold by Kaiku.</p>",garden-furniture,FILL,1000,98.00,1,FixedPrice,GTC,Bourne End,SL8 5NF,14,"KK-GARF-DEPOK-001",5018705970554,,"Kaiku","","Rattan","","Modern",60,60,50,cm,,"https://cdn.sanity.io/images/huh1e45n/production/db463fd6074c3035b7e24f2b100dde5d2fa0c169-500x500.jpg"
77.15,,NO — margin overstated,20.16,20.4,"Premier Housewares","5505782",NOT PERMITTED — ask supplier,,6,"Darnell Small Black Geometric Planter with Legs 46x46cm","<p>The Darnell Small Black Geometric Planter with Legs is a unique planting solution made from durable magnesia fibreglass and beechwood legs.</p><ul><li>Dimensions: 46 x 46 x 47 cm</li><li>Colour: Black</li></ul><p>Free UK delivery. Sold by Kaiku.</p>",planters,FILL,1000,99.00,1,FixedPrice,GTC,Bourne End,SL8 5NF,14,"KK-PLNT-DARNELL-BLK-004",5018705468136,,"Kaiku","Black","","","Modern",46,46,47,cm,,"https://cdn.sanity.io/images/huh1e45n/production/59f0abbe0c7546fcccbecf4511111bbe44541b08-1280x1280.jpg | https://cdn.sanity.io/images/huh1e45n/production/6ecc0bfa4cf76ccb0395b383fea3e9776d2c41e9-1280x1280.jpg | https://cdn.sanity.io/images/huh1e45n/production/0aa5f87e4cc724329cab522fa8a8e8a47c9237df-1280x1280.jpg | https://cdn.sanity.io/images/huh1e45n/production/82d6d434f3fb10d9ee20a8a340bf5a952b598bb1-1280x1280.jpg | https://cdn.sanity.io/images/huh1e45n/production/528a46a9ccc2cecee73d2071cb231d4b09a014bc-900x1200.jpg | https://cdn.sanity.io/images/huh1e45n/production/7bc996b13f4906292f965659ce7ec039680561ab-1200x1200.jpg"
41.24,,NO — margin overstated,10.76,20.3,"Premier Housewares","5506428",NOT PERMITTED — ask supplier,,6,"Brown Resin Darnell Small Rustic Face Planter 23x20cm","<p>The Darnell Small Rustic Face Planter is a handcrafted piece made from eco-friendly materials.</p><ul><li>Dimensions: 22.5 x 19.5 x 28 cm</li><li>Material: Resin</li><li>Colour: Brown</li></ul><p>Free UK delivery. Sold by Kaiku.</p>",planters,FILL,1000,53.00,1,FixedPrice,GTC,Bourne End,SL8 5NF,14,"KK-PLNT-DARNELL-BRN-004",5018705977263,,"Kaiku","Brown","Resin","","Rustic",22.5,19.5,28,cm,,"https://cdn.sanity.io/images/huh1e45n/production/26086bbd8d2cd2be2e28fcea3b12ae9600f2f621-1200x1200.jpg | https://cdn.sanity.io/images/huh1e45n/production/8d5ad4522cfc6c6a195c50bcd22808718756d5c0-1200x1200.jpg | https://cdn.sanity.io/images/huh1e45n/production/911a47d92f20896382dd367611de760b9133a729-1200x1200.jpg | https://cdn.sanity.io/images/huh1e45n/production/d0151b291f616c8a4f86464af640b93c9c18195e-799x1200.jpg | https://cdn.sanity.io/images/huh1e45n/production/cf4ce787969328d54c77a3730b58085de5c8e815-900x1200.jpg | https://cdn.sanity.io/images/huh1e45n/production/49ff9e97d5a5aab0c9ac5311b141946e7409695b-866x1199.jpg"
61.57,,NO — margin overstated,16.04,20.3,"Premier Housewares","5511649",NOT PERMITTED — ask supplier,,1,"Enola Large Ribbed Smoked Glass Table Lamp 29x29cm","<p>Crafted from smoked brown glass, the Enola Large Ribbed Smoked Glass Table Lamp features a contemporary design that elevates any interior. With dimensions of 29 × 29 × 25 cm, it makes an ideal addition to your bedside table or living room console. This lamp requires assembly and is perfect for those seeking functional lighting solutions. Please note that this lamp does not come with a bulb, meaning you’ll need to purchase an E27 bulb with a maximum wattage of 40W separately. With its design and versatile placement options, the Enola lamp is sure to become a favourite in your home.</p><ul><li>Dimensions: 29 x 29 x 25 cm</li><li>Material: Glass</li></ul><p>Free UK delivery. Sold by Kaiku.</p>",lighting,FILL,1000,79.00,1,FixedPrice,GTC,Bourne End,SL8 5NF,14,"KK-LT-ENOLA-001",5018705969206,,"Kaiku","","Glass","","Modern",29,29,25,cm,,"https://cdn.sanity.io/images/huh1e45n/production/ea4e3d7c6cd9401170de9e2ebe17ca914d9015cb-500x439.jpg"
69.60,8.39,yes,20.31,20.3,"Hill Interiors","23730",yes,,5,"White Ceramic Pot Table Lamp with Linen Shade 38x38cm","<p>A table lamp with a ribbed white ceramic base under a linen shade. 38 x 38 x 62cm, 3kg.</p><ul><li>Dimensions: 38 x 38 x 62 cm</li><li>Weight: 3kg</li><li>Material: Ceramic</li><li>Colour: White</li></ul><p>Free UK delivery. Sold by Kaiku.</p>",lighting,FILL,1000,100.00,1,FixedPrice,GTC,Bourne End,SL8 5NF,4,"KK-LT-WHITE-002",5050140373088,,"Kaiku","White","Ceramic","","",38,38,62,cm,3kg,"https://cdn.sanity.io/images/huh1e45n/production/17fc591bb9a8dfba0c25aae7ea568449dcbbe490-1600x1600.jpg | https://cdn.sanity.io/images/huh1e45n/production/ddca3e7c33958a72ba714076325a7d845f46fed4-1600x1600.jpg | https://cdn.sanity.io/images/huh1e45n/production/4dc15539395f7ca02208e454c587863ca909c2a4-1600x1600.jpg | https://cdn.sanity.io/images/huh1e45n/production/e2495b3b65f4774dd3bf81e263ecb19c4342b865-1600x1600.jpg | https://cdn.sanity.io/images/huh1e45n/production/76cb7bc3d0fc612f2deb69d570d88e5f3d691841-1600x1600.jpg"
63.16,,NO — margin overstated,16.43,20.3,"Premier Housewares","5505790",NOT PERMITTED — ask supplier,,6,"Natural Darnell Large Grey Speckled Planter 49x49cm","<p>A planter in beechwood and magnesia fibreglass, 49 x 49 x 70cm.</p><ul><li>Dimensions: 49 x 49 x 70 cm</li><li>Colour: Natural</li></ul><p>Free UK delivery. Sold by Kaiku.</p>",planters,FILL,1000,81.00,1,FixedPrice,GTC,Bourne End,SL8 5NF,14,"KK-PLNT-DARNELL-NAT-002",5018705468211,,"Kaiku","Natural","","","Modern",49,49,70,cm,,"https://cdn.sanity.io/images/huh1e45n/production/019aa52e69c736e232038e4b85f5c9af1cd70d39-1280x1280.jpg | https://cdn.sanity.io/images/huh1e45n/production/482803cded05b197552a507090228e3eb0419e77-1280x1280.jpg | https://cdn.sanity.io/images/huh1e45n/production/bf4c95b43bed7afcbc6d14fb86fc40faa9ae674c-1280x1280.jpg | https://cdn.sanity.io/images/huh1e45n/production/eff795a627998474c64b9de6280a69dadd32034f-1280x1280.jpg | https://cdn.sanity.io/images/huh1e45n/production/7d31fb925e5660f0ce6f278a16425a87e9728c2e-1280x1280.jpg | https://cdn.sanity.io/images/huh1e45n/production/be9fbfa42755eeceddaa02c38acf48b132dae62f-900x1200.jpg"
63.96,,NO — margin overstated,16.61,20.3,"Premier Housewares","5506575",NOT PERMITTED — ask supplier,,6,"Arlo Large Brown And Natural Wooden Planter 36x36cm","<p>The Arlo Large Brown And Natural Wooden Planter, made from Paulownia, adds a rustic charm to any space. Measuring 36 × 36 × 20 cm, it is perfect for showcasing your favourite plants.</p><ul><li>Dimensions: 36 x 36 x 20 cm</li><li>Colour: Natural</li></ul><p>Free UK delivery. Sold by Kaiku.</p>",planters,FILL,1000,82.00,1,FixedPrice,GTC,Bourne End,SL8 5NF,14,"KK-PLNT-ARLO-NAT-005",5018705986586,,"Kaiku","Natural","","","Bohemian",36,36,20,cm,,"https://cdn.sanity.io/images/huh1e45n/production/179be211fa872ff5a8a116982c575c56502b3cb9-1200x1200.jpg | https://cdn.sanity.io/images/huh1e45n/production/1ce6e5b67beede6c2d156956779af160cb334a45-1200x1200.jpg | https://cdn.sanity.io/images/huh1e45n/production/1541c8b200d24a25ab7cd14547951f923b40343e-899x1199.jpg | https://cdn.sanity.io/images/huh1e45n/production/ccc7111785dce175bd8b9e348ac2a553850da28b-899x1199.jpg | https://cdn.sanity.io/images/huh1e45n/production/73dcdee871a6e9c88f60139ad9b5af907aba2039-1200x1200.jpg | https://cdn.sanity.io/images/huh1e45n/production/f08a2396db557d242c3836ba191f8a6e10e1bb21-799x1200.jpg"
25.06,8.39,yes,8.71,20.2,"Hill Interiors","24628",yes,70,5,"Black Ceramic Etched Collection Tall Pot With Handle 27x27cm","<p>A ceramic planter in black with an etched surface pattern and an integrated handle, 27 x 27 x 24cm and 3.66kg.</p><ul><li>Dimensions: 27 x 27 x 24 cm</li><li>Weight: 3.66kg</li><li>Material: Ceramic</li><li>Colour: Black</li></ul><p>Free UK delivery. Sold by Kaiku.</p>",planters,FILL,1000,43.00,5,FixedPrice,GTC,Bourne End,SL8 5NF,14,"KK-PLNT-ETCHED-BLK-001",5050140462881,,"Kaiku","Black","Ceramic","","Modern",27,27,24,cm,3.66kg,"https://cdn.sanity.io/images/huh1e45n/production/44e04131ec427c768fe77060bd688cae1713acba-1600x1600.jpg | https://cdn.sanity.io/images/huh1e45n/production/4ff4ae92cde06bc813c59c8d37f177a0aff54fdb-1600x1600.jpg | https://cdn.sanity.io/images/huh1e45n/production/6bc08ae60ac9b04aa93a4ab7a1f2dc9a0711e58e-1600x1600.jpg | https://cdn.sanity.io/images/huh1e45n/production/b8f24ce0a9b584474d3658d3b480f1036b9af7c4-1600x1600.jpg | https://cdn.sanity.io/images/huh1e45n/production/0a0db9175e53ed90b17c6518a3e5f825274c9452-1600x1600.jpg"
24.08,,NO — margin overstated,6.26,20.2,"Premier Housewares","5506458",NOT PERMITTED — ask supplier,,6,"Natural Ceramic Jada Large Striped Planter 20x20cm","<p>A planter in ceramic and glaze, 20 x 20 x 18cm.</p><ul><li>Dimensions: 20 x 20 x 18 cm</li><li>Material: Ceramic</li><li>Colour: Natural</li></ul><p>Free UK delivery. Sold by Kaiku.</p>",planters,FILL,1000,31.00,1,FixedPrice,GTC,Bourne End,SL8 5NF,14,"KK-PLNT-JADA-NAT-001",5018705979908,,"Kaiku","Natural","Ceramic","","Modern",20,20,18,cm,,"https://cdn.sanity.io/images/huh1e45n/production/c0ef1487c018a80f6cad1d81879185aeafeb0ad8-1200x1200.jpg | https://cdn.sanity.io/images/huh1e45n/production/783f6884bdc8797a7b3fa59e50dd8e3c3bcdc517-1200x1200.jpg | https://cdn.sanity.io/images/huh1e45n/production/4cfd562de0fee73885c6af68d2833fca2c559575-799x1200.jpg | https://cdn.sanity.io/images/huh1e45n/production/c50d81d5584609b42c112d544daefd3b3acb5054-799x1200.jpg | https://cdn.sanity.io/images/huh1e45n/production/326d4fafdfb376eea997b88699987321aa4fcfdb-1280x853.jpg | https://cdn.sanity.io/images/huh1e45n/production/7a72aa91b1f8f86672bc3a9fde55cbdb0460abb1-900x1200.jpg"
49.15,,NO — margin overstated,12.71,20.2,"Premier Housewares","5506427",NOT PERMITTED — ask supplier,,6,"Resin Darnell Large Natural Face Planter 27x23cm","<p>A face-motif planter in magnesia with inorganic resin and fibreglass, in a natural finish. 26.5 x 23 x 34cm, 7.3kg empty, with a 20cm planting capacity.</p><ul><li>Dimensions: 26.5 x 23 x 34 cm</li><li>Material: Resin</li><li>Colour: Natural</li></ul><p>Free UK delivery. Sold by Kaiku.</p>",planters,FILL,1000,63.00,1,FixedPrice,GTC,Bourne End,SL8 5NF,14,"KK-PLNT-DARNELL-NAT-001",5018705977256,,"Kaiku","Natural","Resin","","Modern",26.5,23,34,cm,,"https://cdn.sanity.io/images/huh1e45n/production/293c7f07f83cfd2dcff3197163459f43f902d858-800x1200.jpg | https://cdn.sanity.io/images/huh1e45n/production/1d506b234206ced1e675ae74e377eafc96ff4f47-800x1200.jpg | https://cdn.sanity.io/images/huh1e45n/production/f5ff0b2fee67e3d1161b128f216a5f0d9d4dced1-800x1200.jpg | https://cdn.sanity.io/images/huh1e45n/production/85e35bce62bcc47d6abd14f5634d6c9d357eceb8-800x1200.jpg | https://cdn.sanity.io/images/huh1e45n/production/4472d0f7d1106b9b00a15ef09d22d8ba686c41e7-800x1200.jpg | https://cdn.sanity.io/images/huh1e45n/production/ec0576ad1b8911c9f93530ef3e5873d15ed7babb-800x1200.jpg"
72.65,,NO — margin overstated,18.75,20.2,"Premier Housewares","5503056",NOT PERMITTED — ask supplier,,3,"Glass Meissa Gold Finish Pendant Wall Mirror 65x3cm","<p>The Meissa Gold Finish Pendant Wall Mirror combines design with real glass and a luxe gold finish. Made from glass and iron, it's perfect for enhancing any modern home décor.</p><ul><li>Dimensions: 65 x 3 x 83 cm</li><li>Material: Glass</li><li>Colour: Gold</li></ul><p>Free UK delivery. Sold by Kaiku.</p>",mirrors,FILL,1000,93.00,1,FixedPrice,GTC,Bourne End,SL8 5NF,14,"KK-MIR-MEISSA-GLD-002",5018705401942,,"Kaiku","Gold","Glass","","Modern",65,3,83,cm,,"https://cdn.sanity.io/images/huh1e45n/production/0f77eb4404b51a02ca0ea4f0cc7649f738cb3d38-1280x1280.jpg | https://cdn.sanity.io/images/huh1e45n/production/f23207bf60ac8143b53f33e2b644d0f6c3650605-1280x1280.jpg | https://cdn.sanity.io/images/huh1e45n/production/d12670d3eb8048418ef49fdfc90ebe02b8ffb92e-1280x1280.jpg"
60.12,,NO — margin overstated,15.53,20.2,"Premier Housewares","2502319",NOT PERMITTED — ask supplier,,1,"Lenno Large Gold Pendant Light 40x40cm","<p>A pendant light in iron, 40 x 40 x 145cm and 1.86kg. Takes a bulb up to 40W, not included.</p><ul><li>Dimensions: 40 x 40 x 145 cm</li><li>Colour: Gold</li></ul><p>Free UK delivery. Sold by Kaiku.</p>",lighting,FILL,1000,77.00,1,FixedPrice,GTC,Bourne End,SL8 5NF,14,"KK-LT-LENNO-001",5018705478432,,"Kaiku","Gold","","","Modern",40,40,145,cm,,"https://cdn.sanity.io/images/huh1e45n/production/a8390e521a695f22afdc351af6bfe5520c61a657-500x500.jpg"
67.97,,NO — margin overstated,17.53,20.1,"Premier Housewares","2404633",NOT PERMITTED — ask supplier,,3,"MDF Urban White Floor Standing Mirror 45x5cm","<p>The Urban White Floor Standing Mirror features a natural fir wood frame and a full-length reflective surface, offering functionality and elegance for any space. Made from MDF, eucalyptus, and real glass, it’s designed for durability and style.</p><ul><li>Dimensions: 45 x 5 x 145 cm</li><li>Material: MDF</li><li>Colour: White</li></ul><p>Free UK delivery. Sold by Kaiku.</p>",mirrors,FILL,1000,87.00,1,FixedPrice,GTC,Bourne End,SL8 5NF,14,"KK-MIR-URBAN-WHT-001",5018705342511,,"Kaiku","White","MDF","","Modern",45,5,145,cm,,"https://cdn.sanity.io/images/huh1e45n/production/71b8be5f060073c4dfb4a50d72382517814d71d0-800x1200.jpg | https://cdn.sanity.io/images/huh1e45n/production/ed74b0af14c1c891833f20dcd0007305d572e8c7-933x1200.jpg | https://cdn.sanity.io/images/huh1e45n/production/af242c785872ed93a62702e6e9b121cd342455eb-1200x1200.jpg"
78.20,,NO — margin overstated,20.10,20.1,"Premier Housewares","2405640",NOT PERMITTED — ask supplier,3,8,"Maka Grey Natural Rattan Stool 40x40cm","<p>A natural rattan stool with an hourglass shape, 40 x 40cm and 45cm tall, weighing 2.72kg and rated to 150kg. Supplied fully assembled.</p><ul><li>Natural grey rattan</li><li>Openwork design</li><li>Hand woven</li><li>Rustic charm</li><li>Hourglass shape</li></ul><ul><li>Dimensions: 40 x 40 x 45 cm</li><li>Material: Rattan</li><li>Colour: Grey</li></ul><p>Free UK delivery. Sold by Kaiku.</p>",garden-furniture,FILL,1000,100.00,3,FixedPrice,GTC,Bourne End,SL8 5NF,14,"KK-GARF-MAKA-001",5018705419657,,"Kaiku","Grey","Rattan","","Natural",40,40,45,cm,,"https://cdn.sanity.io/images/huh1e45n/production/f1564b86ebdd24e0564211ccbc1f43b38a338ac0-1280x1280.jpg | https://cdn.sanity.io/images/huh1e45n/production/11e570cba66341de355037f4b1008e34fb2f541c-1280x1280.jpg | https://cdn.sanity.io/images/huh1e45n/production/96b3a1981764eb1875c563cc11511266dcdf88a9-1280x1280.jpg | https://cdn.sanity.io/images/huh1e45n/production/f41c5d5779551f418e956706f5559e2e2621158b-1280x1280.jpg | https://cdn.sanity.io/images/huh1e45n/production/fa870c61b6589a641269e9c10eacda6d96206e29-900x1200.jpg | https://cdn.sanity.io/images/huh1e45n/production/16f7a44eced10e6fb3a9b5913050cfb7486cd77e-900x1200.jpg | https://cdn.sanity.io/images/huh1e45n/production/36120ac0383b76151a70a39b38d3f5d75f37fabf-1280x1280.jpg | https://cdn.sanity.io/images/huh1e45n/production/a5925b8b81624d0943d36bd7092339b396841735-1280x1280.jpg"
62.56,,NO — margin overstated,16.04,20.0,"Premier Housewares","5506328",NOT PERMITTED — ask supplier,,6,"Herbie Green and Gold Large Glass Vase 28x28cm","<p>A vase in glass, 28 x 28 x 34cm. 10kg shipped.</p><ul><li>Dimensions: 28 x 28 x 34 cm</li><li>Material: Glass</li><li>Colour: Gold</li></ul><p>Free UK delivery. Sold by Kaiku.</p>",vases,FILL,1000,80.00,1,FixedPrice,GTC,Bourne End,SL8 5NF,14,"KK-VASE-HERBIE-GLD-001",5018705974774,,"Kaiku","Gold","Glass","","Modern",28,28,34,cm,,"https://cdn.sanity.io/images/huh1e45n/production/6b4a24dc42bcc438a149e833fab6c126cc0eb80a-1200x1200.jpg | https://cdn.sanity.io/images/huh1e45n/production/77b25fa13a4116767963fd3340c49bd377502b7d-1200x1200.jpg | https://cdn.sanity.io/images/huh1e45n/production/8ecce85f9b71369ee90ad22267db44c77731d99c-800x1200.jpg | https://cdn.sanity.io/images/huh1e45n/production/1b0453dd67a82211de80614a46060c660a2f35b0-800x1200.jpg | https://cdn.sanity.io/images/huh1e45n/production/7dfae904522baa00638e4ba231107b9c2a02200c-800x1200.jpg | https://cdn.sanity.io/images/huh1e45n/production/a5835438d1cec50f237c24de99c7ee10d33a4d5c-900x1200.jpg"
43.20,8.39,yes,13.22,20.0,"Hill Interiors","",yes,60,4,"White Axis Putty Grey Carver Dining Chair 54x51cm","<p>A carver dining chair in putty grey, moulded from weather-resistant plastic with integrated armrests. 54 x 51 x 79cm and 4.2kg, and it can be used indoors or out.</p><ul><li>Dimensions: 54 x 51 x 79 cm</li><li>Weight: 4.2kg</li><li>Colour: Grey</li></ul><p>Free UK delivery. Sold by Kaiku.</p>",garden-furniture,FILL,1000,66.00,5,FixedPrice,GTC,Bourne End,SL8 5NF,14,"KK-DC-AXIS-PGY-001",,,"Kaiku","White","","","",54,51,79,cm,4.2kg,"https://cdn.sanity.io/images/huh1e45n/production/55aef3be3787f298a0f519f8c200cea3207800d3-1600x1600.jpg | https://cdn.sanity.io/images/huh1e45n/production/ebf3f09c3359cf33e57a3b36fb99da1743a8e72f-1600x1600.jpg | https://cdn.sanity.io/images/huh1e45n/production/da914d1ef80262c0574cd5a2f02e9e583fbeeffc-1600x1600.jpg | https://cdn.sanity.io/images/huh1e45n/production/f02f4d38e353c0c29a471c815bedeca44913752f-1600x1600.jpg"
43.20,8.39,yes,13.22,20.0,"Hill Interiors","23293",yes,1,3,"Siena Brown Round Ribbed Planter 41x41cm","<p>A wide, low ceramic planter in a weathered brown finish with horizontal ribbing. 41 x 41 x 19cm, 8kg. Suitable for indoor or outdoor use.</p><ul><li>Dimensions: 41 x 41 x 19 cm</li><li>Weight: 8kg</li><li>Colour: Brown</li></ul><p>Free UK delivery. Sold by Kaiku.</p>",planters,FILL,1000,66.00,1,FixedPrice,GTC,Bourne End,SL8 5NF,4,"KK-PLNT-SIENA-001",5050140329382,,"Kaiku","Brown","","","",41,41,19,cm,8kg,"https://cdn.sanity.io/images/huh1e45n/production/c5c2ece78699faba5ec526f2a996c7eaae0d13df-1800x1800.jpg | https://cdn.sanity.io/images/huh1e45n/production/02660bf884b2cc89e915dbd679051570ecdff86b-1800x1800.jpg | https://cdn.sanity.io/images/huh1e45n/production/3a1163a7fedc26b9c814a06ac059e2142f482e58-1800x1800.jpg"
58.66,,NO — margin overstated,15.02,20.0,"Premier Housewares","5505803",NOT PERMITTED — ask supplier,,6,"Black Resin Darnell Large Face Planter 27x28cm","<p>The Darnell Large Face Planter is a black planter made from a durable blend of fiberglass, inorganic resin, and magnesia.</p><ul><li>Dimensions: 27 x 28 x 42 cm</li><li>Material: Resin</li><li>Colour: Black</li></ul><p>Free UK delivery. Sold by Kaiku.</p>",planters,FILL,1000,75.00,1,FixedPrice,GTC,Bourne End,SL8 5NF,14,"KK-PLNT-DARNELL-BLK-003",5018705468396,,"Kaiku","Black","Resin","","Boho",27,28,42,cm,,"https://cdn.sanity.io/images/huh1e45n/production/388755bfbbaf46dd6d04246c787e6e76a3297910-1280x1280.jpg | https://cdn.sanity.io/images/huh1e45n/production/19d0958175be509ba8ff628fbb80768160ae2218-1280x1280.jpg | https://cdn.sanity.io/images/huh1e45n/production/85e77587164994fdaed2c4a589f8e8afd29a17d7-1280x1280.jpg | https://cdn.sanity.io/images/huh1e45n/production/c079ff94f34b6ad2d5db3223e4fc2c0e1dad52a7-1280x1280.jpg | https://cdn.sanity.io/images/huh1e45n/production/9c4ddf8854ac6e0c86d68f1049ab98b6a4b5f3e4-1280x1280.jpg | https://cdn.sanity.io/images/huh1e45n/production/7b28cf5458ddb814091fd36e1297730921c6d824-1280x1280.jpg"
27.27,,NO — margin overstated,7.01,20.0,"Premier Housewares","0507595",NOT PERMITTED — ask supplier,316,5,"Vertex Copper Plated Basket 38x30cm","<p>The Vertex Copper Plated Basket is a contemporary storage solution made from iron with a copper finish. At 38 × 30 × 36 cm, it combines functionality and aesthetic appeal for decorative use.</p><ul><li>Portable design with dual handles</li><li>Attractive copper finish</li><li>Perfect for decorative storage</li></ul><ul><li>Dimensions: 38 x 30 x 36 cm</li><li>Colour: Copper</li></ul><p>Free UK delivery. Sold by Kaiku.</p>",bathroom-storage,FILL,1000,35.00,5,FixedPrice,GTC,Bourne End,SL8 5NF,14,"KK-BATS-VERTEX-001",5018705490489,,"Kaiku","Copper","","","Contemporary",38,30,36,cm,,"https://cdn.sanity.io/images/huh1e45n/production/e78be8bbd186a25b3e00f284344fe9d6c2227eca-1280x1280.jpg | https://cdn.sanity.io/images/huh1e45n/production/2a39531779bc369a2929aa77597233fe381beb66-1280x1280.jpg | https://cdn.sanity.io/images/huh1e45n/production/2125b2cb4b00775257fd48949798c820754f919b-1280x1280.jpg | https://cdn.sanity.io/images/huh1e45n/production/0eb657e48a2cccde451fb41bbbe961b641cb89d7-1280x1280.jpg | https://cdn.sanity.io/images/huh1e45n/production/36e320ade2b84c78532b4194af35f45135a62644-1280x1280.jpg"
11.83,8.39,yes,5.19,20.0,"Hill Interiors","19429",yes,10,4,"Round Ceramic Lattice Hurricane Lantern 17x17cm","<p>A ceramic hurricane lantern with a cut lattice pattern, 17 x 17cm at the base and 11cm tall, weighing 0.65kg.</p><ul><li>Dimensions: 17 x 17 x 11 cm</li><li>Weight: 0.65kg</li><li>Material: Ceramic</li></ul><p>Free UK delivery. Sold by Kaiku.</p>",candles-and-lanterns,FILL,1000,26.00,5,FixedPrice,GTC,Bourne End,SL8 5NF,14,"KK-CAND-ROUND-001",5050140942994,,"Kaiku","","Ceramic","","Modern",17,17,11,cm,0.65kg,"https://cdn.sanity.io/images/huh1e45n/production/184e6670dd3e68047b5a4cf9dbae863c1a11c8d0-1500x1500.jpg | https://cdn.sanity.io/images/huh1e45n/production/552a61f2c45d2c3729bfc03e45577d15c8e8598b-1800x1800.jpg | https://cdn.sanity.io/images/huh1e45n/production/2be49dc93366c54018d769e2814d245f215561a0-1800x1800.jpg | https://cdn.sanity.io/images/huh1e45n/production/1df627427771fd5d38ef9a4ab509c921305b3437-1800x1800.jpg"
63.44,,NO — margin overstated,16.15,19.9,"Aosom","84J-256V70MX",NOT PERMITTED — ask supplier,,4,"Four-Tier Rustic Pot Fountain with Planter, Rustic Brown 31x30cm","<p>Bring peace to your outdoor space with this rustic four-tier water fountain, crafted from durable resin and featuring integrated LED lights.</p><ul><li>Dimensions: 31 x 30 x 59 cm</li><li>Weight: 6.5kg</li><li>Colour: Brown</li></ul><p>Free UK delivery. Sold by Kaiku.</p>",water-features,FILL,1000,81.00,1,FixedPrice,GTC,Bourne End,SL8 5NF,4,"KK-WATR-FOUR-001",,,"Kaiku","Brown","","","Rustic",31,30,59,cm,6.5kg,"https://cdn.sanity.io/images/huh1e45n/production/8277f26708282ac5737e6e9a4cac6cd5a7b2cb89-2000x2000.jpg | https://cdn.sanity.io/images/huh1e45n/production/1b9cb5c4ea74e01ea897cb472cfae7678a357a9a-2000x2000.jpg | https://cdn.sanity.io/images/huh1e45n/production/c639f917468327e79b6c8b3355089af2ed98e898-2000x2000.jpg | https://cdn.sanity.io/images/huh1e45n/production/bc18d50a088fd03ccc87a74ed3cae3dc67a15d50-2000x2000.jpg"
9.74,8.39,yes,4.32,18.8,"Hill Interiors","21186",yes,,5,"Plastic Large Frosted Eucalyptus Candle Wreath 8x33cm","<p>A candle wreath of artificial frosted eucalyptus foliage, 33cm across and 8cm deep, weighing 0.13kg. Sits around a standard-sized candle.</p><ul><li>Dimensions: 8 x 33 x 33 cm</li><li>Weight: 0.13kg</li><li>Material: Plastic</li></ul><p>Free UK delivery. Sold by Kaiku.</p>",candles-and-lanterns,FILL,1000,23.00,1,FixedPrice,GTC,Bourne End,SL8 5NF,14,"KK-CAND-FROSTED-001",5050140118689,,"Kaiku","","Plastic","","Modern",8,33,33,cm,0.13kg,"https://cdn.sanity.io/images/huh1e45n/production/71e60ff08c887d7ecd9ae9209d9f00c357532f16-1800x1800.jpg | https://cdn.sanity.io/images/huh1e45n/production/3e3148054374e4370041ee84d1d359b1ee4ad20d-1800x1800.jpg | https://cdn.sanity.io/images/huh1e45n/production/ae7f044a35fc47fa6e469f186673759463651fa0-1800x1790.jpg | https://cdn.sanity.io/images/huh1e45n/production/7c39a9b19dce1b862f08e17ef31d2fdb83232821-1800x1739.jpg | https://cdn.sanity.io/images/huh1e45n/production/c426a80f5a29c049c838edf750333255ba5aeb51-1800x1800.jpg"
77.92,,NO — margin overstated,18.41,18.8,"Aosom","844-830V00MX",NOT PERMITTED — ask supplier,,4,"Garden Water Feature with LED Lights, Dark Grey 34x28cm","<p>This Dark Grey Garden Water Feature combines modern design with functionality. Made of durable resin, it features a four-tier waterfall and solar-powered LED lights for nighttime beauty.</p><ul><li>Dimensions: 34 x 28 x 57 cm</li><li>Weight: 7.9kg</li><li>Colour: Grey</li></ul><p>Free UK delivery. Sold by Kaiku.</p>",water-features,FILL,1000,98.00,1,FixedPrice,GTC,Bourne End,SL8 5NF,3,"KK-WATR-WATER-001",,,"Kaiku","Grey","","","Modern",34,28,57,cm,7.9kg,"https://cdn.sanity.io/images/huh1e45n/production/fcf8d0c26e10570e38a30fbf0e99222bc4a0ed2c-2000x2000.jpg | https://cdn.sanity.io/images/huh1e45n/production/03b5af6696823162768760ee1708ada23ad6da4b-800x800.jpg | https://cdn.sanity.io/images/huh1e45n/production/ccdacea30ed6b5db2b728e29a48426f797d854d5-2000x2000.jpg | https://cdn.sanity.io/images/huh1e45n/production/60e3ce5dc7e3889beba7796620e1012f3f0d3c78-2000x2000.jpg"
14.71,8.39,yes,5.26,18.2,"Hill Interiors","22330",yes,5,3,"Seville Collection Lebes Planter 17x17cm","<p>A decorative ceramic planter in the classical Greek lebes form, with a Mediterranean influence. 17 x 17 x 15cm, 1.25kg.</p><ul><li>Dimensions: 17 x 17 x 15 cm</li><li>Weight: 1.25kg</li></ul><p>Free UK delivery. Sold by Kaiku.</p>",planters,FILL,1000,29.00,5,FixedPrice,GTC,Bourne End,SL8 5NF,14,"KK-PLNT-SEVILLE-001",5050140233085,,"Kaiku","","","","",17,17,15,cm,1.25kg,"https://cdn.sanity.io/images/huh1e45n/production/71a604a7ec4e536be5a542aa2f7edce89d4f82d6-1600x1600.jpg | https://cdn.sanity.io/images/huh1e45n/production/29da2d417332617a0c094f22ac78ac4524bbae76-1600x1600.jpg | https://cdn.sanity.io/images/huh1e45n/production/7cfff05bfcd58941d4f7a0a9b45b378e9d681d28-1600x1600.jpg"
52.05,,NO — margin overstated,11.78,18.1,"Premier Housewares","5506418",NOT PERMITTED — ask supplier,,6,"Resin Darnell Natural And Black Planter 28x28cm","<p>The Darnell Natural And Black Planter, crafted from a blend of magnesia and fibreglass, offers a contemporary design that suits any decor. With dimensions of 28 × 28 × 29 cm, it is perfect for enhancing both indoor and outdoor spaces.</p><ul><li>Dimensions: 28 x 28 x 29 cm</li><li>Material: Resin</li><li>Colour: Natural</li></ul><p>Free UK delivery. Sold by Kaiku.</p>",planters,FILL,1000,65.00,1,FixedPrice,GTC,Bourne End,SL8 5NF,14,"KK-PLNT-DARNELL-NAT-004",5018705977164,,"Kaiku","Natural","Resin","","Contemporary",28,28,29,cm,,"https://cdn.sanity.io/images/huh1e45n/production/f7330eae56729d50d3773cdd950aa1564848d16c-1200x1200.jpg | https://cdn.sanity.io/images/huh1e45n/production/4f3e1b5266ad2a24755f41dd671398c05328ec47-1200x1200.jpg | https://cdn.sanity.io/images/huh1e45n/production/a87754d54541fc22cb7a1879dfea39c639aa26ec-800x1200.jpg | https://cdn.sanity.io/images/huh1e45n/production/a13c16e123ae8aa61353a84b38ce5459b7ae1c32-800x1200.jpg | https://cdn.sanity.io/images/huh1e45n/production/4cc76eb4ef2476ef6a57a244c472b081097fe6b9-800x1200.jpg | https://cdn.sanity.io/images/huh1e45n/production/310936b3384c80d4e71194e426c37213a2f05d0a-899x1199.jpg"
51.33,,NO — margin overstated,11.51,18.0,"Premier Housewares","5505069",NOT PERMITTED — ask supplier,,4,"Kensington Townhouse Tall Bottle Neck Vase 16x16cm","<p>The Kensington Townhouse Tall Bottle Neck Vase is made of aluminium, featuring a reflective grind nickel finish. Standing at 49 cm tall, it's perfect for adding charm to your home.</p><ul><li>Dimensions: 16 x 16 x 49 cm</li></ul><p>Free UK delivery. Sold by Kaiku.</p>",vases,FILL,1000,64.00,1,FixedPrice,GTC,Bourne End,SL8 5NF,14,"KK-VASE-KENSINGTON-001",5018705367255,,"Kaiku","","","","Modern",16,16,49,cm,,"https://cdn.sanity.io/images/huh1e45n/production/cd044a60642a82a1ee80a439b3b297976bffc8c9-1280x1280.jpg | https://cdn.sanity.io/images/huh1e45n/production/d874fc359439bdb9a84d474f63cf95aaeaf7bb68-1280x1280.jpg | https://cdn.sanity.io/images/huh1e45n/production/0f532e36e4996a613f95d848736f97543a7c9877-1280x1280.jpg | https://cdn.sanity.io/images/huh1e45n/production/c5ccc7dd0faeeb44c8a7af399f7079c0325839d0-1280x1280.jpg"
52.20,,NO — margin overstated,11.62,17.9,"Premier Housewares","5506323",NOT PERMITTED — ask supplier,,6,"Hania Small Glass Vase with Abstract Pattern 21x21cm","<p>The Hania Small Glass Vase with Abstract Pattern is a stunningly crafted decorative piece made from glass. Measuring 21 × 21 × 26 cm, its design enhances any indoor space without the need for additional water or food use.</p><ul><li>Dimensions: 21 x 21 x 26 cm</li><li>Material: Glass</li></ul><p>Free UK delivery. Sold by Kaiku.</p>",vases,FILL,1000,65.00,1,FixedPrice,GTC,Bourne End,SL8 5NF,14,"KK-VASE-HANIA-001",5018705974729,,"Kaiku","","Glass","","Modern",21,21,26,cm,,"https://cdn.sanity.io/images/huh1e45n/production/48f784e337519c39bac3b7fa5575c488e06bf6a0-1280x1280.jpg | https://cdn.sanity.io/images/huh1e45n/production/d5784869925b374dd523b61be973b7e387eb9c8d-1280x1280.jpg | https://cdn.sanity.io/images/huh1e45n/production/69d816e2ec55a3c5ad6929207268808ed49aab46-1280x1280.jpg | https://cdn.sanity.io/images/huh1e45n/production/abb7715f4a2ec848f9434a538a91867ce4430c13-1280x1280.jpg | https://cdn.sanity.io/images/huh1e45n/production/6fe0b6dcd6d806fe690f34cd3a444e047773898d-1280x1280.jpg | https://cdn.sanity.io/images/huh1e45n/production/f5f6148923532a418c8e1a592d5b8fa152c1c336-1280x1280.jpg"
51.40,,NO — margin overstated,11.44,17.9,"Premier Housewares","5505797",NOT PERMITTED — ask supplier,,4,"Natural Resin Darnell White And Black Small Planter 26x26cm","<p>A planter in magnesia, inorganic resin, beech wood and fiberglass, 26 x 26 x 45cm. 7.2kg shipped.</p><ul><li>Dimensions: 26 x 26 x 45 cm</li><li>Material: Resin</li><li>Colour: Natural</li></ul><p>Free UK delivery. Sold by Kaiku.</p>",planters,FILL,1000,64.00,1,FixedPrice,GTC,Bourne End,SL8 5NF,14,"KK-PLNT-DARNELL-NAT-003",5018705977140,,"Kaiku","Natural","Resin","","Modern",26,26,45,cm,,"https://cdn.sanity.io/images/huh1e45n/production/bdf3202526c9ae2a3f9749e2b50ffa23545c377c-1280x1280.jpg | https://cdn.sanity.io/images/huh1e45n/production/ca5007d5c191a648c2cf73a813cbdc3ac1955509-1280x1280.jpg | https://cdn.sanity.io/images/huh1e45n/production/3be5d7b90dd05a9df786c860e1299356b56ac8bb-1280x1280.jpg | https://cdn.sanity.io/images/huh1e45n/production/012be900348e28400232ccfee11f4ed378abe0ae-1280x1280.jpg"
32.91,,NO — margin overstated,7.28,17.7,"Premier Housewares","5506533",NOT PERMITTED — ask supplier,,6,"Glass Cayden Small Smoked Black And Silver Vase 20x20cm","<p>A vase in glass, 20 x 20 x 30cm. 6.7kg shipped.</p><ul><li>Dimensions: 20 x 20 x 30 cm</li><li>Material: Glass</li><li>Colour: Black</li></ul><p>Free UK delivery. Sold by Kaiku.</p>",vases,FILL,1000,41.00,1,FixedPrice,GTC,Bourne End,SL8 5NF,14,"KK-VASE-CAYDEN-001",5018705985329,,"Kaiku","Black","Glass","","Modern",20,20,30,cm,,"https://cdn.sanity.io/images/huh1e45n/production/00b0f7150b5d0afa372f68db2a4fcceb20e4b249-1280x1280.jpg | https://cdn.sanity.io/images/huh1e45n/production/d280faa3c8ceba6129fc5d6ac8ecfeb905f77231-1280x1280.jpg | https://cdn.sanity.io/images/huh1e45n/production/c9ad45596774e7493751bef6585636cd948f8560-1280x1280.jpg | https://cdn.sanity.io/images/huh1e45n/production/138f67a7cd104f6f8d2e348fd16700de9aabef30-1280x1280.jpg | https://cdn.sanity.io/images/huh1e45n/production/225489a09097935110f8825ab6be5c3bb81a4def-1280x1280.jpg | https://cdn.sanity.io/images/huh1e45n/production/f0b09def8b9c34a145640a3ea746916808bb4246-900x1200.jpg"
61.19,,NO — margin overstated,13.47,17.7,"Premier Housewares","5505784",NOT PERMITTED — ask supplier,,5,"Resin Darnell Small Greyt Faceted Planter 29x29cm","<p>The Darnell Small Greyt Faceted Planter combines a textured geometric design with durable materials, including beech wood and magnesia, making it suitable for indoor and outdoor use. Standing at 51 cm tall, this planter is perfect for showcasing your favourite plants.</p><ul><li>Dimensions: 29 x 29 x 51 cm</li><li>Material: Resin</li><li>Colour: Grey</li></ul><p>Free UK delivery. Sold by Kaiku.</p>",planters,FILL,1000,76.00,1,FixedPrice,GTC,Bourne End,SL8 5NF,14,"KK-PLNT-DARNELL-GRY-001",5018705988726,,"Kaiku","Grey","Resin","","Modern",29,29,51,cm,,"https://cdn.sanity.io/images/huh1e45n/production/0e302164a7c24d30775a15f405c44b5e54ee1776-1280x1280.jpg | https://cdn.sanity.io/images/huh1e45n/production/7d386bb9bb549690cf745242269c49dad268714a-1280x1280.jpg | https://cdn.sanity.io/images/huh1e45n/production/d40c20b429b346582fb1ef0af05fa509ad3ea670-1280x1280.jpg | https://cdn.sanity.io/images/huh1e45n/production/72d53d8b7badd07aaa66ec95be20d4398f1c195f-1280x1280.jpg | https://cdn.sanity.io/images/huh1e45n/production/3c8a17106bf5dc73a2727192de7cd2aede5ffd17-1280x1280.jpg"
36.96,,NO — margin overstated,8.15,17.7,"Premier Housewares","5506561",NOT PERMITTED — ask supplier,,6,"Arlo Small Engraved Natural And Black Planter 24x24cm","<p>The Arlo Small Engraved Natural And Black Planter offers a unique rustic charm, crafted from Paulownia wood. Its design is perfect for enhancing any indoor or outdoor space, allowing creativity in plant displays.</p><ul><li>Dimensions: 24 x 24 x 25 cm</li><li>Colour: Natural</li></ul><p>Free UK delivery. Sold by Kaiku.</p>",planters,FILL,1000,46.00,1,FixedPrice,GTC,Bourne End,SL8 5NF,14,"KK-PLNT-ARLO-NAT-002",5018705986418,,"Kaiku","Natural","","","Bohemian",24,24,25,cm,,"https://cdn.sanity.io/images/huh1e45n/production/a70d9b77938b9feac2cf7d1cd6a86a8740888001-1200x1200.jpg | https://cdn.sanity.io/images/huh1e45n/production/2d76d0c5221cf686da5e1994d98628656f9040bd-1200x1200.jpg | https://cdn.sanity.io/images/huh1e45n/production/ff6cedaf7b1d613b0dca0fa621fb972abe044803-900x1200.jpg | https://cdn.sanity.io/images/huh1e45n/production/c0825ac5d34413a8026ae90bedee664bdf335d10-900x1200.jpg | https://cdn.sanity.io/images/huh1e45n/production/f9eb703fb0898ea5c8e2adccf640fdf292be146f-900x1200.jpg | https://cdn.sanity.io/images/huh1e45n/production/d4af46e364ff9754039bc680aadce4fe0f47e1aa-1280x853.jpg"
57.21,,NO — margin overstated,12.52,17.6,"Premier Housewares","5506420",NOT PERMITTED — ask supplier,,6,"Resin Darnell Natural And Black Planter With Angular Legs 27x27cm","<p>The Darnell Natural and Black Planter features a contemporary design with solid beech wood legs. Made of high-quality materials like fibreglass and magnesia, this planter brings a modern touch to any space.</p><ul><li>Dimensions: 27 x 27 x 50 cm</li><li>Material: Resin</li><li>Colour: Natural</li></ul><p>Free UK delivery. Sold by Kaiku.</p>",planters,FILL,1000,71.00,1,FixedPrice,GTC,Bourne End,SL8 5NF,14,"KK-PLNT-DARNELL-NAT-006",5018705977188,,"Kaiku","Natural","Resin","","Modern",27,27,50,cm,,"https://cdn.sanity.io/images/huh1e45n/production/6a896034106c4a1d9873f67c14174c98908a9d84-1200x1200.jpg | https://cdn.sanity.io/images/huh1e45n/production/88d619754497bafb44b4aa5bbf82c18f69d07be9-1200x1200.jpg | https://cdn.sanity.io/images/huh1e45n/production/208b63b8309f3b4c4b024ed327f8ee2b818bf891-1200x1200.jpg | https://cdn.sanity.io/images/huh1e45n/production/00219a6bdc4fd9cc2c2e0fa161641bdfd6388311-1200x1200.jpg | https://cdn.sanity.io/images/huh1e45n/production/8df003cd2a53a740ddac61cc17e816e977da3809-1200x1200.jpg | https://cdn.sanity.io/images/huh1e45n/production/afbed7a9c40acd21c2ba6257f9b2cb0661ea8fc5-1200x1200.jpg"
49.94,,NO — margin overstated,10.93,17.6,"Premier Housewares","5506317",NOT PERMITTED — ask supplier,,6,"Hira Medium Blue Ribbed Glass Bottle 15x15cm","<p>Crafted from glass, the Hira Medium Blue Ribbed Glass Bottle stands 33 cm tall. Its unique ribbed design and geometric shape add an artisanal touch to your decor.</p><ul><li>Dimensions: 15 x 15 x 33 cm</li><li>Material: Glass</li><li>Colour: Blue</li></ul><p>Free UK delivery. Sold by Kaiku.</p>",vases,FILL,1000,62.00,1,FixedPrice,GTC,Bourne End,SL8 5NF,14,"KK-VASE-HIRA-BLU-001",5018705974668,,"Kaiku","Blue","Glass","","Modern",15,15,33,cm,,"https://cdn.sanity.io/images/huh1e45n/production/e2d9069518ae684e7d60e028ba3d3c4f10de1a6a-1280x1280.jpg | https://cdn.sanity.io/images/huh1e45n/production/fe05d29b296c9071df4ddd28d698943b5496ad4f-1280x1280.jpg | https://cdn.sanity.io/images/huh1e45n/production/538c988a6084ed8c623c2528e1fd06af2734b74b-1280x1280.jpg | https://cdn.sanity.io/images/huh1e45n/production/09e3fc02287f58ecb2d6eaa13859f96e37159160-899x1199.jpg | https://cdn.sanity.io/images/huh1e45n/production/e9785333050cafa5af7abce0e44c0183f642a596-1280x1280.jpg | https://cdn.sanity.io/images/huh1e45n/production/17dd919094ee9fd0e86342a99f652e7044b57764-1280x1280.jpg"
18.10,8.39,yes,5.81,17.6,"Hill Interiors","20837",yes,10,3,"Brown Mirrored glass Tristan Mirror And Wood 5X7 Frame 2x26cm","<p>A mirror in a brown wood frame, 26cm wide, 31cm tall and 2cm deep, weighing 1.05kg. The larger of the two Tristan sizes.</p><ul><li>Dimensions: 2 x 26 x 31 cm</li><li>Weight: 1.05kg</li><li>Material: Mirrored glass, Wood</li><li>Colour: Brown</li></ul><p>Free UK delivery. Sold by Kaiku.</p>",wall-art,FILL,1000,33.00,5,FixedPrice,GTC,Bourne End,SL8 5NF,14,"KK-MIR-TRISTAN-BRN-002",5050140083789,,"Kaiku","Brown","Mirrored glass","","Modern",2,26,31,cm,1.05kg,"https://cdn.sanity.io/images/huh1e45n/production/a6d81d2e0f575635193d5cc68fdc23504d45bb03-1500x1500.jpg | https://cdn.sanity.io/images/huh1e45n/production/d3c01327568a265aa55740f2593c6258341e3858-1500x1500.jpg | https://cdn.sanity.io/images/huh1e45n/production/b9de8c40da8f16d9452908d016bc08461f7a21b1-1600x1600.jpg"
42.68,,NO — margin overstated,9.33,17.6,"Premier Housewares","5506673",NOT PERMITTED — ask supplier,,6,"Tundra Black And White Earthenware Planter 20x20cm","<p>The Tundra Black And White Earthenware Planter showcases a geometric design and is made from durable earthenware. Perfect for bringing style to your indoor space, with a considerable capacity of 4086ml.</p><ul><li>Dimensions: 20 x 20 x 20 cm</li><li>Material: Earthenware</li><li>Colour: White</li></ul><p>Free UK delivery. Sold by Kaiku.</p>",planters,FILL,1000,53.00,1,FixedPrice,GTC,Bourne End,SL8 5NF,14,"KK-PLNT-TUNDRA-WHT-001",5018705990248,,"Kaiku","White","Earthenware","","Modern",20,20,20,cm,,"https://cdn.sanity.io/images/huh1e45n/production/88f3ee20b7721245cdaa32f7e49e60b9355955d2-1280x1280.jpg | https://cdn.sanity.io/images/huh1e45n/production/40433b06e28b4cb99ac1c607df3b4b4d1a6926bd-1280x1280.jpg | https://cdn.sanity.io/images/huh1e45n/production/87183caecdbff76ef7b790e03be92bee9e988ef3-900x1200.jpg | https://cdn.sanity.io/images/huh1e45n/production/2e913908e6f572ff8d4be8425d4a7b5ff9dfda65-899x1199.jpg | https://cdn.sanity.io/images/huh1e45n/production/925003154d774b72ff42ae9eb38832cac2615110-899x1199.jpg | https://cdn.sanity.io/images/huh1e45n/production/960494e205b9e32a67894b2ec25f86a820079388-1280x1280.jpg"
52.40,,NO — margin overstated,11.43,17.6,"Premier Housewares","1411647",NOT PERMITTED — ask supplier,,6,"Black Avento Set Of Three Gold Finish Planters 22x22cm","<p>A set of three iron planters in a gold finish, the tallest 34cm high on a 22 x 22cm base. Supplied assembled, in graduated heights so they group together.</p><ul><li>Dimensions: 22 x 22 x 34 cm</li><li>Colour: Black</li></ul><p>Free UK delivery. Sold by Kaiku.</p>",planters,FILL,1000,65.00,1,FixedPrice,GTC,Bourne End,SL8 5NF,14,"KK-PLNT-AVENTO-BLK-001",5018705978291,,"Kaiku","Black","","","Modern",22,22,34,cm,,"https://cdn.sanity.io/images/huh1e45n/production/2cb62fb5ca06f11b1e090563a5e99b8785f55798-1280x853.jpg | https://cdn.sanity.io/images/huh1e45n/production/b200c28a096829ebe911f9d7b005e5499a227e49-1280x853.jpg | https://cdn.sanity.io/images/huh1e45n/production/4f6233de42ad057bbd679c306a9ea38077f1206c-799x1200.jpg | https://cdn.sanity.io/images/huh1e45n/production/efdf4d366c7b51348a6de09352aa8720f0e36acc-799x1200.jpg | https://cdn.sanity.io/images/huh1e45n/production/c7d78d70e22f0237f13932481f634f01b4be455a-799x1200.jpg | https://cdn.sanity.io/images/huh1e45n/production/5e90175a0e72cf9d03695f846f2156a72f022db0-900x1200.jpg"
63.02,,NO — margin overstated,13.61,17.4,"Premier Housewares","5505800",NOT PERMITTED — ask supplier,,6,"Black Resin Darnell Large Chevron Planter 30x30cm","<p>The Darnell Large Chevron Planter features an etched chevron pattern and sturdy beech wood legs. Made from a combination of materials including fiberglass and magnesia, this planter offers both style and durability for your home or garden.</p><ul><li>Dimensions: 29.5 x 29.5 x 54 cm</li><li>Material: Resin</li><li>Colour: Black</li></ul><p>Free UK delivery. Sold by Kaiku.</p>",planters,FILL,1000,78.00,1,FixedPrice,GTC,Bourne End,SL8 5NF,14,"KK-PLNT-DARNELL-BLK-008",5018705468365,,"Kaiku","Black","Resin","","Modern",29.5,29.5,54,cm,,"https://cdn.sanity.io/images/huh1e45n/production/52ddaaae9f10bc9d58c13fec0af1104ec4edc8e2-799x1200.jpg | https://cdn.sanity.io/images/huh1e45n/production/6e907c08c5fa9a5b2bbaaee192d6d452f0913296-799x1200.jpg | https://cdn.sanity.io/images/huh1e45n/production/d1517fb1ef7efd4555c4e81ffdee368a39016ee5-799x1200.jpg | https://cdn.sanity.io/images/huh1e45n/production/928ce6b25740d6f0d5d748e4d9073eb1993cd204-799x1200.jpg | https://cdn.sanity.io/images/huh1e45n/production/0dcbee1d59636fa5357f7f9e378b8477f62d1291-1199x799.jpg | https://cdn.sanity.io/images/huh1e45n/production/1eeffb8fbb6dcf9825a8dcb4148f7e7f63861bc0-899x1199.jpg"
63.02,,NO — margin overstated,13.61,17.4,"Premier Housewares","5506421",NOT PERMITTED — ask supplier,,6,"Resin Darnell Natural And Black Tapered Planter 36x36cm","<p>A planter in magnesia, inorganic resin, fiberglass and beech wood, 35.5 x 35.5 x 44cm. 4.4kg shipped. 40 litre capacity.</p><ul><li>Dimensions: 35.5 x 35.5 x 44 cm</li><li>Material: Resin</li><li>Colour: Natural</li></ul><p>Free UK delivery. Sold by Kaiku.</p>",planters,FILL,1000,78.00,1,FixedPrice,GTC,Bourne End,SL8 5NF,14,"KK-PLNT-DARNELL-NAT-007",5018705977195,,"Kaiku","Natural","Resin","","Contemporary",35.5,35.5,44,cm,,"https://cdn.sanity.io/images/huh1e45n/production/68a34e3aad93fcc30856a5955288fa7d934e2c7b-1200x1200.jpg | https://cdn.sanity.io/images/huh1e45n/production/2a19bd6f791742f47724a000c8c9b7b11a596ebb-800x1200.jpg | https://cdn.sanity.io/images/huh1e45n/production/a1f4d6058fd29f31d6470db6ce759bac6adc0cf4-800x1200.jpg | https://cdn.sanity.io/images/huh1e45n/production/4732871e9967daa5e0127826557017716210e248-800x1200.jpg | https://cdn.sanity.io/images/huh1e45n/production/0c2e2e4c638b5d2de99395f434ce19f29498e267-800x1200.jpg | https://cdn.sanity.io/images/huh1e45n/production/3ca496892799667184179b1534502ce6cc62a377-800x1200.jpg"
63.02,,NO — margin overstated,13.61,17.4,"Premier Housewares","5506425",NOT PERMITTED — ask supplier,,6,"Resin Darnell Round Brown Planter With Angular Legs 34x34cm","<p>The Darnell Round Brown Planter features solid beech wood legs and durable magnesia fibreglass construction.</p><ul><li>Dimensions: 34 x 34 x 47 cm</li><li>Material: Resin</li><li>Colour: Brown</li></ul><p>Free UK delivery. Sold by Kaiku.</p>",planters,FILL,1000,78.00,1,FixedPrice,GTC,Bourne End,SL8 5NF,14,"KK-PLNT-DARNELL-BRN-003",5018705977232,,"Kaiku","Brown","Resin","","Contemporary",34,34,47,cm,,"https://cdn.sanity.io/images/huh1e45n/production/7b18f570b1b3b4b6301465abe6a7fcc8d238a6c5-1200x1200.jpg | https://cdn.sanity.io/images/huh1e45n/production/98c139642affaca5d11e9e0c221c80a532d55ddc-1200x1200.jpg | https://cdn.sanity.io/images/huh1e45n/production/1d1e5e0fae7ff8084c812ea976370dba2f3a0da0-1200x1200.jpg | https://cdn.sanity.io/images/huh1e45n/production/31fd285029efee20723e3c88817feee4f41ad441-1200x1200.jpg | https://cdn.sanity.io/images/huh1e45n/production/ad5cd1c0f605821a6f7d9cdaef5f1e922c34b24e-1200x1200.jpg | https://cdn.sanity.io/images/huh1e45n/production/6ac4bd22eaf9817927cb8ad48fab24bdc92b6384-1200x1200.jpg"
55.75,,NO — margin overstated,12.02,17.4,"Premier Housewares","2800676",NOT PERMITTED — ask supplier,,5,"Framed Labrador Wall Art 50x6cm","<p>A framed piece of wall art, 50 x 50cm and 6cm deep, weighing 3.5kg. Dust with a dry, soft cloth; fix it with anchors rated for the weight and suited to your wall type.</p><ul><li>Dimensions: 50 x 6 x 50 cm</li></ul><p>Free UK delivery. Sold by Kaiku.</p>",wall-art,FILL,1000,69.00,1,FixedPrice,GTC,Bourne End,SL8 5NF,14,"KK-ART-FRAMED-002",5018705759920,,"Kaiku","","","","Modern",50,6,50,cm,,"https://cdn.sanity.io/images/huh1e45n/production/8bd2a1c75677197f748dbda6450225c93c7ceb4e-1280x1280.jpg | https://cdn.sanity.io/images/huh1e45n/production/ba64c139a9f10856a3da10cec89c1cc18b6635f3-1280x1280.jpg | https://cdn.sanity.io/images/huh1e45n/production/1c93a4c757caf34689d93b574634c0154d284970-1280x1280.jpg | https://cdn.sanity.io/images/huh1e45n/production/c7399c07c9dddd47ecec4094ec46d81b70f3c445-1280x1280.jpg | https://cdn.sanity.io/images/huh1e45n/production/9bc9290a0b0bd1f2524dad11febf9dc4caeb152c-1280x1280.jpg"
41.24,,NO — margin overstated,8.79,17.2,"Premier Housewares","5506426",NOT PERMITTED — ask supplier,,6,"Resin Darnell Small Natural Face Planter 23x20cm","<p>The Darnell Small Natural Face Planter is crafted from a blend of inorganic resin, magnesia, and fiberglass, beautifully showcasing a distressed natural finish.</p><ul><li>Dimensions: 22.5 x 19.5 x 28 cm</li><li>Material: Resin</li><li>Colour: Natural</li></ul><p>Free UK delivery. Sold by Kaiku.</p>",planters,FILL,1000,51.00,1,FixedPrice,GTC,Bourne End,SL8 5NF,14,"KK-PLNT-DARNELL-NAT-009",5018705977249,,"Kaiku","Natural","Resin","","Contemporary",22.5,19.5,28,cm,,"https://cdn.sanity.io/images/huh1e45n/production/b2c7b433a43420a8421bd55b626a7ce3b013a1e9-1200x1200.jpg | https://cdn.sanity.io/images/huh1e45n/production/59cd8cf00b8a2075341f925c6bd6f4d983e39828-1200x1200.jpg | https://cdn.sanity.io/images/huh1e45n/production/c8da5c6741e862b9f74f4f3a25923cf3ca95f928-1200x1200.jpg | https://cdn.sanity.io/images/huh1e45n/production/89e18585f0fd0662950475a53a932b838a28fa2f-800x1200.jpg | https://cdn.sanity.io/images/huh1e45n/production/7377a7c863688d10a2271d0ddce65a4ecd951e59-800x1200.jpg | https://cdn.sanity.io/images/huh1e45n/production/73286bc790e5e1af6253d738fd8df89bcf0f1b5f-800x1200.jpg"
60.91,,NO — margin overstated,12.77,17.0,"Premier Housewares","5506560",NOT PERMITTED — ask supplier,,6,"Arlo Large Engraved Natural And Black Wooden Planter 33x33cm","<p>The Arlo Large Engraved Natural And Black Wooden Planter, made from Paulownia, showcases rustic charm through its skilfully engraved detailing. Perfect for both indoor and outdoor spaces, it enhances any decor while accommodating a variety of plants.</p><ul><li>Dimensions: 33 x 33 x 29 cm</li><li>Colour: Natural</li></ul><p>Free UK delivery. Sold by Kaiku.</p>",planters,FILL,1000,75.00,1,FixedPrice,GTC,Bourne End,SL8 5NF,14,"KK-PLNT-ARLO-NAT-001",5018705986401,,"Kaiku","Natural","","","Boho Inspired",33,33,29,cm,,"https://cdn.sanity.io/images/huh1e45n/production/58993be2cbdfba8cdeb56a2237909c109b328323-1200x1200.jpg | https://cdn.sanity.io/images/huh1e45n/production/84aeff37f3d273752e0603561a933319022dcd6f-1280x1280.jpg | https://cdn.sanity.io/images/huh1e45n/production/9269c8752b73c4425ef1eec8c68ce30eb5303b40-1200x1200.jpg | https://cdn.sanity.io/images/huh1e45n/production/d58c35efa7ab550c65ac6456ceeceacab31f53c3-1200x1200.jpg | https://cdn.sanity.io/images/huh1e45n/production/b64fc7e2ea096f43cc9998908f321d329c8f7175-960x1200.jpg | https://cdn.sanity.io/images/huh1e45n/production/f5714260fdce89b792aeeffe4da9df0af6df4ff8-960x1200.jpg"
63.37,,NO — margin overstated,13.26,17.0,"Premier Housewares","5505802",NOT PERMITTED — ask supplier,,2,"Resin Darnell Large Black And White Finish Planter 30x30cm","<p>A planter in magnesia, inorganic resin, fiberglass and beech wood, 29.5 x 29.5 x 55cm. 5.4kg shipped.</p><ul><li>Dimensions: 29.5 x 29.5 x 55 cm</li><li>Material: Resin</li><li>Colour: White</li></ul><p>Free UK delivery. Sold by Kaiku.</p>",planters,FILL,1000,78.00,1,FixedPrice,GTC,Bourne End,SL8 5NF,14,"KK-PLNT-DARNELL-WHT-004",5018705468389,,"Kaiku","White","Resin","","Modern",29.5,29.5,55,cm,,"https://cdn.sanity.io/images/huh1e45n/production/c22921c537b11ac6fa5ff62e1dc8d79001686f41-1280x1280.jpg | https://cdn.sanity.io/images/huh1e45n/production/1f4a564404a345125d2969df5321b630856221ed-1280x1280.jpg"
